epoch,batch,loss,diff,proof_steps,nb_proofs,query,target
0,0,22.975561141967773,0.9999999998948425,251.0,4.0,"1.0::;(;(;(;(target(X);type(X;~building));expression(~on;~sign;X));expression(~hasProperty;X;~tall));expression(~has;X;~brick)).","('building'; 'bbox2')"
0,1,5.302555084228516,0.9950211437561257,55.0,4.0,"1.0::;(;(;(target(X);type(X;~man));expression(~wearing;X;~shirt));expression(~hasAttribute;X;~shirt)).","('man'; 'bbox3')"
0,2,0.0,0.0,40.0,4.0,"1.0::;(;(;(target(X);type(X;~road));expression(~parkedOn;~car;X));expression(~parkedOn;~car;X)).","('road'; 'bbox4')"
0,3,2.06115369216775e-09,2.061153622438558e-09,6.0,0.0,"0.0::;(;(;(target(X);type(X;~road));expression(~parkedOn;~car;X));expression(~parkedOn;~car;X)).","('building'; None)"
0,4,0.0,0.0,26.0,4.0,"1.0::;(;(target(X);type(X;~chain));expression(~wears;~girl;X)).","('chain'; 'bbox3')"
0,5,13.1964693069458,0.9999981428533494,17.0,3.0,"1.0::;(;(target(X);type(X;~lamp));expression(~hasAttribute;X;~tall)).","('lamp'; 'bbox5')"
0,6,17.08819580078125,0.9999999620954925,17.0,3.0,"1.0::;(;(target(X);type(X;~box));expression(~hasProperty;X;~empty)).","('box'; 'bbox9')"
0,7,18.628320693969727,0.9999999918750048,17.0,3.0,"1.0::;(;(target(X);type(X;~desk));expression(~hasAttribute;X;~browned)).","('desk'; 'bbox2')"
0,8,6.487823611678323e-10,6.487823332501553e-10,17.0,3.0,"0.0::;(;(target(X);type(X;~desk));expression(~hasAttribute;X;~browned)).","('color'; 'bbox7')"
0,9,15.331161499023438,0.9999997803348508,17.0,3.0,"1.0::;(;(target(X);type(X;~light));expression(~hasAttribute;X;~on)).","('light'; 'bbox6')"
0,10,0.0,0.0,26.0,4.0,"1.0::;(;(target(X);type(X;~bowl));expression(~on;X;~counter)).","('bowl'; 'bbox4')"
0,11,8.710250767762773e-06,8.710212867135415e-06,27.0,4.0,"0.0::;(;(target(X);type(X;~bowl));expression(~on;X;~counter)).","('food'; 'bbox7')"
0,12,20.0,0.9999999979388464,7.0,0.0,"1.0::;(;(;(;(target(X);type(X;~desk));expression(~onTopOf;~pen;X));expression(~onTopOf;~written;~book));expression(~has;~book;~open)).","('desk'; None)"
0,13,0.0,0.0,108.0,4.0,"1.0::;(;(;(;(target(X);type(X;~front));expression(~in;~cd;X));expression(~in;~cd;~desk));expression(~on;~cup;~desk)).","('front'; 'bbox10')"
0,14,6.942861546122003e-06,6.9428376217932e-06,158.0,4.0,"0.0::;(;(;(;(target(X);type(X;~front));expression(~in;~cd;X));expression(~in;~cd;~desk));expression(~on;~cup;~desk)).","('book'; 'bbox11')"
0,15,0.0,0.0,54.0,4.0,"1.0::;(;(;(;(target(X);type(X;~computer));expression(~on;X;~desk));expression(~on;~keyboard;~desk));expression(~under;~tower;~desk)).","('computer'; 'bbox3')"
0,16,5.073789596557617,0.9937413426428183,20.0,4.0,"1.0::;(;(target(X);type(X;~desk));expression(~on;~calculator;X)).","('desk'; 'bbox2')"
0,17,0.0,0.0,32.0,4.0,"1.0::;(;(target(X);type(X;~desk));expression(~on;~cup;X)).","('desk'; 'bbox5')"
0,18,9.260311126708984,0.9999048742756134,32.0,4.0,"1.0::;(;(target(X);type(X;~coat));expression(~hasAttribute;X;~hanging)).","('coat'; 'bbox2')"
0,19,5.760758399963379,0.9968512772984922,32.0,4.0,"1.0::;(;(target(X);type(X;~cup));expression(~along;X;~desk)).","('cup'; 'bbox4')"
0,20,4.284482102434595e-08,4.284482042736366e-08,32.0,4.0,"0.0::;(;(target(X);type(X;~cup));expression(~along;X;~desk)).","('cable'; 'bbox6')"
0,21,3.043059825897217,0.9523112532397833,30.0,4.0,"1.0::;(;(target(X);type(X;~bowl));expression(~along;X;~table)).","('bowl'; 'bbox4')"
0,22,1.740377956593875e-05,1.7403629403108245e-05,30.0,4.0,"0.0::;(;(target(X);type(X;~bowl));expression(~along;X;~table)).","('bag'; 'bbox9')"
0,23,8.762412071228027,0.9998434933522465,356.0,4.0,"1.0::;(;(;(;(;(target(X);type(X;~plant));expression(~along;X;~desk));expression(~under;~box;~desk));expression(~along;~computer;~desk));expression(~past;~chair;~desk)).","('plant'; 'bbox8')"
0,24,25.901460647583008,0.9999999999943618,236.0,4.0,"1.0::;(;(;(;(;(target(X);type(X;~cup));expression(~along;X;~desk));expression(~hasAttribute;~desk;~table));expression(~on;~pen;~desk));expression(~hasAttribute;~desk;~white)).","('cup'; 'bbox4')"
0,25,16.867591857910156,0.9999999527395412,110.0,4.0,"1.0::;(;(;(;(target(X);type(X;~desk));expression(~along;~telephone;X));expression(~on;~written;X));expression(~hasAttribute;X;~white)).","('desk'; 'bbox2')"
0,26,6.075658321380615,0.9977018672219181,32.0,4.0,"1.0::;(;(target(X);type(X;~baby));expression(~on;X;~video)).","('baby'; 'bbox3')"
0,27,19.8664608001709,0.9999999976443774,499.0,4.0,"1.0::;(;(;(;(target(X);type(X;~lamp));expression(~along;X;~desk));expression(~hasAttribute;X;~green));expression(~contains;X;~shaded)).","('lamp'; 'bbox1')"
0,28,3.8881211280822754,0.9795162036652634,66.0,4.0,"1.0::;(;(;(;(target(X);type(X;~computer));expression(~in;X;~video));expression(~along;~picture;~desk));expression(~on;~book;~desk)).","('computer'; 'bbox5')"
0,29,17.086660385131836,0.9999999620372486,29.0,4.0,"1.0::;(;(;(target(X);type(X;~room));expression(~in;~computer;X));expression(~hasAttribute;X;~indoors)).","('room'; 'bbox2')"
0,30,14.71810245513916,0.9999995944827625,14.0,2.0,"1.0::;(;(target(X);type(X;~box));expression(~hasAttribute;X;~brown)).","('box'; 'bbox6')"
0,31,0.0,0.0,14.0,2.0,"1.0::;(;(target(X);type(X;~desk));expression(~onTopOf;~pad;X)).","('desk'; 'bbox4')"
0,32,7.682231903076172,0.9995390550346327,75.0,4.0,"1.0::;(;(;(;(target(X);type(X;~people));expression(~along;X;~pavement));expression(~on;~sign;~sidewalk));expression(~on;~man;~pavement)).","('people'; 'bbox3')"
0,33,0.0,0.0,24.0,4.0,"1.0::;(;(target(X);type(X;~jeans));expression(~has;~man;X)).","('jeans'; 'bbox2')"
0,34,0.0,0.0,11.0,1.0,"1.0::;(;(target(X);type(X;~chair));expression(~in;X;~picture)).","('chair'; 'bbox1')"
0,35,3.3559053917997517e-06,3.3558995960169857e-06,11.0,1.0,"0.0::;(;(target(X);type(X;~chair));expression(~in;X;~picture)).","('tile'; 'bbox5')"
0,36,13.737577438354492,0.9999989189496448,11.0,1.0,"1.0::;(;(target(X);type(X;~poster));expression(~hasAttribute;X;~hung)).","('poster'; 'bbox6')"
0,37,8.738672256469727,0.9998397334604341,119.0,4.0,"1.0::;(;(;(;(target(X);type(X;~table));expression(~nextTo;~can;X));expression(~on;~can;X));expression(~hasAttribute;~can;~open)).","('table'; 'bbox4')"
0,38,12.084639549255371,0.9999943544308926,20.0,4.0,"1.0::;(;(target(X);type(X;~keyboard));expression(~hasAttribute;X;~computer)).","('keyboard'; 'bbox7')"
0,39,12.524696350097656,0.9999963642543964,20.0,4.0,"1.0::;(;(target(X);type(X;~hair));expression(~hasAttribute;X;~shorter)).","('hair'; 'bbox2')"
0,40,3.2246804039459676e-05,3.224628314032807e-05,20.0,4.0,"0.0::;(;(target(X);type(X;~hair));expression(~hasAttribute;X;~shorter)).","('bag'; 'bbox5')"
0,41,2.2102439403533936,0.8903261086357478,14.0,2.0,"1.0::;(;(target(X);type(X;~keyboard));expression(~hasAttribute;X;~cable)).","('keyboard'; 'bbox1')"
0,42,0.0,0.0,26.0,4.0,"1.0::;(;(target(X);type(X;~bookshelf));expression(~onTopOf;~book;X)).","('bookshelf'; 'bbox4')"
0,43,5.396240711212158,0.9954664079705301,163.0,4.0,"1.0::;(;(;(;(target(X);type(X;~table));expression(~onTopOf;~can;X));expression(~onTopOf;~can;~desk));expression(~onTopOf;~phone;~desk)).","('table'; 'bbox8')"
0,44,6.407301425933838,0.9983505302822957,65.0,4.0,"1.0::;(;(;(;(target(X);type(X;~shirt));expression(~hasOn;~woman;X));expression(~has;~woman;~hair));expression(~hasOn;~woman;~watch)).","('shirt'; 'bbox12')"
0,45,20.0,0.9999999979388464,5.0,0.0,"1.0::;(;(target(X);type(X;~building));expression(~hasAttribute;X;~taller)).","('building'; None)"
0,46,20.0,0.9999999979388464,6.0,0.0,"1.0::;(;(;(target(X);type(X;~girl));expression(~nextTo;X;~car));expression(~beside;X;~car)).","('girl'; None)"
0,47,19.992717742919922,0.9999999979237817,91.0,4.0,"1.0::;(;(;(;(;(target(X);type(X;~car));expression(~beside;~girl;X));expression(~besideOf;~girl;X));expression(~beside;~girl;X));expression(~hasAttribute;~girl;~brunette)).","('car'; 'bbox2')"
0,48,2.06115369216775e-09,2.061153622438558e-09,8.0,0.0,"0.0::;(;(;(;(;(target(X);type(X;~car));expression(~beside;~girl;X));expression(~besideOf;~girl;X));expression(~beside;~girl;X));expression(~hasAttribute;~girl;~brunette)).","('girl'; None)"
0,49,14.756135940551758,0.9999996096163801,11.0,1.0,"1.0::;(;(target(X);type(X;~man));expression(~hasAttribute;X;~sitting)).","('man'; 'bbox3')"
0,50,9.542890548706055,0.9999282907313405,11.0,1.0,"1.0::;(;(target(X);type(X;~bicycle));expression(~hasProperty;X;~park)).","('bicycle'; 'bbox1')"
0,51,5.980658531188965,0.9974728384705464,26.0,4.0,"1.0::;(;(target(X);type(X;~sidewalk));expression(~alongsideOf;~car;X)).","('sidewalk'; 'bbox9')"
0,52,2.06115369216775e-09,2.061153622438558e-09,5.0,0.0,"0.0::;(;(target(X);type(X;~sidewalk));expression(~alongsideOf;~car;X)).","('car'; None)"
0,53,20.0,0.9999999979388464,6.0,0.0,"1.0::;(;(;(target(X);type(X;~building));expression(~on;~sign;X));expression(~hasAttribute;X;~taller)).","('building'; None)"
0,54,1.6038663375184115e-07,1.6038662661587756e-07,55.0,4.0,"0.0::;(;(;(target(X);type(X;~building));expression(~on;~sign;X));expression(~hasAttribute;X;~taller)).","('man'; 'bbox1')"
0,55,20.0,0.9999999979388464,5.0,0.0,"1.0::;(;(target(X);type(X;~chair));expression(~has;X;~wood)).","('chair'; None)"
0,56,11.315896987915039,0.9999878222128104,17.0,3.0,"1.0::;(;(target(X);type(X;~carpet));expression(~hasAttribute;X;~brown)).","('carpet'; 'bbox6')"
0,57,5.694492816925049,0.9966355568649161,17.0,3.0,"1.0::;(;(target(X);type(X;~door));expression(~in;X;~painting)).","('door'; 'bbox3')"
0,58,0.0,0.0,22.0,4.0,"1.0::;(;(target(X);type(X;~vase));expression(~on;X;~table)).","('vase'; 'bbox5')"
0,59,2.2910053730010986,0.8988352975511308,22.0,4.0,"1.0::;(;(target(X);type(X;~book));expression(~along;X;~table)).","('book'; 'bbox6')"
0,60,2.0135271549224854,0.866483091659051,22.0,4.0,"1.0::;(;(target(X);type(X;~picture));expression(~hasAttribute;X;~frame)).","('picture'; 'bbox1')"
0,61,0.0,0.0,31.0,4.0,"1.0::;(;(;(target(X);type(X;~woman));expression(~facing;X;~ocean));expression(~facing;X;~ocean)).","('woman'; 'bbox1')"
0,62,6.732448577880859,0.9988083883708277,32.0,4.0,"1.0::;(;(;(target(X);type(X;~ocean));expression(~facing;~woman;X));expression(~wearing;~woman;~skirt)).","('ocean'; 'bbox2')"
0,63,6.979654788970947,0.9990693755904302,40.0,4.0,"1.0::;(;(;(target(X);type(X;~sign));expression(~onTopOf;X;~stand));expression(~along;~television;~stand)).","('sign'; 'bbox1')"
0,64,20.0,0.9999999979388464,8.0,0.0,"1.0::;(;(target(X);type(X;~picture));expression(~has;X;~indoors)).","('picture'; 'bbox3')"
0,65,20.0,0.9999999979388464,8.0,0.0,"1.0::;(;(target(X);type(X;~switch));expression(~hasAttribute;X;~snowy)).","('switch'; 'bbox1')"
0,66,1.0150973796844482,0.6376328590835304,17.0,3.0,"1.0::;(;(target(X);type(X;~shelf));expression(~hasAttribute;X;~plate)).","('shelf'; 'bbox3')"
0,67,0.0022780655417591333,0.0022754726853858424,17.0,3.0,"0.0::;(;(target(X);type(X;~shelf));expression(~hasAttribute;X;~plate)).","('switch'; 'bbox1')"
0,68,20.0,0.9999999979388464,5.0,0.0,"1.0::;(;(target(X);type(X;~table));expression(~hasAttribute;X;~forest)).","('table'; None)"
0,69,3.6971285343170166,0.9752053787475751,24.0,4.0,"1.0::;(;(target(X);type(X;~wheel));expression(~contains;~table;X)).","('wheel'; 'bbox2')"
0,70,10.397799491882324,0.999969500476331,24.0,4.0,"1.0::;(;(target(X);type(X;~painting));expression(~hasAttribute;X;~white)).","('painting'; 'bbox10')"
0,71,9.309064865112305,0.9999094007719266,244.0,4.0,"1.0::;(;(;(;(target(X);type(X;~desk));expression(~on;~telephone;X));expression(~has;~telephone;~telephone));expression(~on;~phone;~table)).","('desk'; 'bbox7')"
0,72,3.1644396781921387,0.95776219805361,22.0,4.0,"1.0::;(;(target(X);type(X;~computer));expression(~hasAttribute;X;~white)).","('computer'; 'bbox4')"
0,73,20.0,0.9999999979388464,5.0,0.0,"1.0::;(;(target(X);type(X;~lamp));expression(~on;X;~desk)).","('lamp'; None)"
0,74,15.538928031921387,0.9999998215447615,270.0,4.0,"1.0::;(;(;(;(;(target(X);type(X;~stand));expression(~along;~lamp;X));expression(~hasProperty;~lamp;~snowy));expression(~on;~lamp;~desk));expression(~hasAttribute;~lamp;~hit)).","('stand'; 'bbox2')"
0,75,5.76702880859375,0.9968709593048949,16.0,1.0,"1.0::;(;(;(target(X);type(X;~table));expression(~on;~bowl;X));expression(~hasAttribute;~bowl;~white)).","('table'; 'bbox2')"
0,76,9.672307014465332,0.9999369956643731,22.0,4.0,"1.0::;(;(target(X);type(X;~door));expression(~hasAttribute;X;~open)).","('door'; 'bbox12')"
0,77,5.266709804534912,0.9948394380714436,79.0,4.0,"1.0::;(;(;(;(target(X);type(X;~box));expression(~on;X;~table));expression(~on;~home;~table));expression(~on;~fruit;~table)).","('box'; 'bbox5')"
0,78,11.377023696899414,0.9999885443064342,20.0,4.0,"1.0::;(;(target(X);type(X;~pot));expression(~has;X;~browned)).","('pot'; 'bbox4')"
0,79,4.156053634574164e-08,4.1560537784909836e-08,20.0,4.0,"0.0::;(;(target(X);type(X;~pot));expression(~has;X;~browned)).","('basket'; 'bbox6')"
0,80,20.0,0.9999999979388464,5.0,0.0,"1.0::;(;(target(X);type(X;~chair));expression(~hasProperty;X;~empty)).","('chair'; None)"
0,81,1.1175400018692017,0.672916569626121,43.0,4.0,"1.0::;(;(;(target(X);type(X;~vase));expression(~on;X;~table));expression(~along;X;~table)).","('vase'; 'bbox6')"
0,82,0.0,0.0,26.0,4.0,"1.0::;(;(target(X);type(X;~person));expression(~on;X;~picture)).","('person'; 'bbox5')"
0,83,13.40002727508545,0.999998484897213,11.0,1.0,"1.0::;(;(target(X);type(X;~box));expression(~hasAttribute;X;~shut)).","('box'; 'bbox4')"
0,84,0.0,0.0,11.0,1.0,"1.0::;(;(target(X);type(X;~stand));expression(~on;~bowl;X)).","('stand'; 'bbox2')"
0,85,6.9195122718811035,0.9990116881495191,11.0,1.0,"1.0::;(;(target(X);type(X;~bowl));expression(~hasAttribute;X;~empty)).","('bowl'; 'bbox1')"
0,86,1.5176951251305582e-07,1.5176949629619145e-07,11.0,1.0,"0.0::;(;(target(X);type(X;~bowl));expression(~hasAttribute;X;~empty)).","('stand'; 'bbox2')"
0,87,10.266928672790527,0.999965236016805,24.0,4.0,"1.0::;(;(target(X);type(X;~couch));expression(~hasAttribute;X;~tall)).","('couch'; 'bbox9')"
0,88,0.0,0.0,24.0,4.0,"1.0::;(;(target(X);type(X;~lamp));expression(~onTopOf;X;~table)).","('lamp'; 'bbox4')"
0,89,20.0,0.9999999979388464,5.0,0.0,"1.0::;(;(target(X);type(X;~plate));expression(~on;X;~counter)).","('plate'; None)"
0,90,6.214699745178223,0.9980001832851132,133.0,4.0,"1.0::;(;(;(;(target(X);type(X;~table));expression(~on;~home;X));expression(~on;~home;~counter));expression(~on;~television;~counter)).","('table'; 'bbox2')"
0,91,0.0,0.0,28.0,4.0,"1.0::;(;(target(X);type(X;~stand));expression(~has;~board;X)).","('stand'; 'bbox3')"
0,92,20.0,0.9999999979388464,5.0,0.0,"1.0::;(;(target(X);type(X;~table));expression(~along;~book;X)).","('table'; None)"
0,93,2.06115369216775e-09,2.061153622438558e-09,5.0,0.0,"0.0::;(;(target(X);type(X;~table));expression(~along;~book;X)).","('chair'; None)"
1,0,14.028826713562012,0.9999991920993255,173.0,4.0,"1.0::;(;(;(;(target(X);type(X;~building));expression(~on;~sign;X));expression(~hasProperty;X;~tall));expression(~has;X;~brick)).","('building'; 'bbox2')"
1,1,0.8277697563171387,0.562977132253867,55.0,4.0,"1.0::;(;(;(target(X);type(X;~man));expression(~wearing;X;~shirt));expression(~hasAttribute;X;~shirt)).","('man'; 'bbox3')"
1,2,0.0,0.0,42.0,4.0,"1.0::;(;(;(target(X);type(X;~road));expression(~parkedOn;~car;X));expression(~parkedOn;~car;X)).","('road'; 'bbox4')"
1,3,2.06115369216775e-09,2.061153622438558e-09,6.0,0.0,"0.0::;(;(;(target(X);type(X;~road));expression(~parkedOn;~car;X));expression(~parkedOn;~car;X)).","('building'; None)"
1,4,0.0,0.0,26.0,4.0,"1.0::;(;(target(X);type(X;~chain));expression(~wears;~girl;X)).","('chain'; 'bbox3')"
1,5,5.838649272918701,0.9970872256669435,17.0,3.0,"1.0::;(;(target(X);type(X;~lamp));expression(~hasAttribute;X;~tall)).","('lamp'; 'bbox5')"
1,6,9.683584213256836,0.9999377021855134,17.0,3.0,"1.0::;(;(target(X);type(X;~box));expression(~hasProperty;X;~empty)).","('box'; 'bbox9')"
1,7,10.907626152038574,0.9999816819959161,17.0,3.0,"1.0::;(;(target(X);type(X;~desk));expression(~hasAttribute;X;~browned)).","('desk'; 'bbox2')"
1,8,3.8324625251107136e-08,3.832462361801366e-08,17.0,3.0,"0.0::;(;(target(X);type(X;~desk));expression(~hasAttribute;X;~browned)).","('color'; 'bbox7')"
1,9,10.489441871643066,0.9999721712770676,17.0,3.0,"1.0::;(;(target(X);type(X;~light));expression(~hasAttribute;X;~on)).","('light'; 'bbox6')"
1,10,0.0,0.0,26.0,4.0,"1.0::;(;(target(X);type(X;~bowl));expression(~on;X;~counter)).","('bowl'; 'bbox4')"
1,11,1.2642769888771e-06,1.264276143070085e-06,26.0,4.0,"0.0::;(;(target(X);type(X;~bowl));expression(~on;X;~counter)).","('food'; 'bbox7')"
1,12,20.0,0.9999999979388464,7.0,0.0,"1.0::;(;(;(;(target(X);type(X;~desk));expression(~onTopOf;~pen;X));expression(~onTopOf;~written;~book));expression(~has;~book;~open)).","('desk'; None)"
1,13,0.0,0.0,116.0,4.0,"1.0::;(;(;(;(target(X);type(X;~front));expression(~in;~cd;X));expression(~in;~cd;~desk));expression(~on;~cup;~desk)).","('front'; 'bbox10')"
1,14,1.5982997183527914e-06,1.598298441568553e-06,145.0,4.0,"0.0::;(;(;(;(target(X);type(X;~front));expression(~in;~cd;X));expression(~in;~cd;~desk));expression(~on;~cup;~desk)).","('book'; 'bbox11')"
1,15,0.0,0.0,54.0,4.0,"1.0::;(;(;(;(target(X);type(X;~computer));expression(~on;X;~desk));expression(~on;~keyboard;~desk));expression(~under;~tower;~desk)).","('computer'; 'bbox3')"
1,16,3.7410027980804443,0.9762697054980987,20.0,4.0,"1.0::;(;(target(X);type(X;~desk));expression(~on;~calculator;X)).","('desk'; 'bbox2')"
1,17,0.0,0.0,29.0,4.0,"1.0::;(;(target(X);type(X;~desk));expression(~on;~cup;X)).","('desk'; 'bbox5')"
1,18,5.382450580596924,0.9954034560845372,29.0,4.0,"1.0::;(;(target(X);type(X;~coat));expression(~hasAttribute;X;~hanging)).","('coat'; 'bbox2')"
1,19,1.1819764375686646,0.6933279788747835,29.0,4.0,"1.0::;(;(target(X);type(X;~cup));expression(~along;X;~desk)).","('cup'; 'bbox4')"
1,20,3.924378404462914e-07,3.9243776579153697e-07,29.0,4.0,"0.0::;(;(target(X);type(X;~cup));expression(~along;X;~desk)).","('cable'; 'bbox6')"
1,21,1.922689437866211,0.8537867984504037,30.0,4.0,"1.0::;(;(target(X);type(X;~bowl));expression(~along;X;~table)).","('bowl'; 'bbox4')"
1,22,7.97882312326692e-05,7.978505173274547e-05,29.0,4.0,"0.0::;(;(target(X);type(X;~bowl));expression(~along;X;~table)).","('bag'; 'bbox9')"
1,23,4.663455009460449,0.9905661878794503,211.0,4.0,"1.0::;(;(;(;(;(target(X);type(X;~plant));expression(~along;X;~desk));expression(~under;~box;~desk));expression(~along;~computer;~desk));expression(~past;~chair;~desk)).","('plant'; 'bbox8')"
1,24,11.758111000061035,0.9999921744066744,173.0,4.0,"1.0::;(;(;(;(;(target(X);type(X;~cup));expression(~along;X;~desk));expression(~hasAttribute;~desk;~table));expression(~on;~pen;~desk));expression(~hasAttribute;~desk;~white)).","('cup'; 'bbox4')"
1,25,8.125818252563477,0.999704197410223,77.0,4.0,"1.0::;(;(;(;(target(X);type(X;~desk));expression(~along;~telephone;X));expression(~on;~written;X));expression(~hasAttribute;X;~white)).","('desk'; 'bbox2')"
1,26,4.209158420562744,0.9851411320046124,32.0,4.0,"1.0::;(;(target(X);type(X;~baby));expression(~on;X;~video)).","('baby'; 'bbox3')"
1,27,11.90615463256836,0.9999932512592941,323.0,4.0,"1.0::;(;(;(;(target(X);type(X;~lamp));expression(~along;X;~desk));expression(~hasAttribute;X;~green));expression(~contains;X;~shaded)).","('lamp'; 'bbox1')"
1,28,2.908234119415283,0.9454279875103109,58.0,4.0,"1.0::;(;(;(;(target(X);type(X;~computer));expression(~in;X;~video));expression(~along;~picture;~desk));expression(~on;~book;~desk)).","('computer'; 'bbox5')"
1,29,10.48193073272705,0.9999719614646853,29.0,4.0,"1.0::;(;(;(target(X);type(X;~room));expression(~in;~computer;X));expression(~hasAttribute;X;~indoors)).","('room'; 'bbox2')"
1,30,8.052166938781738,0.9996815888031996,14.0,2.0,"1.0::;(;(target(X);type(X;~box));expression(~hasAttribute;X;~brown)).","('box'; 'bbox6')"
1,31,0.0,0.0,14.0,2.0,"1.0::;(;(target(X);type(X;~desk));expression(~onTopOf;~pad;X)).","('desk'; 'bbox4')"
1,32,4.155535697937012,0.9843226094660357,62.0,4.0,"1.0::;(;(;(;(target(X);type(X;~people));expression(~along;X;~pavement));expression(~on;~sign;~sidewalk));expression(~on;~man;~pavement)).","('people'; 'bbox3')"
1,33,0.0,0.0,24.0,4.0,"1.0::;(;(target(X);type(X;~jeans));expression(~has;~man;X)).","('jeans'; 'bbox2')"
1,34,0.0,0.0,11.0,1.0,"1.0::;(;(target(X);type(X;~chair));expression(~in;X;~picture)).","('chair'; 'bbox1')"
1,35,5.261435731540587e-08,5.261435769683953e-08,11.0,1.0,"0.0::;(;(target(X);type(X;~chair));expression(~in;X;~picture)).","('tile'; 'bbox5')"
1,36,10.267586708068848,0.9999652588852074,11.0,1.0,"1.0::;(;(target(X);type(X;~poster));expression(~hasAttribute;X;~hung)).","('poster'; 'bbox6')"
1,37,3.596503257751465,0.972580566296766,68.0,4.0,"1.0::;(;(;(;(target(X);type(X;~table));expression(~nextTo;~can;X));expression(~on;~can;X));expression(~hasAttribute;~can;~open)).","('table'; 'bbox4')"
1,38,6.921925067901611,0.9990140698699608,20.0,4.0,"1.0::;(;(target(X);type(X;~keyboard));expression(~hasAttribute;X;~computer)).","('keyboard'; 'bbox7')"
1,39,9.531521797180176,0.9999274708347133,20.0,4.0,"1.0::;(;(target(X);type(X;~hair));expression(~hasAttribute;X;~shorter)).","('hair'; 'bbox2')"
1,40,0.00026224818429909647,0.00026221381784354665,20.0,4.0,"0.0::;(;(target(X);type(X;~hair));expression(~hasAttribute;X;~shorter)).","('bag'; 'bbox5')"
1,41,1.9779900312423706,0.8616529687506773,14.0,2.0,"1.0::;(;(target(X);type(X;~keyboard));expression(~hasAttribute;X;~cable)).","('keyboard'; 'bbox1')"
1,42,0.0,0.0,26.0,4.0,"1.0::;(;(target(X);type(X;~bookshelf));expression(~onTopOf;~book;X)).","('bookshelf'; 'bbox4')"
1,43,2.7770209312438965,0.9377764000788203,124.0,4.0,"1.0::;(;(;(;(target(X);type(X;~table));expression(~onTopOf;~can;X));expression(~onTopOf;~can;~desk));expression(~onTopOf;~phone;~desk)).","('table'; 'bbox8')"
1,44,3.6396820545196533,0.9737393078931431,72.0,4.0,"1.0::;(;(;(;(target(X);type(X;~shirt));expression(~hasOn;~woman;X));expression(~has;~woman;~hair));expression(~hasOn;~woman;~watch)).","('shirt'; 'bbox12')"
1,45,20.0,0.9999999979388464,5.0,0.0,"1.0::;(;(target(X);type(X;~building));expression(~hasAttribute;X;~taller)).","('building'; None)"
1,46,20.0,0.9999999979388464,6.0,0.0,"1.0::;(;(;(target(X);type(X;~girl));expression(~nextTo;X;~car));expression(~beside;X;~car)).","('girl'; None)"
1,47,12.121103286743164,0.999994556581462,91.0,4.0,"1.0::;(;(;(;(;(target(X);type(X;~car));expression(~beside;~girl;X));expression(~besideOf;~girl;X));expression(~beside;~girl;X));expression(~hasAttribute;~girl;~brunette)).","('car'; 'bbox2')"
1,48,2.06115369216775e-09,2.061153622438558e-09,8.0,0.0,"0.0::;(;(;(;(;(target(X);type(X;~car));expression(~beside;~girl;X));expression(~besideOf;~girl;X));expression(~beside;~girl;X));expression(~hasAttribute;~girl;~brunette)).","('girl'; None)"
1,49,8.37548542022705,0.9997695520236715,11.0,1.0,"1.0::;(;(target(X);type(X;~man));expression(~hasAttribute;X;~sitting)).","('man'; 'bbox3')"
1,50,4.526458263397217,0.9891810739164594,11.0,1.0,"1.0::;(;(target(X);type(X;~bicycle));expression(~hasProperty;X;~park)).","('bicycle'; 'bbox1')"
1,51,3.4067788124084473,0.9668521961166815,26.0,4.0,"1.0::;(;(target(X);type(X;~sidewalk));expression(~alongsideOf;~car;X)).","('sidewalk'; 'bbox9')"
1,52,2.06115369216775e-09,2.061153622438558e-09,5.0,0.0,"0.0::;(;(target(X);type(X;~sidewalk));expression(~alongsideOf;~car;X)).","('car'; None)"
1,53,20.0,0.9999999979388464,6.0,0.0,"1.0::;(;(;(target(X);type(X;~building));expression(~on;~sign;X));expression(~hasAttribute;X;~taller)).","('building'; None)"
1,54,3.533182990622663e-08,3.5331829352615975e-08,63.0,4.0,"0.0::;(;(;(target(X);type(X;~building));expression(~on;~sign;X));expression(~hasAttribute;X;~taller)).","('man'; 'bbox1')"
1,55,20.0,0.9999999979388464,5.0,0.0,"1.0::;(;(target(X);type(X;~chair));expression(~has;X;~wood)).","('chair'; None)"
1,56,6.081300735473633,0.9977147977247616,17.0,3.0,"1.0::;(;(target(X);type(X;~carpet));expression(~hasAttribute;X;~brown)).","('carpet'; 'bbox6')"
1,57,3.740140676498413,0.976249238277712,17.0,3.0,"1.0::;(;(target(X);type(X;~door));expression(~in;X;~painting)).","('door'; 'bbox3')"
1,58,0.0,0.0,22.0,4.0,"1.0::;(;(target(X);type(X;~vase));expression(~on;X;~table)).","('vase'; 'bbox5')"
1,59,1.2534364461898804,0.7144780717026609,22.0,4.0,"1.0::;(;(target(X);type(X;~book));expression(~along;X;~table)).","('book'; 'bbox6')"
1,60,1.0569261312484741,0.6524775915292644,22.0,4.0,"1.0::;(;(target(X);type(X;~picture));expression(~hasAttribute;X;~frame)).","('picture'; 'bbox1')"
1,61,0.0,0.0,31.0,4.0,"1.0::;(;(;(target(X);type(X;~woman));expression(~facing;X;~ocean));expression(~facing;X;~ocean)).","('woman'; 'bbox1')"
1,62,4.24134635925293,0.9856117928991364,32.0,4.0,"1.0::;(;(;(target(X);type(X;~ocean));expression(~facing;~woman;X));expression(~wearing;~woman;~skirt)).","('ocean'; 'bbox2')"
1,63,2.281435966491699,0.8978625645733894,37.0,4.0,"1.0::;(;(;(target(X);type(X;~sign));expression(~onTopOf;X;~stand));expression(~along;~television;~stand)).","('sign'; 'bbox1')"
1,64,20.0,0.9999999979388464,8.0,0.0,"1.0::;(;(target(X);type(X;~picture));expression(~has;X;~indoors)).","('picture'; 'bbox3')"
1,65,20.0,0.9999999979388464,8.0,0.0,"1.0::;(;(target(X);type(X;~switch));expression(~hasAttribute;X;~snowy)).","('switch'; 'bbox1')"
1,66,0.7211993932723999,0.5138312014537597,17.0,3.0,"1.0::;(;(target(X);type(X;~shelf));expression(~hasAttribute;X;~plate)).","('shelf'; 'bbox3')"
1,67,0.0005061231786385179,0.0005059951185961104,17.0,3.0,"0.0::;(;(target(X);type(X;~shelf));expression(~hasAttribute;X;~plate)).","('switch'; 'bbox1')"
1,68,20.0,0.9999999979388464,5.0,0.0,"1.0::;(;(target(X);type(X;~table));expression(~hasAttribute;X;~forest)).","('table'; None)"
1,69,1.7956695556640625,0.8339837420002855,24.0,4.0,"1.0::;(;(target(X);type(X;~wheel));expression(~contains;~table;X)).","('wheel'; 'bbox2')"
1,70,5.663066387176514,0.9965281454910855,24.0,4.0,"1.0::;(;(target(X);type(X;~painting));expression(~hasAttribute;X;~white)).","('painting'; 'bbox10')"
1,71,5.0348896980285645,0.9934930841971674,234.0,4.0,"1.0::;(;(;(;(target(X);type(X;~desk));expression(~on;~telephone;X));expression(~has;~telephone;~telephone));expression(~on;~phone;~table)).","('desk'; 'bbox7')"
1,72,1.9448789358139038,0.8569954649822005,22.0,4.0,"1.0::;(;(target(X);type(X;~computer));expression(~hasAttribute;X;~white)).","('computer'; 'bbox4')"
1,73,20.0,0.9999999979388464,5.0,0.0,"1.0::;(;(target(X);type(X;~lamp));expression(~on;X;~desk)).","('lamp'; None)"
1,74,9.449450492858887,0.9999212671823675,184.0,4.0,"1.0::;(;(;(;(;(target(X);type(X;~stand));expression(~along;~lamp;X));expression(~hasProperty;~lamp;~snowy));expression(~on;~lamp;~desk));expression(~hasAttribute;~lamp;~hit)).","('stand'; 'bbox2')"
1,75,3.8425278663635254,0.9785606629913897,16.0,1.0,"1.0::;(;(;(target(X);type(X;~table));expression(~on;~bowl;X));expression(~hasAttribute;~bowl;~white)).","('table'; 'bbox2')"
1,76,6.473412990570068,0.9984560527470652,21.0,4.0,"1.0::;(;(target(X);type(X;~door));expression(~hasAttribute;X;~open)).","('door'; 'bbox12')"
1,77,2.323007583618164,0.9020215363972897,67.0,4.0,"1.0::;(;(;(;(target(X);type(X;~box));expression(~on;X;~table));expression(~on;~home;~table));expression(~on;~fruit;~table)).","('box'; 'bbox5')"
1,78,7.356086730957031,0.9993613070470961,20.0,4.0,"1.0::;(;(target(X);type(X;~pot));expression(~has;X;~browned)).","('pot'; 'bbox4')"
1,79,1.2496498280611945e-09,1.2496498428915087e-09,20.0,4.0,"0.0::;(;(target(X);type(X;~pot));expression(~has;X;~browned)).","('basket'; 'bbox6')"
1,80,20.0,0.9999999979388464,5.0,0.0,"1.0::;(;(target(X);type(X;~chair));expression(~hasProperty;X;~empty)).","('chair'; None)"
1,81,0.8036994338035583,0.5523302277140962,39.0,4.0,"1.0::;(;(;(target(X);type(X;~vase));expression(~on;X;~table));expression(~along;X;~table)).","('vase'; 'bbox6')"
1,82,0.0,0.0,26.0,4.0,"1.0::;(;(target(X);type(X;~person));expression(~on;X;~picture)).","('person'; 'bbox5')"
1,83,7.586827754974365,0.9994929128902224,11.0,1.0,"1.0::;(;(target(X);type(X;~box));expression(~hasAttribute;X;~shut)).","('box'; 'bbox4')"
1,84,0.0,0.0,11.0,1.0,"1.0::;(;(target(X);type(X;~stand));expression(~on;~bowl;X)).","('stand'; 'bbox2')"
1,85,5.991581916809082,0.9975002934070338,11.0,1.0,"1.0::;(;(target(X);type(X;~bowl));expression(~hasAttribute;X;~empty)).","('bowl'; 'bbox1')"
1,86,1.648280090194021e-07,1.6482799185059974e-07,11.0,1.0,"0.0::;(;(target(X);type(X;~bowl));expression(~hasAttribute;X;~empty)).","('stand'; 'bbox2')"
1,87,6.439634799957275,0.9984030102051296,23.0,4.0,"1.0::;(;(target(X);type(X;~couch));expression(~hasAttribute;X;~tall)).","('couch'; 'bbox9')"
1,88,0.0,0.0,23.0,4.0,"1.0::;(;(target(X);type(X;~lamp));expression(~onTopOf;X;~table)).","('lamp'; 'bbox4')"
1,89,20.0,0.9999999979388464,5.0,0.0,"1.0::;(;(target(X);type(X;~plate));expression(~on;X;~counter)).","('plate'; None)"
1,90,2.947922945022583,0.9475514686257388,103.0,4.0,"1.0::;(;(;(;(target(X);type(X;~table));expression(~on;~home;X));expression(~on;~home;~counter));expression(~on;~television;~counter)).","('table'; 'bbox2')"
1,91,0.0,0.0,28.0,4.0,"1.0::;(;(target(X);type(X;~stand));expression(~has;~board;X)).","('stand'; 'bbox3')"
1,92,20.0,0.9999999979388464,5.0,0.0,"1.0::;(;(target(X);type(X;~table));expression(~along;~book;X)).","('table'; None)"
1,93,2.06115369216775e-09,2.061153622438558e-09,5.0,0.0,"0.0::;(;(target(X);type(X;~table));expression(~along;~book;X)).","('chair'; None)"
2,0,11.064971923828125,0.9999843489401907,103.0,4.0,"1.0::;(;(;(;(target(X);type(X;~building));expression(~on;~sign;X));expression(~hasProperty;X;~tall));expression(~has;X;~brick)).","('building'; 'bbox2')"
2,1,0.3817059397697449,0.31730422263106584,34.0,4.0,"1.0::;(;(;(target(X);type(X;~man));expression(~wearing;X;~shirt));expression(~hasAttribute;X;~shirt)).","('man'; 'bbox3')"
2,2,0.0,0.0,40.0,4.0,"1.0::;(;(;(target(X);type(X;~road));expression(~parkedOn;~car;X));expression(~parkedOn;~car;X)).","('road'; 'bbox4')"
2,3,2.06115369216775e-09,2.061153622438558e-09,6.0,0.0,"0.0::;(;(;(target(X);type(X;~road));expression(~parkedOn;~car;X));expression(~parkedOn;~car;X)).","('building'; None)"
2,4,0.0,0.0,26.0,4.0,"1.0::;(;(target(X);type(X;~chain));expression(~wears;~girl;X)).","('chain'; 'bbox3')"
2,5,4.402936935424805,0.9877586649535656,17.0,3.0,"1.0::;(;(target(X);type(X;~lamp));expression(~hasAttribute;X;~tall)).","('lamp'; 'bbox5')"
2,6,7.2128119468688965,0.9992629183956487,17.0,3.0,"1.0::;(;(target(X);type(X;~box));expression(~hasProperty;X;~empty)).","('box'; 'bbox9')"
2,7,6.813888072967529,0.998901586126524,17.0,3.0,"1.0::;(;(target(X);type(X;~desk));expression(~hasAttribute;X;~browned)).","('desk'; 'bbox2')"
2,8,1.2111935454584e-08,1.2111935347550817e-08,17.0,3.0,"0.0::;(;(target(X);type(X;~desk));expression(~hasAttribute;X;~browned)).","('color'; 'bbox7')"
2,9,7.991719722747803,0.9996617481165627,17.0,3.0,"1.0::;(;(target(X);type(X;~light));expression(~hasAttribute;X;~on)).","('light'; 'bbox6')"
2,10,0.0,0.0,26.0,4.0,"1.0::;(;(target(X);type(X;~bowl));expression(~on;X;~counter)).","('bowl'; 'bbox4')"
2,11,2.1221856627562374e-07,2.122185444247959e-07,28.0,4.0,"0.0::;(;(target(X);type(X;~bowl));expression(~on;X;~counter)).","('food'; 'bbox7')"
2,12,20.0,0.9999999979388464,7.0,0.0,"1.0::;(;(;(;(target(X);type(X;~desk));expression(~onTopOf;~pen;X));expression(~onTopOf;~written;~book));expression(~has;~book;~open)).","('desk'; None)"
2,13,0.0,0.0,126.0,4.0,"1.0::;(;(;(;(target(X);type(X;~front));expression(~in;~cd;X));expression(~in;~cd;~desk));expression(~on;~cup;~desk)).","('front'; 'bbox10')"
2,14,5.332255454959522e-07,5.332253895924949e-07,107.0,4.0,"0.0::;(;(;(;(target(X);type(X;~front));expression(~in;~cd;X));expression(~in;~cd;~desk));expression(~on;~cup;~desk)).","('book'; 'bbox11')"
2,15,0.0,0.0,54.0,4.0,"1.0::;(;(;(;(target(X);type(X;~computer));expression(~on;X;~desk));expression(~on;~keyboard;~desk));expression(~under;~tower;~desk)).","('computer'; 'bbox3')"
2,16,2.193203926086426,0.8884412505653713,20.0,4.0,"1.0::;(;(target(X);type(X;~desk));expression(~on;~calculator;X)).","('desk'; 'bbox2')"
2,17,0.0,0.0,28.0,4.0,"1.0::;(;(target(X);type(X;~desk));expression(~on;~cup;X)).","('desk'; 'bbox5')"
2,18,3.3083183765411377,0.9634223681316266,28.0,4.0,"1.0::;(;(target(X);type(X;~coat));expression(~hasAttribute;X;~hanging)).","('coat'; 'bbox2')"
2,19,0.8647960424423218,0.5788625619681573,28.0,4.0,"1.0::;(;(target(X);type(X;~cup));expression(~along;X;~desk)).","('cup'; 'bbox4')"
2,20,5.177670914235932e-07,5.177669612360668e-07,28.0,4.0,"0.0::;(;(target(X);type(X;~cup));expression(~along;X;~desk)).","('cable'; 'bbox6')"
2,21,1.3800621032714844,0.7484370703062877,28.0,4.0,"1.0::;(;(target(X);type(X;~bowl));expression(~along;X;~table)).","('bowl'; 'bbox4')"
2,22,0.00026232676464132965,0.00026229235050862377,29.0,4.0,"0.0::;(;(target(X);type(X;~bowl));expression(~along;X;~table)).","('bag'; 'bbox9')"
2,23,3.8987622261047363,0.9797330181320616,214.0,4.0,"1.0::;(;(;(;(;(target(X);type(X;~plant));expression(~along;X;~desk));expression(~under;~box;~desk));expression(~along;~computer;~desk));expression(~past;~chair;~desk)).","('plant'; 'bbox8')"
2,24,7.928177833557129,0.9996395573986806,83.0,4.0,"1.0::;(;(;(;(;(target(X);type(X;~cup));expression(~along;X;~desk));expression(~hasAttribute;~desk;~table));expression(~on;~pen;~desk));expression(~hasAttribute;~desk;~white)).","('cup'; 'bbox4')"
2,25,5.728160858154297,0.9967469454358784,76.0,4.0,"1.0::;(;(;(;(target(X);type(X;~desk));expression(~along;~telephone;X));expression(~on;~written;X));expression(~hasAttribute;X;~white)).","('desk'; 'bbox2')"
2,26,2.4386062622070312,0.9127175844707296,32.0,4.0,"1.0::;(;(target(X);type(X;~baby));expression(~on;X;~video)).","('baby'; 'bbox3')"
2,27,8.751470565795898,0.9998417715314315,275.0,4.0,"1.0::;(;(;(;(target(X);type(X;~lamp));expression(~along;X;~desk));expression(~hasAttribute;X;~green));expression(~contains;X;~shaded)).","('lamp'; 'bbox1')"
2,28,1.772228479385376,0.8300461720957759,58.0,4.0,"1.0::;(;(;(;(target(X);type(X;~computer));expression(~in;X;~video));expression(~along;~picture;~desk));expression(~on;~book;~desk)).","('computer'; 'bbox5')"
2,29,5.9840006828308105,0.9974812705291431,29.0,4.0,"1.0::;(;(;(target(X);type(X;~room));expression(~in;~computer;X));expression(~hasAttribute;X;~indoors)).","('room'; 'bbox2')"
2,30,6.446279525756836,0.9984135865869284,14.0,2.0,"1.0::;(;(target(X);type(X;~box));expression(~hasAttribute;X;~brown)).","('box'; 'bbox6')"
2,31,0.0,0.0,14.0,2.0,"1.0::;(;(target(X);type(X;~desk));expression(~onTopOf;~pad;X)).","('desk'; 'bbox4')"
2,32,2.673827886581421,0.9310123576348269,62.0,4.0,"1.0::;(;(;(;(target(X);type(X;~people));expression(~along;X;~pavement));expression(~on;~sign;~sidewalk));expression(~on;~man;~pavement)).","('people'; 'bbox3')"
2,33,0.0,0.0,24.0,4.0,"1.0::;(;(target(X);type(X;~jeans));expression(~has;~man;X)).","('jeans'; 'bbox2')"
2,34,0.0,0.0,11.0,1.0,"1.0::;(;(target(X);type(X;~chair));expression(~in;X;~picture)).","('chair'; 'bbox1')"
2,35,4.911655526740333e-09,4.911655713883139e-09,11.0,1.0,"0.0::;(;(target(X);type(X;~chair));expression(~in;X;~picture)).","('tile'; 'bbox5')"
2,36,6.809123992919922,0.9988963407100343,11.0,1.0,"1.0::;(;(target(X);type(X;~poster));expression(~hasAttribute;X;~hung)).","('poster'; 'bbox6')"
2,37,1.9575525522232056,0.8587964132344349,68.0,4.0,"1.0::;(;(;(;(target(X);type(X;~table));expression(~nextTo;~can;X));expression(~on;~can;X));expression(~hasAttribute;~can;~open)).","('table'; 'bbox4')"
2,38,5.209176063537598,0.9945338243858662,20.0,4.0,"1.0::;(;(target(X);type(X;~keyboard));expression(~hasAttribute;X;~computer)).","('keyboard'; 'bbox7')"
2,39,8.162454605102539,0.9997148384240269,20.0,4.0,"1.0::;(;(target(X);type(X;~hair));expression(~hasAttribute;X;~shorter)).","('hair'; 'bbox2')"
2,40,0.00013338233111426234,0.00013337343807296056,20.0,4.0,"0.0::;(;(target(X);type(X;~hair));expression(~hasAttribute;X;~shorter)).","('bag'; 'bbox5')"
2,41,1.441759705543518,0.7634887977923847,14.0,2.0,"1.0::;(;(target(X);type(X;~keyboard));expression(~hasAttribute;X;~cable)).","('keyboard'; 'bbox1')"
2,42,0.0,0.0,26.0,4.0,"1.0::;(;(target(X);type(X;~bookshelf));expression(~onTopOf;~book;X)).","('bookshelf'; 'bbox4')"
2,43,1.6390736103057861,0.8058401733347084,107.0,4.0,"1.0::;(;(;(;(target(X);type(X;~table));expression(~onTopOf;~can;X));expression(~onTopOf;~can;~desk));expression(~onTopOf;~phone;~desk)).","('table'; 'bbox8')"
2,44,2.247255325317383,0.8943110914926725,72.0,4.0,"1.0::;(;(;(;(target(X);type(X;~shirt));expression(~hasOn;~woman;X));expression(~has;~woman;~hair));expression(~hasOn;~woman;~watch)).","('shirt'; 'bbox12')"
2,45,20.0,0.9999999979388464,5.0,0.0,"1.0::;(;(target(X);type(X;~building));expression(~hasAttribute;X;~taller)).","('building'; None)"
2,46,20.0,0.9999999979388464,6.0,0.0,"1.0::;(;(;(target(X);type(X;~girl));expression(~nextTo;X;~car));expression(~beside;X;~car)).","('girl'; None)"
2,47,7.902005672454834,0.999629999304447,67.0,4.0,"1.0::;(;(;(;(;(target(X);type(X;~car));expression(~beside;~girl;X));expression(~besideOf;~girl;X));expression(~beside;~girl;X));expression(~hasAttribute;~girl;~brunette)).","('car'; 'bbox2')"
2,48,2.06115369216775e-09,2.061153622438558e-09,8.0,0.0,"0.0::;(;(;(;(;(target(X);type(X;~car));expression(~beside;~girl;X));expression(~besideOf;~girl;X));expression(~beside;~girl;X));expression(~hasAttribute;~girl;~brunette)).","('girl'; None)"
2,49,6.0201005935668945,0.9975705748018138,11.0,1.0,"1.0::;(;(target(X);type(X;~man));expression(~hasAttribute;X;~sitting)).","('man'; 'bbox3')"
2,50,2.785452365875244,0.9382988287874184,11.0,1.0,"1.0::;(;(target(X);type(X;~bicycle));expression(~hasProperty;X;~park)).","('bicycle'; 'bbox1')"
2,51,1.9496370553970337,0.857674281435133,26.0,4.0,"1.0::;(;(target(X);type(X;~sidewalk));expression(~alongsideOf;~car;X)).","('sidewalk'; 'bbox9')"
2,52,2.06115369216775e-09,2.061153622438558e-09,5.0,0.0,"0.0::;(;(target(X);type(X;~sidewalk));expression(~alongsideOf;~car;X)).","('car'; None)"
2,53,20.0,0.9999999979388464,6.0,0.0,"1.0::;(;(;(target(X);type(X;~building));expression(~on;~sign;X));expression(~hasAttribute;X;~taller)).","('building'; None)"
2,54,2.7047775574828847e-08,2.7047775083418097e-08,70.0,4.0,"0.0::;(;(;(target(X);type(X;~building));expression(~on;~sign;X));expression(~hasAttribute;X;~taller)).","('man'; 'bbox1')"
2,55,20.0,0.9999999979388464,5.0,0.0,"1.0::;(;(target(X);type(X;~chair));expression(~has;X;~wood)).","('chair'; None)"
2,56,4.445713520050049,0.9882712656425066,17.0,3.0,"1.0::;(;(target(X);type(X;~carpet));expression(~hasAttribute;X;~brown)).","('carpet'; 'bbox6')"
2,57,2.508643388748169,0.9186214365347155,17.0,3.0,"1.0::;(;(target(X);type(X;~door));expression(~in;X;~painting)).","('door'; 'bbox3')"
2,58,0.0,0.0,22.0,4.0,"1.0::;(;(target(X);type(X;~vase));expression(~on;X;~table)).","('vase'; 'bbox5')"
2,59,0.843875527381897,0.5699593446257598,21.0,4.0,"1.0::;(;(target(X);type(X;~book));expression(~along;X;~table)).","('book'; 'bbox6')"
2,60,0.7667755484580994,0.5354915589038212,21.0,4.0,"1.0::;(;(target(X);type(X;~picture));expression(~hasAttribute;X;~frame)).","('picture'; 'bbox1')"
2,61,0.0,0.0,31.0,4.0,"1.0::;(;(;(target(X);type(X;~woman));expression(~facing;X;~ocean));expression(~facing;X;~ocean)).","('woman'; 'bbox1')"
2,62,2.4625985622406006,0.9147867688691285,33.0,4.0,"1.0::;(;(;(target(X);type(X;~ocean));expression(~facing;~woman;X));expression(~wearing;~woman;~skirt)).","('ocean'; 'bbox2')"
2,63,1.5799278020858765,0.7940100302858253,32.0,4.0,"1.0::;(;(;(target(X);type(X;~sign));expression(~onTopOf;X;~stand));expression(~along;~television;~stand)).","('sign'; 'bbox1')"
2,64,20.0,0.9999999979388464,8.0,0.0,"1.0::;(;(target(X);type(X;~picture));expression(~has;X;~indoors)).","('picture'; 'bbox3')"
2,65,20.0,0.9999999979388464,8.0,0.0,"1.0::;(;(target(X);type(X;~switch));expression(~hasAttribute;X;~snowy)).","('switch'; 'bbox1')"
2,66,0.6534368991851807,0.47974536219862685,17.0,3.0,"1.0::;(;(target(X);type(X;~shelf));expression(~hasAttribute;X;~plate)).","('shelf'; 'bbox3')"
2,67,0.0001818930613808334,0.00018187651008729774,17.0,3.0,"0.0::;(;(target(X);type(X;~shelf));expression(~hasAttribute;X;~plate)).","('switch'; 'bbox1')"
2,68,20.0,0.9999999979388464,5.0,0.0,"1.0::;(;(target(X);type(X;~table));expression(~hasAttribute;X;~forest)).","('table'; None)"
2,69,1.3616774082183838,0.7437693870618528,24.0,4.0,"1.0::;(;(target(X);type(X;~wheel));expression(~contains;~table;X)).","('wheel'; 'bbox2')"
2,70,3.6573424339294434,0.9741990104703961,24.0,4.0,"1.0::;(;(target(X);type(X;~painting));expression(~hasAttribute;X;~white)).","('painting'; 'bbox10')"
2,71,3.7816622257232666,0.9772152135276466,239.0,4.0,"1.0::;(;(;(;(target(X);type(X;~desk));expression(~on;~telephone;X));expression(~has;~telephone;~telephone));expression(~on;~phone;~table)).","('desk'; 'bbox7')"
2,72,1.504197597503662,0.7778044874452378,22.0,4.0,"1.0::;(;(target(X);type(X;~computer));expression(~hasAttribute;X;~white)).","('computer'; 'bbox4')"
2,73,20.0,0.9999999979388464,5.0,0.0,"1.0::;(;(target(X);type(X;~lamp));expression(~on;X;~desk)).","('lamp'; None)"
2,74,7.43975830078125,0.999412572838925,180.0,4.0,"1.0::;(;(;(;(;(target(X);type(X;~stand));expression(~along;~lamp;X));expression(~hasProperty;~lamp;~snowy));expression(~on;~lamp;~desk));expression(~hasAttribute;~lamp;~hit)).","('stand'; 'bbox2')"
2,75,2.665095090866089,0.9304072644148795,16.0,1.0,"1.0::;(;(;(target(X);type(X;~table));expression(~on;~bowl;X));expression(~hasAttribute;~bowl;~white)).","('table'; 'bbox2')"
2,76,4.707372665405273,0.9909715327471853,21.0,4.0,"1.0::;(;(target(X);type(X;~door));expression(~hasAttribute;X;~open)).","('door'; 'bbox12')"
2,77,2.0206351280212402,0.8674287613727998,60.0,4.0,"1.0::;(;(;(;(target(X);type(X;~box));expression(~on;X;~table));expression(~on;~home;~table));expression(~on;~fruit;~table)).","('box'; 'bbox5')"
2,78,4.25398588180542,0.9857925084820515,20.0,4.0,"1.0::;(;(target(X);type(X;~pot));expression(~has;X;~browned)).","('pot'; 'bbox4')"
2,79,2.648442132269224e-09,2.6484420353993885e-09,20.0,4.0,"0.0::;(;(target(X);type(X;~pot));expression(~has;X;~browned)).","('basket'; 'bbox6')"
2,80,20.0,0.9999999979388464,5.0,0.0,"1.0::;(;(target(X);type(X;~chair));expression(~hasProperty;X;~empty)).","('chair'; None)"
2,81,0.5805414915084839,0.4404047315757663,39.0,4.0,"1.0::;(;(;(target(X);type(X;~vase));expression(~on;X;~table));expression(~along;X;~table)).","('vase'; 'bbox6')"
2,82,0.0,0.0,26.0,4.0,"1.0::;(;(target(X);type(X;~person));expression(~on;X;~picture)).","('person'; 'bbox5')"
2,83,4.886387825012207,0.9924513597026958,11.0,1.0,"1.0::;(;(target(X);type(X;~box));expression(~hasAttribute;X;~shut)).","('box'; 'bbox4')"
2,84,0.0,0.0,11.0,1.0,"1.0::;(;(target(X);type(X;~stand));expression(~on;~bowl;X)).","('stand'; 'bbox2')"
2,85,5.471147060394287,0.9957935956102224,11.0,1.0,"1.0::;(;(target(X);type(X;~bowl));expression(~hasAttribute;X;~empty)).","('bowl'; 'bbox1')"
2,86,3.693717474106961e-07,3.693716927944297e-07,11.0,1.0,"0.0::;(;(target(X);type(X;~bowl));expression(~hasAttribute;X;~empty)).","('stand'; 'bbox2')"
2,87,4.9642333984375,0.9930166979320653,23.0,4.0,"1.0::;(;(target(X);type(X;~couch));expression(~hasAttribute;X;~tall)).","('couch'; 'bbox9')"
2,88,0.0,0.0,23.0,4.0,"1.0::;(;(target(X);type(X;~lamp));expression(~onTopOf;X;~table)).","('lamp'; 'bbox4')"
2,89,20.0,0.9999999979388464,5.0,0.0,"1.0::;(;(target(X);type(X;~plate));expression(~on;X;~counter)).","('plate'; None)"
2,90,2.323953151702881,0.9021141379180411,108.0,4.0,"1.0::;(;(;(;(target(X);type(X;~table));expression(~on;~home;X));expression(~on;~home;~counter));expression(~on;~television;~counter)).","('table'; 'bbox2')"
2,91,0.0,0.0,28.0,4.0,"1.0::;(;(target(X);type(X;~stand));expression(~has;~board;X)).","('stand'; 'bbox3')"
2,92,20.0,0.9999999979388464,5.0,0.0,"1.0::;(;(target(X);type(X;~table));expression(~along;~book;X)).","('table'; None)"
2,93,2.06115369216775e-09,2.061153622438558e-09,5.0,0.0,"0.0::;(;(target(X);type(X;~table));expression(~along;~book;X)).","('chair'; None)"
3,0,9.865972518920898,0.999948088619736,81.0,4.0,"1.0::;(;(;(;(target(X);type(X;~building));expression(~on;~sign;X));expression(~hasProperty;X;~tall));expression(~has;X;~brick)).","('building'; 'bbox2')"
3,1,0.35288333892822266,0.29734083843321735,34.0,4.0,"1.0::;(;(;(target(X);type(X;~man));expression(~wearing;X;~shirt));expression(~hasAttribute;X;~shirt)).","('man'; 'bbox3')"
3,2,0.0,0.0,44.0,4.0,"1.0::;(;(;(target(X);type(X;~road));expression(~parkedOn;~car;X));expression(~parkedOn;~car;X)).","('road'; 'bbox4')"
3,3,2.06115369216775e-09,2.061153622438558e-09,6.0,0.0,"0.0::;(;(;(target(X);type(X;~road));expression(~parkedOn;~car;X));expression(~parkedOn;~car;X)).","('building'; None)"
3,4,0.0,0.0,26.0,4.0,"1.0::;(;(target(X);type(X;~chain));expression(~wears;~girl;X)).","('chain'; 'bbox3')"
3,5,3.736976146697998,0.9761739592358957,17.0,3.0,"1.0::;(;(target(X);type(X;~lamp));expression(~hasAttribute;X;~tall)).","('lamp'; 'bbox5')"
3,6,5.906185626983643,0.9972774480646223,17.0,3.0,"1.0::;(;(target(X);type(X;~box));expression(~hasProperty;X;~empty)).","('box'; 'bbox9')"
3,7,4.525157451629639,0.9891669913727138,17.0,3.0,"1.0::;(;(target(X);type(X;~desk));expression(~hasAttribute;X;~browned)).","('desk'; 'bbox2')"
3,8,4.094873773397012e-09,4.094873676848164e-09,17.0,3.0,"0.0::;(;(target(X);type(X;~desk));expression(~hasAttribute;X;~browned)).","('color'; 'bbox7')"
3,9,6.756137847900391,0.9988362850499084,17.0,3.0,"1.0::;(;(target(X);type(X;~light));expression(~hasAttribute;X;~on)).","('light'; 'bbox6')"
3,10,0.0,0.0,26.0,4.0,"1.0::;(;(target(X);type(X;~bowl));expression(~on;X;~counter)).","('bowl'; 'bbox4')"
3,11,8.94809275564512e-08,8.948092011361301e-08,27.0,4.0,"0.0::;(;(target(X);type(X;~bowl));expression(~on;X;~counter)).","('food'; 'bbox7')"
3,12,20.0,0.9999999979388464,7.0,0.0,"1.0::;(;(;(;(target(X);type(X;~desk));expression(~onTopOf;~pen;X));expression(~onTopOf;~written;~book));expression(~has;~book;~open)).","('desk'; None)"
3,13,0.0,0.0,108.0,4.0,"1.0::;(;(;(;(target(X);type(X;~front));expression(~in;~cd;X));expression(~in;~cd;~desk));expression(~on;~cup;~desk)).","('front'; 'bbox10')"
3,14,7.21693652394606e-07,7.216933879512793e-07,113.0,4.0,"0.0::;(;(;(;(target(X);type(X;~front));expression(~in;~cd;X));expression(~in;~cd;~desk));expression(~on;~cup;~desk)).","('book'; 'bbox11')"
3,15,0.0,0.0,54.0,4.0,"1.0::;(;(;(;(target(X);type(X;~computer));expression(~on;X;~desk));expression(~on;~keyboard;~desk));expression(~under;~tower;~desk)).","('computer'; 'bbox3')"
3,16,1.2836849689483643,0.7229853729483589,20.0,4.0,"1.0::;(;(target(X);type(X;~desk));expression(~on;~calculator;X)).","('desk'; 'bbox2')"
3,17,0.0,0.0,28.0,4.0,"1.0::;(;(target(X);type(X;~desk));expression(~on;~cup;X)).","('desk'; 'bbox5')"
3,18,2.2156527042388916,0.8909177074670895,28.0,4.0,"1.0::;(;(target(X);type(X;~coat));expression(~hasAttribute;X;~hanging)).","('coat'; 'bbox2')"
3,19,0.7473952770233154,0.5264014594487088,27.0,4.0,"1.0::;(;(target(X);type(X;~cup));expression(~along;X;~desk)).","('cup'; 'bbox4')"
3,20,1.6162071005965117e-06,1.6162059016583434e-06,28.0,4.0,"0.0::;(;(target(X);type(X;~cup));expression(~along;X;~desk)).","('cable'; 'bbox6')"
3,21,1.2242790460586548,0.7060304375423748,27.0,4.0,"1.0::;(;(target(X);type(X;~bowl));expression(~along;X;~table)).","('bowl'; 'bbox4')"
3,22,0.0006094506243243814,0.0006092649240441303,29.0,4.0,"0.0::;(;(target(X);type(X;~bowl));expression(~along;X;~table)).","('bag'; 'bbox9')"
3,23,3.0343103408813477,0.9518921705592791,111.0,4.0,"1.0::;(;(;(;(;(target(X);type(X;~plant));expression(~along;X;~desk));expression(~under;~box;~desk));expression(~along;~computer;~desk));expression(~past;~chair;~desk)).","('plant'; 'bbox8')"
3,24,6.460546016693115,0.998436058460968,80.0,4.0,"1.0::;(;(;(;(;(target(X);type(X;~cup));expression(~along;X;~desk));expression(~hasAttribute;~desk;~table));expression(~on;~pen;~desk));expression(~hasAttribute;~desk;~white)).","('cup'; 'bbox4')"
3,25,4.310232162475586,0.9865695688098822,45.0,4.0,"1.0::;(;(;(;(target(X);type(X;~desk));expression(~along;~telephone;X));expression(~on;~written;X));expression(~hasAttribute;X;~white)).","('desk'; 'bbox2')"
3,26,1.6836878061294556,0.8143120692732317,32.0,4.0,"1.0::;(;(target(X);type(X;~baby));expression(~on;X;~video)).","('baby'; 'bbox3')"
3,27,6.550636291503906,0.9985707940826551,361.0,4.0,"1.0::;(;(;(;(target(X);type(X;~lamp));expression(~along;X;~desk));expression(~hasAttribute;X;~green));expression(~contains;X;~shaded)).","('lamp'; 'bbox1')"
3,28,1.5530754327774048,0.7884037778259992,58.0,4.0,"1.0::;(;(;(;(target(X);type(X;~computer));expression(~in;X;~video));expression(~along;~picture;~desk));expression(~on;~book;~desk)).","('computer'; 'bbox5')"
3,29,4.263254642486572,0.9859235859197076,29.0,4.0,"1.0::;(;(;(target(X);type(X;~room));expression(~in;~computer;X));expression(~hasAttribute;X;~indoors)).","('room'; 'bbox2')"
3,30,4.529826641082764,0.989217454838919,14.0,2.0,"1.0::;(;(target(X);type(X;~box));expression(~hasAttribute;X;~brown)).","('box'; 'bbox6')"
3,31,0.0,0.0,14.0,2.0,"1.0::;(;(target(X);type(X;~desk));expression(~onTopOf;~pad;X)).","('desk'; 'bbox4')"
3,32,2.6309757232666016,0.9279918320943761,62.0,4.0,"1.0::;(;(;(;(target(X);type(X;~people));expression(~along;X;~pavement));expression(~on;~sign;~sidewalk));expression(~on;~man;~pavement)).","('people'; 'bbox3')"
3,33,0.0,0.0,24.0,4.0,"1.0::;(;(target(X);type(X;~jeans));expression(~has;~man;X)).","('jeans'; 'bbox2')"
3,34,0.0,0.0,11.0,1.0,"1.0::;(;(target(X);type(X;~chair));expression(~in;X;~picture)).","('chair'; 'bbox1')"
3,35,4.337688430666731e-09,4.337688541429012e-09,11.0,1.0,"0.0::;(;(target(X);type(X;~chair));expression(~in;X;~picture)).","('tile'; 'bbox5')"
3,36,4.719599723815918,0.9910812522036159,11.0,1.0,"1.0::;(;(target(X);type(X;~poster));expression(~hasAttribute;X;~hung)).","('poster'; 'bbox6')"
3,37,1.529558539390564,0.7833687196131855,68.0,4.0,"1.0::;(;(;(;(target(X);type(X;~table));expression(~nextTo;~can;X));expression(~on;~can;X));expression(~hasAttribute;~can;~open)).","('table'; 'bbox4')"
3,38,4.336706638336182,0.9869204670180733,20.0,4.0,"1.0::;(;(target(X);type(X;~keyboard));expression(~hasAttribute;X;~computer)).","('keyboard'; 'bbox7')"
3,39,7.6030731201171875,0.9995010841531976,20.0,4.0,"1.0::;(;(target(X);type(X;~hair));expression(~hasAttribute;X;~shorter)).","('hair'; 'bbox2')"
3,40,0.0001130863165599294,0.00011307992423059666,20.0,4.0,"0.0::;(;(target(X);type(X;~hair));expression(~hasAttribute;X;~shorter)).","('bag'; 'bbox5')"
3,41,1.329671859741211,0.735435938822721,14.0,2.0,"1.0::;(;(target(X);type(X;~keyboard));expression(~hasAttribute;X;~cable)).","('keyboard'; 'bbox1')"
3,42,0.0,0.0,26.0,4.0,"1.0::;(;(target(X);type(X;~bookshelf));expression(~onTopOf;~book;X)).","('bookshelf'; 'bbox4')"
3,43,0.9272860884666443,0.6043740514416166,96.0,4.0,"1.0::;(;(;(;(target(X);type(X;~table));expression(~onTopOf;~can;X));expression(~onTopOf;~can;~desk));expression(~onTopOf;~phone;~desk)).","('table'; 'bbox8')"
3,44,1.6726869344711304,0.8122580629633775,72.0,4.0,"1.0::;(;(;(;(target(X);type(X;~shirt));expression(~hasOn;~woman;X));expression(~has;~woman;~hair));expression(~hasOn;~woman;~watch)).","('shirt'; 'bbox12')"
3,45,20.0,0.9999999979388464,5.0,0.0,"1.0::;(;(target(X);type(X;~building));expression(~hasAttribute;X;~taller)).","('building'; None)"
3,46,20.0,0.9999999979388464,6.0,0.0,"1.0::;(;(;(target(X);type(X;~girl));expression(~nextTo;X;~car));expression(~beside;X;~car)).","('girl'; None)"
3,47,6.181867599487305,0.9979334352668549,67.0,4.0,"1.0::;(;(;(;(;(target(X);type(X;~car));expression(~beside;~girl;X));expression(~besideOf;~girl;X));expression(~beside;~girl;X));expression(~hasAttribute;~girl;~brunette)).","('car'; 'bbox2')"
3,48,2.06115369216775e-09,2.061153622438558e-09,8.0,0.0,"0.0::;(;(;(;(;(target(X);type(X;~car));expression(~beside;~girl;X));expression(~besideOf;~girl;X));expression(~beside;~girl;X));expression(~hasAttribute;~girl;~brunette)).","('girl'; None)"
3,49,4.648462295532227,0.990423683841281,11.0,1.0,"1.0::;(;(target(X);type(X;~man));expression(~hasAttribute;X;~sitting)).","('man'; 'bbox3')"
3,50,2.948674201965332,0.9475908561521419,11.0,1.0,"1.0::;(;(target(X);type(X;~bicycle));expression(~hasProperty;X;~park)).","('bicycle'; 'bbox1')"
3,51,2.042722225189209,0.8703247752010004,26.0,4.0,"1.0::;(;(target(X);type(X;~sidewalk));expression(~alongsideOf;~car;X)).","('sidewalk'; 'bbox9')"
3,52,2.06115369216775e-09,2.061153622438558e-09,5.0,0.0,"0.0::;(;(target(X);type(X;~sidewalk));expression(~alongsideOf;~car;X)).","('car'; None)"
3,53,20.0,0.9999999979388464,6.0,0.0,"1.0::;(;(;(target(X);type(X;~building));expression(~on;~sign;X));expression(~hasAttribute;X;~taller)).","('building'; None)"
3,54,2.9507619458968293e-08,2.9507619322558295e-08,70.0,4.0,"0.0::;(;(;(target(X);type(X;~building));expression(~on;~sign;X));expression(~hasAttribute;X;~taller)).","('man'; 'bbox1')"
3,55,20.0,0.9999999979388464,5.0,0.0,"1.0::;(;(target(X);type(X;~chair));expression(~has;X;~wood)).","('chair'; None)"
3,56,3.5897061824798584,0.9723935595123645,17.0,3.0,"1.0::;(;(target(X);type(X;~carpet));expression(~hasAttribute;X;~brown)).","('carpet'; 'bbox6')"
3,57,1.968840479850769,0.8603813469650108,17.0,3.0,"1.0::;(;(target(X);type(X;~door));expression(~in;X;~painting)).","('door'; 'bbox3')"
3,58,0.0,0.0,22.0,4.0,"1.0::;(;(target(X);type(X;~vase));expression(~on;X;~table)).","('vase'; 'bbox5')"
3,59,0.7920767068862915,0.547096729355588,21.0,4.0,"1.0::;(;(target(X);type(X;~book));expression(~along;X;~table)).","('book'; 'bbox6')"
3,60,0.5605945587158203,0.4291304525374371,21.0,4.0,"1.0::;(;(target(X);type(X;~picture));expression(~hasAttribute;X;~frame)).","('picture'; 'bbox1')"
3,61,0.0,0.0,29.0,4.0,"1.0::;(;(;(target(X);type(X;~woman));expression(~facing;X;~ocean));expression(~facing;X;~ocean)).","('woman'; 'bbox1')"
3,62,1.6243706941604614,0.8029643681294905,31.0,4.0,"1.0::;(;(;(target(X);type(X;~ocean));expression(~facing;~woman;X));expression(~wearing;~woman;~skirt)).","('ocean'; 'bbox2')"
3,63,1.3020193576812744,0.7280179908436679,32.0,4.0,"1.0::;(;(;(target(X);type(X;~sign));expression(~onTopOf;X;~stand));expression(~along;~television;~stand)).","('sign'; 'bbox1')"
3,64,20.0,0.9999999979388464,8.0,0.0,"1.0::;(;(target(X);type(X;~picture));expression(~has;X;~indoors)).","('picture'; 'bbox3')"
3,65,20.0,0.9999999979388464,8.0,0.0,"1.0::;(;(target(X);type(X;~switch));expression(~hasAttribute;X;~snowy)).","('switch'; 'bbox1')"
3,66,0.562088668346405,0.42998275734914027,17.0,3.0,"1.0::;(;(target(X);type(X;~shelf));expression(~hasAttribute;X;~plate)).","('shelf'; 'bbox3')"
3,67,9.369891631649807e-05,9.369453136633457e-05,17.0,3.0,"0.0::;(;(target(X);type(X;~shelf));expression(~hasAttribute;X;~plate)).","('switch'; 'bbox1')"
3,68,20.0,0.9999999979388464,5.0,0.0,"1.0::;(;(target(X);type(X;~table));expression(~hasAttribute;X;~forest)).","('table'; None)"
3,69,1.2129157781600952,0.7026709313148002,24.0,4.0,"1.0::;(;(target(X);type(X;~wheel));expression(~contains;~table;X)).","('wheel'; 'bbox2')"
3,70,3.1068766117095947,0.9552595207778731,24.0,4.0,"1.0::;(;(target(X);type(X;~painting));expression(~hasAttribute;X;~white)).","('painting'; 'bbox10')"
3,71,3.130751371383667,0.9563150387115149,231.0,4.0,"1.0::;(;(;(;(target(X);type(X;~desk));expression(~on;~telephone;X));expression(~has;~telephone;~telephone));expression(~on;~phone;~table)).","('desk'; 'bbox7')"
3,72,1.3080542087554932,0.7296544189972147,22.0,4.0,"1.0::;(;(target(X);type(X;~computer));expression(~hasAttribute;X;~white)).","('computer'; 'bbox4')"
3,73,20.0,0.9999999979388464,5.0,0.0,"1.0::;(;(target(X);type(X;~lamp));expression(~on;X;~desk)).","('lamp'; None)"
3,74,5.9062089920043945,0.9972775116763616,272.0,4.0,"1.0::;(;(;(;(;(target(X);type(X;~stand));expression(~along;~lamp;X));expression(~hasProperty;~lamp;~snowy));expression(~on;~lamp;~desk));expression(~hasAttribute;~lamp;~hit)).","('stand'; 'bbox2')"
3,75,2.141361713409424,0.8825052601236077,16.0,1.0,"1.0::;(;(;(target(X);type(X;~table));expression(~on;~bowl;X));expression(~hasAttribute;~bowl;~white)).","('table'; 'bbox2')"
3,76,3.967177152633667,0.9810732147768566,21.0,4.0,"1.0::;(;(target(X);type(X;~door));expression(~hasAttribute;X;~open)).","('door'; 'bbox12')"
3,77,1.3058860301971436,0.7290676255985835,53.0,4.0,"1.0::;(;(;(;(target(X);type(X;~box));expression(~on;X;~table));expression(~on;~home;~table));expression(~on;~fruit;~table)).","('box'; 'bbox5')"
3,78,3.459606170654297,0.9685578575812985,20.0,4.0,"1.0::;(;(target(X);type(X;~pot));expression(~has;X;~browned)).","('pot'; 'bbox4')"
3,79,2.1248747206215057e-09,2.1248747153840628e-09,20.0,4.0,"0.0::;(;(target(X);type(X;~pot));expression(~has;X;~browned)).","('basket'; 'bbox6')"
3,80,20.0,0.9999999979388464,5.0,0.0,"1.0::;(;(target(X);type(X;~chair));expression(~hasProperty;X;~empty)).","('chair'; None)"
3,81,0.5221970081329346,0.4067841847299044,39.0,4.0,"1.0::;(;(;(target(X);type(X;~vase));expression(~on;X;~table));expression(~along;X;~table)).","('vase'; 'bbox6')"
3,82,0.0,0.0,26.0,4.0,"1.0::;(;(target(X);type(X;~person));expression(~on;X;~picture)).","('person'; 'bbox5')"
3,83,3.8610620498657227,0.9789543638654041,11.0,1.0,"1.0::;(;(target(X);type(X;~box));expression(~hasAttribute;X;~shut)).","('box'; 'bbox4')"
3,84,0.0,0.0,11.0,1.0,"1.0::;(;(target(X);type(X;~stand));expression(~on;~bowl;X)).","('stand'; 'bbox2')"
3,85,5.020256519317627,0.9933971672620925,11.0,1.0,"1.0::;(;(target(X);type(X;~bowl));expression(~hasAttribute;X;~empty)).","('bowl'; 'bbox1')"
3,86,1.0608778211462777e-06,1.0608772333610918e-06,11.0,1.0,"0.0::;(;(target(X);type(X;~bowl));expression(~hasAttribute;X;~empty)).","('stand'; 'bbox2')"
3,87,4.070343971252441,0.9829284846130784,22.0,4.0,"1.0::;(;(target(X);type(X;~couch));expression(~hasAttribute;X;~tall)).","('couch'; 'bbox9')"
3,88,0.0,0.0,21.0,4.0,"1.0::;(;(target(X);type(X;~lamp));expression(~onTopOf;X;~table)).","('lamp'; 'bbox4')"
3,89,20.0,0.9999999979388464,5.0,0.0,"1.0::;(;(target(X);type(X;~plate));expression(~on;X;~counter)).","('plate'; None)"
3,90,2.332853317260742,0.9029814728587227,117.0,4.0,"1.0::;(;(;(;(target(X);type(X;~table));expression(~on;~home;X));expression(~on;~home;~counter));expression(~on;~television;~counter)).","('table'; 'bbox2')"
3,91,0.0,0.0,28.0,4.0,"1.0::;(;(target(X);type(X;~stand));expression(~has;~board;X)).","('stand'; 'bbox3')"
3,92,20.0,0.9999999979388464,5.0,0.0,"1.0::;(;(target(X);type(X;~table));expression(~along;~book;X)).","('table'; None)"
3,93,2.06115369216775e-09,2.061153622438558e-09,5.0,0.0,"0.0::;(;(target(X);type(X;~table));expression(~along;~book;X)).","('chair'; None)"
4,0,8.937555313110352,0.9998686382136035,81.0,4.0,"1.0::;(;(;(;(target(X);type(X;~building));expression(~on;~sign;X));expression(~hasProperty;X;~tall));expression(~has;X;~brick)).","('building'; 'bbox2')"
4,1,0.3150182068347931,0.27022441275545317,32.0,4.0,"1.0::;(;(;(target(X);type(X;~man));expression(~wearing;X;~shirt));expression(~hasAttribute;X;~shirt)).","('man'; 'bbox3')"
4,2,0.0,0.0,40.0,4.0,"1.0::;(;(;(target(X);type(X;~road));expression(~parkedOn;~car;X));expression(~parkedOn;~car;X)).","('road'; 'bbox4')"
4,3,2.06115369216775e-09,2.061153622438558e-09,6.0,0.0,"0.0::;(;(;(target(X);type(X;~road));expression(~parkedOn;~car;X));expression(~parkedOn;~car;X)).","('building'; None)"
4,4,0.0,0.0,26.0,4.0,"1.0::;(;(target(X);type(X;~chain));expression(~wears;~girl;X)).","('chain'; 'bbox3')"
4,5,3.1223816871643066,0.955947875001606,17.0,3.0,"1.0::;(;(target(X);type(X;~lamp));expression(~hasAttribute;X;~tall)).","('lamp'; 'bbox5')"
4,6,4.49403190612793,0.9888245056925055,17.0,3.0,"1.0::;(;(target(X);type(X;~box));expression(~hasProperty;X;~empty)).","('box'; 'bbox9')"
4,7,3.37094783782959,0.965642943012861,17.0,3.0,"1.0::;(;(target(X);type(X;~desk));expression(~hasAttribute;X;~browned)).","('desk'; 'bbox2')"
4,8,2.4585073976624017e-09,2.458507458640285e-09,17.0,3.0,"0.0::;(;(target(X);type(X;~desk));expression(~hasAttribute;X;~browned)).","('color'; 'bbox7')"
4,9,6.270474910736084,0.9981086698431063,17.0,3.0,"1.0::;(;(target(X);type(X;~light));expression(~hasAttribute;X;~on)).","('light'; 'bbox6')"
4,10,0.0,0.0,26.0,4.0,"1.0::;(;(target(X);type(X;~bowl));expression(~on;X;~counter)).","('bowl'; 'bbox4')"
4,11,3.739116394285702e-08,3.739116328830397e-08,26.0,4.0,"0.0::;(;(target(X);type(X;~bowl));expression(~on;X;~counter)).","('food'; 'bbox7')"
4,12,20.0,0.9999999979388464,7.0,0.0,"1.0::;(;(;(;(target(X);type(X;~desk));expression(~onTopOf;~pen;X));expression(~onTopOf;~written;~book));expression(~has;~book;~open)).","('desk'; None)"
4,13,0.0,0.0,133.0,4.0,"1.0::;(;(;(;(target(X);type(X;~front));expression(~in;~cd;X));expression(~in;~cd;~desk));expression(~on;~cup;~desk)).","('front'; 'bbox10')"
4,14,6.231880433915649e-07,6.231878640633087e-07,108.0,4.0,"0.0::;(;(;(;(target(X);type(X;~front));expression(~in;~cd;X));expression(~in;~cd;~desk));expression(~on;~cup;~desk)).","('book'; 'bbox11')"
4,15,0.0,0.0,54.0,4.0,"1.0::;(;(;(;(target(X);type(X;~computer));expression(~on;X;~desk));expression(~on;~keyboard;~desk));expression(~under;~tower;~desk)).","('computer'; 'bbox3')"
4,16,0.7729527950286865,0.5383520978552567,20.0,4.0,"1.0::;(;(target(X);type(X;~desk));expression(~on;~calculator;X)).","('desk'; 'bbox2')"
4,17,0.0,0.0,27.0,4.0,"1.0::;(;(target(X);type(X;~desk));expression(~on;~cup;X)).","('desk'; 'bbox5')"
4,18,1.7207629680633545,0.8210704217348269,28.0,4.0,"1.0::;(;(target(X);type(X;~coat));expression(~hasAttribute;X;~hanging)).","('coat'; 'bbox2')"
4,19,0.6766533255577087,0.491684685213042,26.0,4.0,"1.0::;(;(target(X);type(X;~cup));expression(~along;X;~desk)).","('cup'; 'bbox4')"
4,20,3.0806559152551927e-06,3.0806510420770945e-06,28.0,4.0,"0.0::;(;(target(X);type(X;~cup));expression(~along;X;~desk)).","('cable'; 'bbox6')"
4,21,1.1356844902038574,0.678797813678697,25.0,4.0,"1.0::;(;(target(X);type(X;~bowl));expression(~along;X;~table)).","('bowl'; 'bbox4')"
4,22,0.0014942414127290249,0.0014931256251243554,27.0,4.0,"0.0::;(;(target(X);type(X;~bowl));expression(~along;X;~table)).","('bag'; 'bbox9')"
4,23,3.0995547771453857,0.9549307362063889,117.0,4.0,"1.0::;(;(;(;(;(target(X);type(X;~plant));expression(~along;X;~desk));expression(~under;~box;~desk));expression(~along;~computer;~desk));expression(~past;~chair;~desk)).","('plant'; 'bbox8')"
4,24,5.384266376495361,0.9954117948970439,69.0,4.0,"1.0::;(;(;(;(;(target(X);type(X;~cup));expression(~along;X;~desk));expression(~hasAttribute;~desk;~table));expression(~on;~pen;~desk));expression(~hasAttribute;~desk;~white)).","('cup'; 'bbox4')"
4,25,3.661045789718628,0.9742943840042702,45.0,4.0,"1.0::;(;(;(;(target(X);type(X;~desk));expression(~along;~telephone;X));expression(~on;~written;X));expression(~hasAttribute;X;~white)).","('desk'; 'bbox2')"
4,26,1.2643808126449585,0.7175858907407595,30.0,4.0,"1.0::;(;(target(X);type(X;~baby));expression(~on;X;~video)).","('baby'; 'bbox3')"
4,27,6.0602264404296875,0.9976661276553669,346.0,4.0,"1.0::;(;(;(;(target(X);type(X;~lamp));expression(~along;X;~desk));expression(~hasAttribute;X;~green));expression(~contains;X;~shaded)).","('lamp'; 'bbox1')"
4,28,1.5065070390701294,0.7783170429115543,58.0,4.0,"1.0::;(;(;(;(target(X);type(X;~computer));expression(~in;X;~video));expression(~along;~picture;~desk));expression(~on;~book;~desk)).","('computer'; 'bbox5')"
4,29,3.2150235176086426,0.9598456105226973,29.0,4.0,"1.0::;(;(;(target(X);type(X;~room));expression(~in;~computer;X));expression(~hasAttribute;X;~indoors)).","('room'; 'bbox2')"
4,30,3.444495677947998,0.9680791436243077,14.0,2.0,"1.0::;(;(target(X);type(X;~box));expression(~hasAttribute;X;~brown)).","('box'; 'bbox6')"
4,31,0.0,0.0,14.0,2.0,"1.0::;(;(target(X);type(X;~desk));expression(~onTopOf;~pad;X)).","('desk'; 'bbox4')"
4,32,2.198546886444092,0.8890357150269333,61.0,4.0,"1.0::;(;(;(;(target(X);type(X;~people));expression(~along;X;~pavement));expression(~on;~sign;~sidewalk));expression(~on;~man;~pavement)).","('people'; 'bbox3')"
4,33,0.0,0.0,24.0,4.0,"1.0::;(;(target(X);type(X;~jeans));expression(~has;~man;X)).","('jeans'; 'bbox2')"
4,34,0.0,0.0,11.0,1.0,"1.0::;(;(target(X);type(X;~chair));expression(~in;X;~picture)).","('chair'; 'bbox1')"
4,35,2.7890545428732594e-09,2.7890545447674575e-09,11.0,1.0,"0.0::;(;(target(X);type(X;~chair));expression(~in;X;~picture)).","('tile'; 'bbox5')"
4,36,3.4949097633361816,0.9696485128700044,11.0,1.0,"1.0::;(;(target(X);type(X;~poster));expression(~hasAttribute;X;~hung)).","('poster'; 'bbox6')"
4,37,1.192695140838623,0.696597551179214,68.0,4.0,"1.0::;(;(;(;(target(X);type(X;~table));expression(~nextTo;~can;X));expression(~on;~can;X));expression(~hasAttribute;~can;~open)).","('table'; 'bbox4')"
4,38,3.3606529235839844,0.9652874131226531,20.0,4.0,"1.0::;(;(target(X);type(X;~keyboard));expression(~hasAttribute;X;~computer)).","('keyboard'; 'bbox7')"
4,39,7.181283473968506,0.9992393091116157,20.0,4.0,"1.0::;(;(target(X);type(X;~hair));expression(~hasAttribute;X;~shorter)).","('hair'; 'bbox2')"
4,40,0.00010844526696018875,0.00010843938648669062,20.0,4.0,"0.0::;(;(target(X);type(X;~hair));expression(~hasAttribute;X;~shorter)).","('bag'; 'bbox5')"
4,41,1.1634396314620972,0.6875902437348302,14.0,2.0,"1.0::;(;(target(X);type(X;~keyboard));expression(~hasAttribute;X;~cable)).","('keyboard'; 'bbox1')"
4,42,0.0,0.0,26.0,4.0,"1.0::;(;(target(X);type(X;~bookshelf));expression(~onTopOf;~book;X)).","('bookshelf'; 'bbox4')"
4,43,0.6649453639984131,0.48569837367650104,96.0,4.0,"1.0::;(;(;(;(target(X);type(X;~table));expression(~onTopOf;~can;X));expression(~onTopOf;~can;~desk));expression(~onTopOf;~phone;~desk)).","('table'; 'bbox8')"
4,44,1.7202314138412476,0.8209752856792942,72.0,4.0,"1.0::;(;(;(;(target(X);type(X;~shirt));expression(~hasOn;~woman;X));expression(~has;~woman;~hair));expression(~hasOn;~woman;~watch)).","('shirt'; 'bbox12')"
4,45,20.0,0.9999999979388464,5.0,0.0,"1.0::;(;(target(X);type(X;~building));expression(~hasAttribute;X;~taller)).","('building'; None)"
4,46,20.0,0.9999999979388464,6.0,0.0,"1.0::;(;(;(target(X);type(X;~girl));expression(~nextTo;X;~car));expression(~beside;X;~car)).","('girl'; None)"
4,47,5.1193976402282715,0.9940203763048274,67.0,4.0,"1.0::;(;(;(;(;(target(X);type(X;~car));expression(~beside;~girl;X));expression(~besideOf;~girl;X));expression(~beside;~girl;X));expression(~hasAttribute;~girl;~brunette)).","('car'; 'bbox2')"
4,48,2.06115369216775e-09,2.061153622438558e-09,8.0,0.0,"0.0::;(;(;(;(;(target(X);type(X;~car));expression(~beside;~girl;X));expression(~besideOf;~girl;X));expression(~beside;~girl;X));expression(~hasAttribute;~girl;~brunette)).","('girl'; None)"
4,49,4.285865783691406,0.9862382982948544,11.0,1.0,"1.0::;(;(target(X);type(X;~man));expression(~hasAttribute;X;~sitting)).","('man'; 'bbox3')"
4,50,2.348942518234253,0.9045299332914654,11.0,1.0,"1.0::;(;(target(X);type(X;~bicycle));expression(~hasProperty;X;~park)).","('bicycle'; 'bbox1')"
4,51,1.4778666496276855,0.7718761622898773,26.0,4.0,"1.0::;(;(target(X);type(X;~sidewalk));expression(~alongsideOf;~car;X)).","('sidewalk'; 'bbox9')"
4,52,2.06115369216775e-09,2.061153622438558e-09,5.0,0.0,"0.0::;(;(target(X);type(X;~sidewalk));expression(~alongsideOf;~car;X)).","('car'; None)"
4,53,20.0,0.9999999979388464,6.0,0.0,"1.0::;(;(;(target(X);type(X;~building));expression(~on;~sign;X));expression(~hasAttribute;X;~taller)).","('building'; None)"
4,54,5.467022035077207e-08,5.467021910308787e-08,71.0,4.0,"0.0::;(;(;(target(X);type(X;~building));expression(~on;~sign;X));expression(~hasAttribute;X;~taller)).","('man'; 'bbox1')"
4,55,20.0,0.9999999979388464,5.0,0.0,"1.0::;(;(target(X);type(X;~chair));expression(~has;X;~wood)).","('chair'; None)"
4,56,2.8467934131622314,0.9419698985856744,17.0,3.0,"1.0::;(;(target(X);type(X;~carpet));expression(~hasAttribute;X;~brown)).","('carpet'; 'bbox6')"
4,57,1.4988422393798828,0.7766113589383512,17.0,3.0,"1.0::;(;(target(X);type(X;~door));expression(~in;X;~painting)).","('door'; 'bbox3')"
4,58,0.0,0.0,22.0,4.0,"1.0::;(;(target(X);type(X;~vase));expression(~on;X;~table)).","('vase'; 'bbox5')"
4,59,0.6597924828529358,0.48304139886446174,21.0,4.0,"1.0::;(;(target(X);type(X;~book));expression(~along;X;~table)).","('book'; 'bbox6')"
4,60,0.4494999945163727,0.3620529510873475,21.0,4.0,"1.0::;(;(target(X);type(X;~picture));expression(~hasAttribute;X;~frame)).","('picture'; 'bbox1')"
4,61,0.0,0.0,29.0,4.0,"1.0::;(;(;(target(X);type(X;~woman));expression(~facing;X;~ocean));expression(~facing;X;~ocean)).","('woman'; 'bbox1')"
4,62,1.5431244373321533,0.7862876735727862,31.0,4.0,"1.0::;(;(;(target(X);type(X;~ocean));expression(~facing;~woman;X));expression(~wearing;~woman;~skirt)).","('ocean'; 'bbox2')"
4,63,1.153954029083252,0.6846127496706166,37.0,4.0,"1.0::;(;(;(target(X);type(X;~sign));expression(~onTopOf;X;~stand));expression(~along;~television;~stand)).","('sign'; 'bbox1')"
4,64,20.0,0.9999999979388464,8.0,0.0,"1.0::;(;(target(X);type(X;~picture));expression(~has;X;~indoors)).","('picture'; 'bbox3')"
4,65,20.0,0.9999999979388464,8.0,0.0,"1.0::;(;(target(X);type(X;~switch));expression(~hasAttribute;X;~snowy)).","('switch'; 'bbox1')"
4,66,0.5376670956611633,0.41589066467874225,17.0,3.0,"1.0::;(;(target(X);type(X;~shelf));expression(~hasAttribute;X;~plate)).","('shelf'; 'bbox3')"
4,67,5.595360562438145e-05,5.59520421119112e-05,17.0,3.0,"0.0::;(;(target(X);type(X;~shelf));expression(~hasAttribute;X;~plate)).","('switch'; 'bbox1')"
4,68,20.0,0.9999999979388464,5.0,0.0,"1.0::;(;(target(X);type(X;~table));expression(~hasAttribute;X;~forest)).","('table'; None)"
4,69,0.9510130286216736,0.6136505578963878,24.0,4.0,"1.0::;(;(target(X);type(X;~wheel));expression(~contains;~table;X)).","('wheel'; 'bbox2')"
4,70,2.6015212535858154,0.925839324833999,24.0,4.0,"1.0::;(;(target(X);type(X;~painting));expression(~hasAttribute;X;~white)).","('painting'; 'bbox10')"
4,71,2.5026044845581055,0.918128512323793,230.0,4.0,"1.0::;(;(;(;(target(X);type(X;~desk));expression(~on;~telephone;X));expression(~has;~telephone;~telephone));expression(~on;~phone;~table)).","('desk'; 'bbox7')"
4,72,1.1491085290908813,0.6830808322960447,22.0,4.0,"1.0::;(;(target(X);type(X;~computer));expression(~hasAttribute;X;~white)).","('computer'; 'bbox4')"
4,73,20.0,0.9999999979388464,5.0,0.0,"1.0::;(;(target(X);type(X;~lamp));expression(~on;X;~desk)).","('lamp'; None)"
4,74,5.465683937072754,0.9957705526182585,180.0,4.0,"1.0::;(;(;(;(;(target(X);type(X;~stand));expression(~along;~lamp;X));expression(~hasProperty;~lamp;~snowy));expression(~on;~lamp;~desk));expression(~hasAttribute;~lamp;~hit)).","('stand'; 'bbox2')"
4,75,1.8618155717849731,0.8446097480506796,16.0,1.0,"1.0::;(;(;(target(X);type(X;~table));expression(~on;~bowl;X));expression(~hasAttribute;~bowl;~white)).","('table'; 'bbox2')"
4,76,3.0165860652923584,0.9510318927530576,21.0,4.0,"1.0::;(;(target(X);type(X;~door));expression(~hasAttribute;X;~open)).","('door'; 'bbox12')"
4,77,0.8686288595199585,0.5804736153240078,51.0,4.0,"1.0::;(;(;(;(target(X);type(X;~box));expression(~on;X;~table));expression(~on;~home;~table));expression(~on;~fruit;~table)).","('box'; 'bbox5')"
4,78,2.4718756675720215,0.915573645378316,20.0,4.0,"1.0::;(;(target(X);type(X;~pot));expression(~has;X;~browned)).","('pot'; 'bbox4')"
4,79,1.8632979603694366e-09,1.8632979718606764e-09,20.0,4.0,"0.0::;(;(target(X);type(X;~pot));expression(~has;X;~browned)).","('basket'; 'bbox6')"
4,80,20.0,0.9999999979388464,5.0,0.0,"1.0::;(;(target(X);type(X;~chair));expression(~hasProperty;X;~empty)).","('chair'; None)"
4,81,0.4873564839363098,0.3857519756431649,39.0,4.0,"1.0::;(;(;(target(X);type(X;~vase));expression(~on;X;~table));expression(~along;X;~table)).","('vase'; 'bbox6')"
4,82,0.0,0.0,26.0,4.0,"1.0::;(;(target(X);type(X;~person));expression(~on;X;~picture)).","('person'; 'bbox5')"
4,83,3.379368305206299,0.965931030870956,11.0,1.0,"1.0::;(;(target(X);type(X;~box));expression(~hasAttribute;X;~shut)).","('box'; 'bbox4')"
4,84,0.0,0.0,11.0,1.0,"1.0::;(;(target(X);type(X;~stand));expression(~on;~bowl;X)).","('stand'; 'bbox2')"
4,85,5.038671016693115,0.9935176424587729,11.0,1.0,"1.0::;(;(target(X);type(X;~bowl));expression(~hasAttribute;X;~empty)).","('bowl'; 'bbox1')"
4,86,1.1119982445961796e-06,1.111997630163448e-06,11.0,1.0,"0.0::;(;(target(X);type(X;~bowl));expression(~hasAttribute;X;~empty)).","('stand'; 'bbox2')"
4,87,3.2225522994995117,0.9601467889869202,21.0,4.0,"1.0::;(;(target(X);type(X;~couch));expression(~hasAttribute;X;~tall)).","('couch'; 'bbox9')"
4,88,0.0,0.0,21.0,4.0,"1.0::;(;(target(X);type(X;~lamp));expression(~onTopOf;X;~table)).","('lamp'; 'bbox4')"
4,89,20.0,0.9999999979388464,5.0,0.0,"1.0::;(;(target(X);type(X;~plate));expression(~on;X;~counter)).","('plate'; None)"
4,90,2.318539619445801,0.9015827927166021,108.0,4.0,"1.0::;(;(;(;(target(X);type(X;~table));expression(~on;~home;X));expression(~on;~home;~counter));expression(~on;~television;~counter)).","('table'; 'bbox2')"
4,91,0.0,0.0,28.0,4.0,"1.0::;(;(target(X);type(X;~stand));expression(~has;~board;X)).","('stand'; 'bbox3')"
4,92,20.0,0.9999999979388464,5.0,0.0,"1.0::;(;(target(X);type(X;~table));expression(~along;~book;X)).","('table'; None)"
4,93,2.06115369216775e-09,2.061153622438558e-09,5.0,0.0,"0.0::;(;(target(X);type(X;~table));expression(~along;~book;X)).","('chair'; None)"
5,0,8.275727272033691,0.9997453771868671,81.0,4.0,"1.0::;(;(;(;(target(X);type(X;~building));expression(~on;~sign;X));expression(~hasProperty;X;~tall));expression(~has;X;~brick)).","('building'; 'bbox2')"
5,1,0.1869993507862091,0.1705557251281089,32.0,4.0,"1.0::;(;(;(target(X);type(X;~man));expression(~wearing;X;~shirt));expression(~hasAttribute;X;~shirt)).","('man'; 'bbox3')"
5,2,0.0,0.0,40.0,4.0,"1.0::;(;(;(target(X);type(X;~road));expression(~parkedOn;~car;X));expression(~parkedOn;~car;X)).","('road'; 'bbox4')"
5,3,2.06115369216775e-09,2.061153622438558e-09,6.0,0.0,"0.0::;(;(;(target(X);type(X;~road));expression(~parkedOn;~car;X));expression(~parkedOn;~car;X)).","('building'; None)"
5,4,0.0,0.0,26.0,4.0,"1.0::;(;(target(X);type(X;~chain));expression(~wears;~girl;X)).","('chain'; 'bbox3')"
5,5,2.567861795425415,0.9233006308408304,17.0,3.0,"1.0::;(;(target(X);type(X;~lamp));expression(~hasAttribute;X;~tall)).","('lamp'; 'bbox5')"
5,6,3.456874370574951,0.9684718465051018,17.0,3.0,"1.0::;(;(target(X);type(X;~box));expression(~hasProperty;X;~empty)).","('box'; 'bbox9')"
5,7,2.6289944648742676,0.9278490238841287,17.0,3.0,"1.0::;(;(target(X);type(X;~desk));expression(~hasAttribute;X;~browned)).","('desk'; 'bbox2')"
5,8,1.6819533543710463e-09,1.6819533463036833e-09,17.0,3.0,"0.0::;(;(target(X);type(X;~desk));expression(~hasAttribute;X;~browned)).","('color'; 'bbox7')"
5,9,5.6978678703308105,0.9966468928995558,17.0,3.0,"1.0::;(;(target(X);type(X;~light));expression(~hasAttribute;X;~on)).","('light'; 'bbox6')"
5,10,0.0,0.0,26.0,4.0,"1.0::;(;(target(X);type(X;~bowl));expression(~on;X;~counter)).","('bowl'; 'bbox4')"
5,11,2.98368298956575e-08,2.983683067627976e-08,27.0,4.0,"0.0::;(;(target(X);type(X;~bowl));expression(~on;X;~counter)).","('food'; 'bbox7')"
5,12,20.0,0.9999999979388464,7.0,0.0,"1.0::;(;(;(;(target(X);type(X;~desk));expression(~onTopOf;~pen;X));expression(~onTopOf;~written;~book));expression(~has;~book;~open)).","('desk'; None)"
5,13,0.0,0.0,127.0,4.0,"1.0::;(;(;(;(target(X);type(X;~front));expression(~in;~cd;X));expression(~in;~cd;~desk));expression(~on;~cup;~desk)).","('front'; 'bbox10')"
5,14,7.655058311684115e-07,7.655055745819557e-07,106.0,4.0,"0.0::;(;(;(;(target(X);type(X;~front));expression(~in;~cd;X));expression(~in;~cd;~desk));expression(~on;~cup;~desk)).","('book'; 'bbox11')"
5,15,0.0,0.0,49.0,4.0,"1.0::;(;(;(;(target(X);type(X;~computer));expression(~on;X;~desk));expression(~on;~keyboard;~desk));expression(~under;~tower;~desk)).","('computer'; 'bbox3')"
5,16,0.6003740429878235,0.4513936046632645,20.0,4.0,"1.0::;(;(target(X);type(X;~desk));expression(~on;~calculator;X)).","('desk'; 'bbox2')"
5,17,0.0,0.0,26.0,4.0,"1.0::;(;(target(X);type(X;~desk));expression(~on;~cup;X)).","('desk'; 'bbox5')"
5,18,1.3645063638687134,0.7444932277627505,27.0,4.0,"1.0::;(;(target(X);type(X;~coat));expression(~hasAttribute;X;~hanging)).","('coat'; 'bbox2')"
5,19,0.6104952692985535,0.45691816930057205,26.0,4.0,"1.0::;(;(target(X);type(X;~cup));expression(~along;X;~desk)).","('cup'; 'bbox4')"
5,20,6.312340701697394e-06,6.312320482718276e-06,28.0,4.0,"0.0::;(;(target(X);type(X;~cup));expression(~along;X;~desk)).","('cable'; 'bbox6')"
5,21,1.0321377515792847,0.6437554164479513,24.0,4.0,"1.0::;(;(target(X);type(X;~bowl));expression(~along;X;~table)).","('bowl'; 'bbox4')"
5,22,0.002414949471130967,0.002412035829952002,26.0,4.0,"0.0::;(;(target(X);type(X;~bowl));expression(~along;X;~table)).","('bag'; 'bbox9')"
5,23,2.4832258224487305,0.9165264799398904,109.0,4.0,"1.0::;(;(;(;(;(target(X);type(X;~plant));expression(~along;X;~desk));expression(~under;~box;~desk));expression(~along;~computer;~desk));expression(~past;~chair;~desk)).","('plant'; 'bbox8')"
5,24,4.308572769165039,0.9865472639410506,66.0,4.0,"1.0::;(;(;(;(;(target(X);type(X;~cup));expression(~along;X;~desk));expression(~hasAttribute;~desk;~table));expression(~on;~pen;~desk));expression(~hasAttribute;~desk;~white)).","('cup'; 'bbox4')"
5,25,3.1748476028442383,0.9581995261271334,45.0,4.0,"1.0::;(;(;(;(target(X);type(X;~desk));expression(~along;~telephone;X));expression(~on;~written;X));expression(~hasAttribute;X;~white)).","('desk'; 'bbox2')"
5,26,1.2521469593048096,0.7141096574390899,30.0,4.0,"1.0::;(;(target(X);type(X;~baby));expression(~on;X;~video)).","('baby'; 'bbox3')"
5,27,4.962968349456787,0.9930078581226851,283.0,4.0,"1.0::;(;(;(;(target(X);type(X;~lamp));expression(~along;X;~desk));expression(~hasAttribute;X;~green));expression(~contains;X;~shaded)).","('lamp'; 'bbox1')"
5,28,1.3920222520828247,0.7514278794678757,58.0,4.0,"1.0::;(;(;(;(target(X);type(X;~computer));expression(~in;X;~video));expression(~along;~picture;~desk));expression(~on;~book;~desk)).","('computer'; 'bbox5')"
5,29,2.7223613262176514,0.9342806138485223,29.0,4.0,"1.0::;(;(;(target(X);type(X;~room));expression(~in;~computer;X));expression(~hasAttribute;X;~indoors)).","('room'; 'bbox2')"
5,30,2.7234344482421875,0.9343511009418499,14.0,2.0,"1.0::;(;(target(X);type(X;~box));expression(~hasAttribute;X;~brown)).","('box'; 'bbox6')"
5,31,0.0,0.0,14.0,2.0,"1.0::;(;(target(X);type(X;~desk));expression(~onTopOf;~pad;X)).","('desk'; 'bbox4')"
5,32,2.109825611114502,0.8787408891691516,62.0,4.0,"1.0::;(;(;(;(target(X);type(X;~people));expression(~along;X;~pavement));expression(~on;~sign;~sidewalk));expression(~on;~man;~pavement)).","('people'; 'bbox3')"
5,33,0.0,0.0,24.0,4.0,"1.0::;(;(target(X);type(X;~jeans));expression(~has;~man;X)).","('jeans'; 'bbox2')"
5,34,0.0,0.0,11.0,1.0,"1.0::;(;(target(X);type(X;~chair));expression(~in;X;~picture)).","('chair'; 'bbox1')"
5,35,1.933208038096268e-09,1.9332080599988236e-09,11.0,1.0,"0.0::;(;(target(X);type(X;~chair));expression(~in;X;~picture)).","('tile'; 'bbox5')"
5,36,2.9836459159851074,0.9493920153628791,11.0,1.0,"1.0::;(;(target(X);type(X;~poster));expression(~hasAttribute;X;~hung)).","('poster'; 'bbox6')"
5,37,1.1020408868789673,0.6678075757598723,68.0,4.0,"1.0::;(;(;(;(target(X);type(X;~table));expression(~nextTo;~can;X));expression(~on;~can;X));expression(~hasAttribute;~can;~open)).","('table'; 'bbox4')"
5,38,3.291076898574829,0.9627862476270173,20.0,4.0,"1.0::;(;(target(X);type(X;~keyboard));expression(~hasAttribute;X;~computer)).","('keyboard'; 'bbox7')"
5,39,7.088086128234863,0.9991650060914042,20.0,4.0,"1.0::;(;(target(X);type(X;~hair));expression(~hasAttribute;X;~shorter)).","('hair'; 'bbox2')"
5,40,0.00010015961743192747,0.00010015460183468718,20.0,4.0,"0.0::;(;(target(X);type(X;~hair));expression(~hasAttribute;X;~shorter)).","('bag'; 'bbox5')"
5,41,1.0133427381515503,0.6369964764995373,14.0,2.0,"1.0::;(;(target(X);type(X;~keyboard));expression(~hasAttribute;X;~cable)).","('keyboard'; 'bbox1')"
5,42,0.0,0.0,26.0,4.0,"1.0::;(;(target(X);type(X;~bookshelf));expression(~onTopOf;~book;X)).","('bookshelf'; 'bbox4')"
5,43,0.6173010468482971,0.46060171451889853,97.0,4.0,"1.0::;(;(;(;(target(X);type(X;~table));expression(~onTopOf;~can;X));expression(~onTopOf;~can;~desk));expression(~onTopOf;~phone;~desk)).","('table'; 'bbox8')"
5,44,1.3765020370483398,0.7475398935605488,72.0,4.0,"1.0::;(;(;(;(target(X);type(X;~shirt));expression(~hasOn;~woman;X));expression(~has;~woman;~hair));expression(~hasOn;~woman;~watch)).","('shirt'; 'bbox12')"
5,45,20.0,0.9999999979388464,5.0,0.0,"1.0::;(;(target(X);type(X;~building));expression(~hasAttribute;X;~taller)).","('building'; None)"
5,46,20.0,0.9999999979388464,6.0,0.0,"1.0::;(;(;(target(X);type(X;~girl));expression(~nextTo;X;~car));expression(~beside;X;~car)).","('girl'; None)"
5,47,5.238093376159668,0.9946896279281757,67.0,4.0,"1.0::;(;(;(;(;(target(X);type(X;~car));expression(~beside;~girl;X));expression(~besideOf;~girl;X));expression(~beside;~girl;X));expression(~hasAttribute;~girl;~brunette)).","('car'; 'bbox2')"
5,48,2.06115369216775e-09,2.061153622438558e-09,8.0,0.0,"0.0::;(;(;(;(;(target(X);type(X;~car));expression(~beside;~girl;X));expression(~besideOf;~girl;X));expression(~beside;~girl;X));expression(~hasAttribute;~girl;~brunette)).","('girl'; None)"
5,49,3.6767406463623047,0.9746946804476116,11.0,1.0,"1.0::;(;(target(X);type(X;~man));expression(~hasAttribute;X;~sitting)).","('man'; 'bbox3')"
5,50,2.3679566383361816,0.9063280635002712,11.0,1.0,"1.0::;(;(target(X);type(X;~bicycle));expression(~hasProperty;X;~park)).","('bicycle'; 'bbox1')"
5,51,1.5949338674545288,0.7970780521962468,26.0,4.0,"1.0::;(;(target(X);type(X;~sidewalk));expression(~alongsideOf;~car;X)).","('sidewalk'; 'bbox9')"
5,52,2.06115369216775e-09,2.061153622438558e-09,5.0,0.0,"0.0::;(;(target(X);type(X;~sidewalk));expression(~alongsideOf;~car;X)).","('car'; None)"
5,53,20.0,0.9999999979388464,6.0,0.0,"1.0::;(;(;(target(X);type(X;~building));expression(~on;~sign;X));expression(~hasAttribute;X;~taller)).","('building'; None)"
5,54,7.401268931062077e-08,7.40126926731932e-08,71.0,4.0,"0.0::;(;(;(target(X);type(X;~building));expression(~on;~sign;X));expression(~hasAttribute;X;~taller)).","('man'; 'bbox1')"
5,55,20.0,0.9999999979388464,5.0,0.0,"1.0::;(;(target(X);type(X;~chair));expression(~has;X;~wood)).","('chair'; None)"
5,56,2.4988584518432617,0.9178212438930669,17.0,3.0,"1.0::;(;(target(X);type(X;~carpet));expression(~hasAttribute;X;~brown)).","('carpet'; 'bbox6')"
5,57,1.2829599380493164,0.7227844559575463,17.0,3.0,"1.0::;(;(target(X);type(X;~door));expression(~in;X;~painting)).","('door'; 'bbox3')"
5,58,0.0,0.0,22.0,4.0,"1.0::;(;(target(X);type(X;~vase));expression(~on;X;~table)).","('vase'; 'bbox5')"
5,59,0.6200324296951294,0.4620730074965622,21.0,4.0,"1.0::;(;(target(X);type(X;~book));expression(~along;X;~table)).","('book'; 'bbox6')"
5,60,0.40468981862068176,0.3328162732652933,21.0,4.0,"1.0::;(;(target(X);type(X;~picture));expression(~hasAttribute;X;~frame)).","('picture'; 'bbox1')"
5,61,0.0,0.0,29.0,4.0,"1.0::;(;(;(target(X);type(X;~woman));expression(~facing;X;~ocean));expression(~facing;X;~ocean)).","('woman'; 'bbox1')"
5,62,1.2662501335144043,0.7181133202079829,29.0,4.0,"1.0::;(;(;(target(X);type(X;~ocean));expression(~facing;~woman;X));expression(~wearing;~woman;~skirt)).","('ocean'; 'bbox2')"
5,63,1.0812584161758423,0.6608315580768829,35.0,4.0,"1.0::;(;(;(target(X);type(X;~sign));expression(~onTopOf;X;~stand));expression(~along;~television;~stand)).","('sign'; 'bbox1')"
5,64,20.0,0.9999999979388464,8.0,0.0,"1.0::;(;(target(X);type(X;~picture));expression(~has;X;~indoors)).","('picture'; 'bbox3')"
5,65,20.0,0.9999999979388464,8.0,0.0,"1.0::;(;(target(X);type(X;~switch));expression(~hasAttribute;X;~snowy)).","('switch'; 'bbox1')"
5,66,0.45990705490112305,0.36865767704537467,17.0,3.0,"1.0::;(;(target(X);type(X;~shelf));expression(~hasAttribute;X;~plate)).","('shelf'; 'bbox3')"
5,67,3.942480179830454e-05,3.942402264097088e-05,17.0,3.0,"0.0::;(;(target(X);type(X;~shelf));expression(~hasAttribute;X;~plate)).","('switch'; 'bbox1')"
5,68,20.0,0.9999999979388464,5.0,0.0,"1.0::;(;(target(X);type(X;~table));expression(~hasAttribute;X;~forest)).","('table'; None)"
5,69,0.9267439842224121,0.6041595227925829,24.0,4.0,"1.0::;(;(target(X);type(X;~wheel));expression(~contains;~table;X)).","('wheel'; 'bbox2')"
5,70,1.9684330224990845,0.8603244467269764,24.0,4.0,"1.0::;(;(target(X);type(X;~painting));expression(~hasAttribute;X;~white)).","('painting'; 'bbox10')"
5,71,2.3289453983306885,0.902601590528725,241.0,4.0,"1.0::;(;(;(;(target(X);type(X;~desk));expression(~on;~telephone;X));expression(~has;~telephone;~telephone));expression(~on;~phone;~table)).","('desk'; 'bbox7')"
5,72,1.073062539100647,0.6580403526551448,22.0,4.0,"1.0::;(;(target(X);type(X;~computer));expression(~hasAttribute;X;~white)).","('computer'; 'bbox4')"
5,73,20.0,0.9999999979388464,5.0,0.0,"1.0::;(;(target(X);type(X;~lamp));expression(~on;X;~desk)).","('lamp'; None)"
5,74,4.319028854370117,0.9866871940600267,137.0,4.0,"1.0::;(;(;(;(;(target(X);type(X;~stand));expression(~along;~lamp;X));expression(~hasProperty;~lamp;~snowy));expression(~on;~lamp;~desk));expression(~hasAttribute;~lamp;~hit)).","('stand'; 'bbox2')"
5,75,1.9453750848770142,0.8570663989499041,16.0,1.0,"1.0::;(;(;(target(X);type(X;~table));expression(~on;~bowl;X));expression(~hasAttribute;~bowl;~white)).","('table'; 'bbox2')"
5,76,2.5337209701538086,0.9206368377702078,21.0,4.0,"1.0::;(;(target(X);type(X;~door));expression(~hasAttribute;X;~open)).","('door'; 'bbox12')"
5,77,0.9141786098480225,0.599154258349171,51.0,4.0,"1.0::;(;(;(;(target(X);type(X;~box));expression(~on;X;~table));expression(~on;~home;~table));expression(~on;~fruit;~table)).","('box'; 'bbox5')"
5,78,2.4836387634277344,0.9165609424610016,20.0,4.0,"1.0::;(;(target(X);type(X;~pot));expression(~has;X;~browned)).","('pot'; 'bbox4')"
5,79,1.3678279620066291e-09,1.367827928275174e-09,20.0,4.0,"0.0::;(;(target(X);type(X;~pot));expression(~has;X;~browned)).","('basket'; 'bbox6')"
5,80,20.0,0.9999999979388464,5.0,0.0,"1.0::;(;(target(X);type(X;~chair));expression(~hasProperty;X;~empty)).","('chair'; None)"
5,81,0.46921220421791077,0.3745051635704706,39.0,4.0,"1.0::;(;(;(target(X);type(X;~vase));expression(~on;X;~table));expression(~along;X;~table)).","('vase'; 'bbox6')"
5,82,0.0,0.0,26.0,4.0,"1.0::;(;(target(X);type(X;~person));expression(~on;X;~picture)).","('person'; 'bbox5')"
5,83,2.905550956726074,0.9452813653048735,11.0,1.0,"1.0::;(;(target(X);type(X;~box));expression(~hasAttribute;X;~shut)).","('box'; 'bbox4')"
5,84,0.0,0.0,11.0,1.0,"1.0::;(;(target(X);type(X;~stand));expression(~on;~bowl;X)).","('stand'; 'bbox2')"
5,85,5.179874420166016,0.9943712867771053,11.0,1.0,"1.0::;(;(target(X);type(X;~bowl));expression(~hasAttribute;X;~empty)).","('bowl'; 'bbox1')"
5,86,8.779950917414681e-07,8.779946776991122e-07,11.0,1.0,"0.0::;(;(target(X);type(X;~bowl));expression(~hasAttribute;X;~empty)).","('stand'; 'bbox2')"
5,87,2.3689537048339844,0.906421414103826,21.0,4.0,"1.0::;(;(target(X);type(X;~couch));expression(~hasAttribute;X;~tall)).","('couch'; 'bbox9')"
5,88,0.0,0.0,21.0,4.0,"1.0::;(;(target(X);type(X;~lamp));expression(~onTopOf;X;~table)).","('lamp'; 'bbox4')"
5,89,20.0,0.9999999979388464,5.0,0.0,"1.0::;(;(target(X);type(X;~plate));expression(~on;X;~counter)).","('plate'; None)"
5,90,2.047974109649658,0.8710040292558386,106.0,4.0,"1.0::;(;(;(;(target(X);type(X;~table));expression(~on;~home;X));expression(~on;~home;~counter));expression(~on;~television;~counter)).","('table'; 'bbox2')"
5,91,0.0,0.0,28.0,4.0,"1.0::;(;(target(X);type(X;~stand));expression(~has;~board;X)).","('stand'; 'bbox3')"
5,92,20.0,0.9999999979388464,5.0,0.0,"1.0::;(;(target(X);type(X;~table));expression(~along;~book;X)).","('table'; None)"
5,93,2.06115369216775e-09,2.061153622438558e-09,5.0,0.0,"0.0::;(;(target(X);type(X;~table));expression(~along;~book;X)).","('chair'; None)"
6,0,7.565767765045166,0.9994821203947649,81.0,4.0,"1.0::;(;(;(;(target(X);type(X;~building));expression(~on;~sign;X));expression(~hasProperty;X;~tall));expression(~has;X;~brick)).","('building'; 'bbox2')"
6,1,0.17683526873588562,0.1620821955862688,35.0,4.0,"1.0::;(;(;(target(X);type(X;~man));expression(~wearing;X;~shirt));expression(~hasAttribute;X;~shirt)).","('man'; 'bbox3')"
6,2,0.0,0.0,40.0,4.0,"1.0::;(;(;(target(X);type(X;~road));expression(~parkedOn;~car;X));expression(~parkedOn;~car;X)).","('road'; 'bbox4')"
6,3,2.06115369216775e-09,2.061153622438558e-09,6.0,0.0,"0.0::;(;(;(target(X);type(X;~road));expression(~parkedOn;~car;X));expression(~parkedOn;~car;X)).","('building'; None)"
6,4,0.0,0.0,26.0,4.0,"1.0::;(;(target(X);type(X;~chain));expression(~wears;~girl;X)).","('chain'; 'bbox3')"
6,5,2.0910532474517822,0.8764430687623056,17.0,3.0,"1.0::;(;(target(X);type(X;~lamp));expression(~hasAttribute;X;~tall)).","('lamp'; 'bbox5')"
6,6,2.8343758583068848,0.9412448140466321,17.0,3.0,"1.0::;(;(target(X);type(X;~box));expression(~hasProperty;X;~empty)).","('box'; 'bbox9')"
6,7,2.2653911113739014,0.8962105666263578,17.0,3.0,"1.0::;(;(target(X);type(X;~desk));expression(~hasAttribute;X;~browned)).","('desk'; 'bbox2')"
6,8,1.324058751528412e-09,1.324058745609623e-09,17.0,3.0,"0.0::;(;(target(X);type(X;~desk));expression(~hasAttribute;X;~browned)).","('color'; 'bbox7')"
6,9,5.697058200836182,0.9966441768916383,17.0,3.0,"1.0::;(;(target(X);type(X;~light));expression(~hasAttribute;X;~on)).","('light'; 'bbox6')"
6,10,0.0,0.0,26.0,4.0,"1.0::;(;(target(X);type(X;~bowl));expression(~on;X;~counter)).","('bowl'; 'bbox4')"
6,11,2.4483634675220856e-08,2.4483634423913807e-08,26.0,4.0,"0.0::;(;(target(X);type(X;~bowl));expression(~on;X;~counter)).","('food'; 'bbox7')"
6,12,20.0,0.9999999979388464,7.0,0.0,"1.0::;(;(;(;(target(X);type(X;~desk));expression(~onTopOf;~pen;X));expression(~onTopOf;~written;~book));expression(~has;~book;~open)).","('desk'; None)"
6,13,0.0,0.0,131.0,4.0,"1.0::;(;(;(;(target(X);type(X;~front));expression(~in;~cd;X));expression(~in;~cd;~desk));expression(~on;~cup;~desk)).","('front'; 'bbox10')"
6,14,9.643671319281566e-07,9.64366678415193e-07,110.0,4.0,"0.0::;(;(;(;(target(X);type(X;~front));expression(~in;~cd;X));expression(~in;~cd;~desk));expression(~on;~cup;~desk)).","('book'; 'bbox11')"
6,15,0.0,0.0,49.0,4.0,"1.0::;(;(;(;(target(X);type(X;~computer));expression(~on;X;~desk));expression(~on;~keyboard;~desk));expression(~under;~tower;~desk)).","('computer'; 'bbox3')"
6,16,0.4794588088989258,0.38088163749531634,20.0,4.0,"1.0::;(;(target(X);type(X;~desk));expression(~on;~calculator;X)).","('desk'; 'bbox2')"
6,17,0.0,0.0,26.0,4.0,"1.0::;(;(target(X);type(X;~desk));expression(~on;~cup;X)).","('desk'; 'bbox5')"
6,18,1.2532304525375366,0.7144192499395798,27.0,4.0,"1.0::;(;(target(X);type(X;~coat));expression(~hasAttribute;X;~hanging)).","('coat'; 'bbox2')"
6,19,0.5502303838729858,0.4231830942412186,26.0,4.0,"1.0::;(;(target(X);type(X;~cup));expression(~along;X;~desk)).","('cup'; 'bbox4')"
6,20,9.080702511710115e-06,9.080661133809352e-06,28.0,4.0,"0.0::;(;(target(X);type(X;~cup));expression(~along;X;~desk)).","('cable'; 'bbox6')"
6,21,1.0116028785705566,0.6363643515964155,24.0,4.0,"1.0::;(;(target(X);type(X;~bowl));expression(~along;X;~table)).","('bowl'; 'bbox4')"
6,22,0.0028208422008901834,0.0028168672462089584,26.0,4.0,"0.0::;(;(target(X);type(X;~bowl));expression(~along;X;~table)).","('bag'; 'bbox9')"
6,23,2.5985770225524902,0.925620656926263,109.0,4.0,"1.0::;(;(;(;(;(target(X);type(X;~plant));expression(~along;X;~desk));expression(~under;~box;~desk));expression(~along;~computer;~desk));expression(~past;~chair;~desk)).","('plant'; 'bbox8')"
6,24,4.129487037658691,0.983908869149927,66.0,4.0,"1.0::;(;(;(;(;(target(X);type(X;~cup));expression(~along;X;~desk));expression(~hasAttribute;~desk;~table));expression(~on;~pen;~desk));expression(~hasAttribute;~desk;~white)).","('cup'; 'bbox4')"
6,25,3.128720283508301,0.9562262205480923,45.0,4.0,"1.0::;(;(;(;(target(X);type(X;~desk));expression(~along;~telephone;X));expression(~on;~written;X));expression(~hasAttribute;X;~white)).","('desk'; 'bbox2')"
6,26,1.1234278678894043,0.6748367346571826,30.0,4.0,"1.0::;(;(target(X);type(X;~baby));expression(~on;X;~video)).","('baby'; 'bbox3')"
6,27,4.779878616333008,0.99160298183351,282.0,4.0,"1.0::;(;(;(;(target(X);type(X;~lamp));expression(~along;X;~desk));expression(~hasAttribute;X;~green));expression(~contains;X;~shaded)).","('lamp'; 'bbox1')"
6,28,1.36399507522583,0.7443625566494443,57.0,4.0,"1.0::;(;(;(;(target(X);type(X;~computer));expression(~in;X;~video));expression(~along;~picture;~desk));expression(~on;~book;~desk)).","('computer'; 'bbox5')"
6,29,2.36789608001709,0.9063223907134852,29.0,4.0,"1.0::;(;(;(target(X);type(X;~room));expression(~in;~computer;X));expression(~hasAttribute;X;~indoors)).","('room'; 'bbox2')"
6,30,2.4729340076446533,0.9156629499069819,14.0,2.0,"1.0::;(;(target(X);type(X;~box));expression(~hasAttribute;X;~brown)).","('box'; 'bbox6')"
6,31,0.0,0.0,14.0,2.0,"1.0::;(;(target(X);type(X;~desk));expression(~onTopOf;~pad;X)).","('desk'; 'bbox4')"
6,32,1.9635497331619263,0.8596407024852767,61.0,4.0,"1.0::;(;(;(;(target(X);type(X;~people));expression(~along;X;~pavement));expression(~on;~sign;~sidewalk));expression(~on;~man;~pavement)).","('people'; 'bbox3')"
6,33,0.0,0.0,24.0,4.0,"1.0::;(;(target(X);type(X;~jeans));expression(~has;~man;X)).","('jeans'; 'bbox2')"
6,34,0.0,0.0,11.0,1.0,"1.0::;(;(target(X);type(X;~chair));expression(~in;X;~picture)).","('chair'; 'bbox1')"
6,35,2.6586202128697778e-09,2.658620113953065e-09,11.0,1.0,"0.0::;(;(target(X);type(X;~chair));expression(~in;X;~picture)).","('tile'; 'bbox5')"
6,36,2.7706031799316406,0.937375780324841,11.0,1.0,"1.0::;(;(target(X);type(X;~poster));expression(~hasAttribute;X;~hung)).","('poster'; 'bbox6')"
6,37,1.1343746185302734,0.6783768043594467,68.0,4.0,"1.0::;(;(;(;(target(X);type(X;~table));expression(~nextTo;~can;X));expression(~on;~can;X));expression(~hasAttribute;~can;~open)).","('table'; 'bbox4')"
6,38,2.7602834701538086,0.9367261704249958,20.0,4.0,"1.0::;(;(target(X);type(X;~keyboard));expression(~hasAttribute;X;~computer)).","('keyboard'; 'bbox7')"
6,39,6.775796890258789,0.9988589391627188,20.0,4.0,"1.0::;(;(target(X);type(X;~hair));expression(~hasAttribute;X;~shorter)).","('hair'; 'bbox2')"
6,40,9.296980715589598e-05,9.296548339731576e-05,20.0,4.0,"0.0::;(;(target(X);type(X;~hair));expression(~hasAttribute;X;~shorter)).","('bag'; 'bbox5')"
6,41,1.0026391744613647,0.6330901767962678,14.0,2.0,"1.0::;(;(target(X);type(X;~keyboard));expression(~hasAttribute;X;~cable)).","('keyboard'; 'bbox1')"
6,42,0.0,0.0,26.0,4.0,"1.0::;(;(target(X);type(X;~bookshelf));expression(~onTopOf;~book;X)).","('bookshelf'; 'bbox4')"
6,43,0.5463622808456421,0.4209475862215071,97.0,4.0,"1.0::;(;(;(;(target(X);type(X;~table));expression(~onTopOf;~can;X));expression(~onTopOf;~can;~desk));expression(~onTopOf;~phone;~desk)).","('table'; 'bbox8')"
6,44,1.4300248622894287,0.7606970274499714,72.0,4.0,"1.0::;(;(;(;(target(X);type(X;~shirt));expression(~hasOn;~woman;X));expression(~has;~woman;~hair));expression(~hasOn;~woman;~watch)).","('shirt'; 'bbox12')"
6,45,20.0,0.9999999979388464,5.0,0.0,"1.0::;(;(target(X);type(X;~building));expression(~hasAttribute;X;~taller)).","('building'; None)"
6,46,20.0,0.9999999979388464,6.0,0.0,"1.0::;(;(;(target(X);type(X;~girl));expression(~nextTo;X;~car));expression(~beside;X;~car)).","('girl'; None)"
6,47,4.474470615386963,0.9886037464708293,67.0,4.0,"1.0::;(;(;(;(;(target(X);type(X;~car));expression(~beside;~girl;X));expression(~besideOf;~girl;X));expression(~beside;~girl;X));expression(~hasAttribute;~girl;~brunette)).","('car'; 'bbox2')"
6,48,2.06115369216775e-09,2.061153622438558e-09,8.0,0.0,"0.0::;(;(;(;(;(target(X);type(X;~car));expression(~beside;~girl;X));expression(~besideOf;~girl;X));expression(~beside;~girl;X));expression(~hasAttribute;~girl;~brunette)).","('girl'; None)"
6,49,3.6032443046569824,0.9727647803899776,11.0,1.0,"1.0::;(;(target(X);type(X;~man));expression(~hasAttribute;X;~sitting)).","('man'; 'bbox3')"
6,50,1.8629934787750244,0.8447926755576914,11.0,1.0,"1.0::;(;(target(X);type(X;~bicycle));expression(~hasProperty;X;~park)).","('bicycle'; 'bbox1')"
6,51,1.2512309551239014,0.7138476607132942,26.0,4.0,"1.0::;(;(target(X);type(X;~sidewalk));expression(~alongsideOf;~car;X)).","('sidewalk'; 'bbox9')"
6,52,2.06115369216775e-09,2.061153622438558e-09,5.0,0.0,"0.0::;(;(target(X);type(X;~sidewalk));expression(~alongsideOf;~car;X)).","('car'; None)"
6,53,20.0,0.9999999979388464,6.0,0.0,"1.0::;(;(;(target(X);type(X;~building));expression(~on;~sign;X));expression(~hasAttribute;X;~taller)).","('building'; None)"
6,54,6.513073458336294e-08,6.513073508959464e-08,71.0,4.0,"0.0::;(;(;(target(X);type(X;~building));expression(~on;~sign;X));expression(~hasAttribute;X;~taller)).","('man'; 'bbox1')"
6,55,20.0,0.9999999979388464,5.0,0.0,"1.0::;(;(target(X);type(X;~chair));expression(~has;X;~wood)).","('chair'; None)"
6,56,2.2815628051757812,0.897875518729733,17.0,3.0,"1.0::;(;(target(X);type(X;~carpet));expression(~hasAttribute;X;~brown)).","('carpet'; 'bbox6')"
6,57,1.133033037185669,0.6779450311154789,17.0,3.0,"1.0::;(;(target(X);type(X;~door));expression(~in;X;~painting)).","('door'; 'bbox3')"
6,58,0.0,0.0,22.0,4.0,"1.0::;(;(target(X);type(X;~vase));expression(~on;X;~table)).","('vase'; 'bbox5')"
6,59,0.5553643107414246,0.4261368414031974,21.0,4.0,"1.0::;(;(target(X);type(X;~book));expression(~along;X;~table)).","('book'; 'bbox6')"
6,60,0.40543562173843384,0.33331367546369484,21.0,4.0,"1.0::;(;(target(X);type(X;~picture));expression(~hasAttribute;X;~frame)).","('picture'; 'bbox1')"
6,61,0.0,0.0,29.0,4.0,"1.0::;(;(;(target(X);type(X;~woman));expression(~facing;X;~ocean));expression(~facing;X;~ocean)).","('woman'; 'bbox1')"
6,62,1.3444308042526245,0.7393119518329571,29.0,4.0,"1.0::;(;(;(target(X);type(X;~ocean));expression(~facing;~woman;X));expression(~wearing;~woman;~skirt)).","('ocean'; 'bbox2')"
6,63,1.0281636714935303,0.6423368550715225,37.0,4.0,"1.0::;(;(;(target(X);type(X;~sign));expression(~onTopOf;X;~stand));expression(~along;~television;~stand)).","('sign'; 'bbox1')"
6,64,20.0,0.9999999979388464,8.0,0.0,"1.0::;(;(target(X);type(X;~picture));expression(~has;X;~indoors)).","('picture'; 'bbox3')"
6,65,20.0,0.9999999979388464,8.0,0.0,"1.0::;(;(target(X);type(X;~switch));expression(~hasAttribute;X;~snowy)).","('switch'; 'bbox1')"
6,66,0.40606391429901123,0.3337324179614666,17.0,3.0,"1.0::;(;(target(X);type(X;~shelf));expression(~hasAttribute;X;~plate)).","('shelf'; 'bbox3')"
6,67,3.0182562113623135e-05,3.0182106803258905e-05,17.0,3.0,"0.0::;(;(target(X);type(X;~shelf));expression(~hasAttribute;X;~plate)).","('switch'; 'bbox1')"
6,68,20.0,0.9999999979388464,5.0,0.0,"1.0::;(;(target(X);type(X;~table));expression(~hasAttribute;X;~forest)).","('table'; None)"
6,69,0.8103607892990112,0.5553024048570661,24.0,4.0,"1.0::;(;(target(X);type(X;~wheel));expression(~contains;~table;X)).","('wheel'; 'bbox2')"
6,70,1.5531800985336304,0.7884259235456381,24.0,4.0,"1.0::;(;(target(X);type(X;~painting));expression(~hasAttribute;X;~white)).","('painting'; 'bbox10')"
6,71,2.1775760650634766,0.8866841316901437,248.0,4.0,"1.0::;(;(;(;(target(X);type(X;~desk));expression(~on;~telephone;X));expression(~has;~telephone;~telephone));expression(~on;~phone;~table)).","('desk'; 'bbox7')"
6,72,1.0177862644195557,0.6386059137550453,22.0,4.0,"1.0::;(;(target(X);type(X;~computer));expression(~hasAttribute;X;~white)).","('computer'; 'bbox4')"
6,73,20.0,0.9999999979388464,5.0,0.0,"1.0::;(;(target(X);type(X;~lamp));expression(~on;X;~desk)).","('lamp'; None)"
6,74,4.23762321472168,0.9855581236774156,123.0,4.0,"1.0::;(;(;(;(;(target(X);type(X;~stand));expression(~along;~lamp;X));expression(~hasProperty;~lamp;~snowy));expression(~on;~lamp;~desk));expression(~hasAttribute;~lamp;~hit)).","('stand'; 'bbox2')"
6,75,1.3097643852233887,0.7301163625329756,16.0,1.0,"1.0::;(;(;(target(X);type(X;~table));expression(~on;~bowl;X));expression(~hasAttribute;~bowl;~white)).","('table'; 'bbox2')"
6,76,2.232358932495117,0.8927249232329708,20.0,4.0,"1.0::;(;(target(X);type(X;~door));expression(~hasAttribute;X;~open)).","('door'; 'bbox12')"
6,77,0.9173133969306946,0.6004088569251371,45.0,4.0,"1.0::;(;(;(;(target(X);type(X;~box));expression(~on;X;~table));expression(~on;~home;~table));expression(~on;~fruit;~table)).","('box'; 'bbox5')"
6,78,1.8880641460418701,0.848635454948671,20.0,4.0,"1.0::;(;(target(X);type(X;~pot));expression(~has;X;~browned)).","('pot'; 'bbox4')"
6,79,1.3030091450261239e-09,1.3030091014486027e-09,20.0,4.0,"0.0::;(;(target(X);type(X;~pot));expression(~has;X;~browned)).","('basket'; 'bbox6')"
6,80,20.0,0.9999999979388464,5.0,0.0,"1.0::;(;(target(X);type(X;~chair));expression(~hasProperty;X;~empty)).","('chair'; None)"
6,81,0.41402381658554077,0.3390147913323177,39.0,4.0,"1.0::;(;(;(target(X);type(X;~vase));expression(~on;X;~table));expression(~along;X;~table)).","('vase'; 'bbox6')"
6,82,0.0,0.0,26.0,4.0,"1.0::;(;(target(X);type(X;~person));expression(~on;X;~picture)).","('person'; 'bbox5')"
6,83,2.6829841136932373,0.9316411411211181,11.0,1.0,"1.0::;(;(target(X);type(X;~box));expression(~hasAttribute;X;~shut)).","('box'; 'bbox4')"
6,84,0.0,0.0,11.0,1.0,"1.0::;(;(target(X);type(X;~stand));expression(~on;~bowl;X)).","('stand'; 'bbox2')"
6,85,5.160749435424805,0.9942626017354688,11.0,1.0,"1.0::;(;(target(X);type(X;~bowl));expression(~hasAttribute;X;~empty)).","('bowl'; 'bbox1')"
6,86,1.0990493137796875e-06,1.0990487541528992e-06,11.0,1.0,"0.0::;(;(target(X);type(X;~bowl));expression(~hasAttribute;X;~empty)).","('stand'; 'bbox2')"
6,87,1.792778491973877,0.8335030839530765,21.0,4.0,"1.0::;(;(target(X);type(X;~couch));expression(~hasAttribute;X;~tall)).","('couch'; 'bbox9')"
6,88,0.0,0.0,21.0,4.0,"1.0::;(;(target(X);type(X;~lamp));expression(~onTopOf;X;~table)).","('lamp'; 'bbox4')"
6,89,20.0,0.9999999979388464,5.0,0.0,"1.0::;(;(target(X);type(X;~plate));expression(~on;X;~counter)).","('plate'; None)"
6,90,1.9192070960998535,0.8532767465397563,106.0,4.0,"1.0::;(;(;(;(target(X);type(X;~table));expression(~on;~home;X));expression(~on;~home;~counter));expression(~on;~television;~counter)).","('table'; 'bbox2')"
6,91,0.0,0.0,28.0,4.0,"1.0::;(;(target(X);type(X;~stand));expression(~has;~board;X)).","('stand'; 'bbox3')"
6,92,20.0,0.9999999979388464,5.0,0.0,"1.0::;(;(target(X);type(X;~table));expression(~along;~book;X)).","('table'; None)"
6,93,2.06115369216775e-09,2.061153622438558e-09,5.0,0.0,"0.0::;(;(target(X);type(X;~table));expression(~along;~book;X)).","('chair'; None)"
7,0,7.266688346862793,0.9993015789034086,81.0,4.0,"1.0::;(;(;(;(target(X);type(X;~building));expression(~on;~sign;X));expression(~hasProperty;X;~tall));expression(~has;X;~brick)).","('building'; 'bbox2')"
7,1,0.17216575145721436,0.15816037454095933,35.0,4.0,"1.0::;(;(;(target(X);type(X;~man));expression(~wearing;X;~shirt));expression(~hasAttribute;X;~shirt)).","('man'; 'bbox3')"
7,2,0.0,0.0,42.0,4.0,"1.0::;(;(;(target(X);type(X;~road));expression(~parkedOn;~car;X));expression(~parkedOn;~car;X)).","('road'; 'bbox4')"
7,3,2.06115369216775e-09,2.061153622438558e-09,6.0,0.0,"0.0::;(;(;(target(X);type(X;~road));expression(~parkedOn;~car;X));expression(~parkedOn;~car;X)).","('building'; None)"
7,4,0.0,0.0,26.0,4.0,"1.0::;(;(target(X);type(X;~chain));expression(~wears;~girl;X)).","('chain'; 'bbox3')"
7,5,1.6403250694274902,0.8060830044425622,17.0,3.0,"1.0::;(;(target(X);type(X;~lamp));expression(~hasAttribute;X;~tall)).","('lamp'; 'bbox5')"
7,6,2.3250601291656494,0.9022224354087898,17.0,3.0,"1.0::;(;(target(X);type(X;~box));expression(~hasProperty;X;~empty)).","('box'; 'bbox9')"
7,7,1.7325961589813232,0.8231752516078692,17.0,3.0,"1.0::;(;(target(X);type(X;~desk));expression(~hasAttribute;X;~browned)).","('desk'; 'bbox2')"
7,8,1.1678404909787332e-09,1.167840509057041e-09,17.0,3.0,"0.0::;(;(target(X);type(X;~desk));expression(~hasAttribute;X;~browned)).","('color'; 'bbox7')"
7,9,5.535285472869873,0.9960549177387344,17.0,3.0,"1.0::;(;(target(X);type(X;~light));expression(~hasAttribute;X;~on)).","('light'; 'bbox6')"
7,10,0.0,0.0,27.0,4.0,"1.0::;(;(target(X);type(X;~bowl));expression(~on;X;~counter)).","('bowl'; 'bbox4')"
7,11,1.8519397571026275e-08,1.851939688113194e-08,27.0,4.0,"0.0::;(;(target(X);type(X;~bowl));expression(~on;X;~counter)).","('food'; 'bbox7')"
7,12,20.0,0.9999999979388464,7.0,0.0,"1.0::;(;(;(;(target(X);type(X;~desk));expression(~onTopOf;~pen;X));expression(~onTopOf;~written;~book));expression(~has;~book;~open)).","('desk'; None)"
7,13,0.0,0.0,127.0,4.0,"1.0::;(;(;(;(target(X);type(X;~front));expression(~in;~cd;X));expression(~in;~cd;~desk));expression(~on;~cup;~desk)).","('front'; 'bbox10')"
7,14,1.4701313375553582e-06,1.4701302306972804e-06,106.0,4.0,"0.0::;(;(;(;(target(X);type(X;~front));expression(~in;~cd;X));expression(~in;~cd;~desk));expression(~on;~cup;~desk)).","('book'; 'bbox11')"
7,15,0.0,0.0,49.0,4.0,"1.0::;(;(;(;(target(X);type(X;~computer));expression(~on;X;~desk));expression(~on;~keyboard;~desk));expression(~under;~tower;~desk)).","('computer'; 'bbox3')"
7,16,0.45228809118270874,0.3638291318952326,20.0,4.0,"1.0::;(;(target(X);type(X;~desk));expression(~on;~calculator;X)).","('desk'; 'bbox2')"
7,17,0.0,0.0,26.0,4.0,"1.0::;(;(target(X);type(X;~desk));expression(~on;~cup;X)).","('desk'; 'bbox5')"
7,18,1.172956943511963,0.6905494407352122,27.0,4.0,"1.0::;(;(target(X);type(X;~coat));expression(~hasAttribute;X;~hanging)).","('coat'; 'bbox2')"
7,19,0.44538822770118713,0.359424461416722,26.0,4.0,"1.0::;(;(target(X);type(X;~cup));expression(~along;X;~desk)).","('cup'; 'bbox4')"
7,20,1.7714761270326562e-05,1.7714605283505273e-05,28.0,4.0,"0.0::;(;(target(X);type(X;~cup));expression(~along;X;~desk)).","('cable'; 'bbox6')"
7,21,0.9463570713996887,0.6118475372849432,24.0,4.0,"1.0::;(;(target(X);type(X;~bowl));expression(~along;X;~table)).","('bowl'; 'bbox4')"
7,22,0.00431304844096303,0.0043037608194415366,26.0,4.0,"0.0::;(;(target(X);type(X;~bowl));expression(~along;X;~table)).","('bag'; 'bbox9')"
7,23,2.204775333404541,0.8897247023026866,105.0,4.0,"1.0::;(;(;(;(;(target(X);type(X;~plant));expression(~along;X;~desk));expression(~under;~box;~desk));expression(~along;~computer;~desk));expression(~past;~chair;~desk)).","('plant'; 'bbox8')"
7,24,3.436405658721924,0.9678198558752408,66.0,4.0,"1.0::;(;(;(;(;(target(X);type(X;~cup));expression(~along;X;~desk));expression(~hasAttribute;~desk;~table));expression(~on;~pen;~desk));expression(~hasAttribute;~desk;~white)).","('cup'; 'bbox4')"
7,25,2.648465156555176,0.929240265127644,45.0,4.0,"1.0::;(;(;(;(target(X);type(X;~desk));expression(~along;~telephone;X));expression(~on;~written;X));expression(~hasAttribute;X;~white)).","('desk'; 'bbox2')"
7,26,0.9949396252632141,0.6302542328264384,30.0,4.0,"1.0::;(;(target(X);type(X;~baby));expression(~on;X;~video)).","('baby'; 'bbox3')"
7,27,3.9851393699645996,0.9814101467250079,257.0,4.0,"1.0::;(;(;(;(target(X);type(X;~lamp));expression(~along;X;~desk));expression(~hasAttribute;X;~green));expression(~contains;X;~shaded)).","('lamp'; 'bbox1')"
7,28,1.289491891860962,0.7245893140450381,58.0,4.0,"1.0::;(;(;(;(target(X);type(X;~computer));expression(~in;X;~video));expression(~along;~picture;~desk));expression(~on;~book;~desk)).","('computer'; 'bbox5')"
7,29,2.1383378505706787,0.8821494344330377,29.0,4.0,"1.0::;(;(;(target(X);type(X;~room));expression(~in;~computer;X));expression(~hasAttribute;X;~indoors)).","('room'; 'bbox2')"
7,30,2.0496444702148438,0.871219319182479,14.0,2.0,"1.0::;(;(target(X);type(X;~box));expression(~hasAttribute;X;~brown)).","('box'; 'bbox6')"
7,31,0.0,0.0,14.0,2.0,"1.0::;(;(target(X);type(X;~desk));expression(~onTopOf;~pad;X)).","('desk'; 'bbox4')"
7,32,1.9269967079162598,0.8544152238238896,61.0,4.0,"1.0::;(;(;(;(target(X);type(X;~people));expression(~along;X;~pavement));expression(~on;~sign;~sidewalk));expression(~on;~man;~pavement)).","('people'; 'bbox3')"
7,33,0.0,0.0,24.0,4.0,"1.0::;(;(target(X);type(X;~jeans));expression(~has;~man;X)).","('jeans'; 'bbox2')"
7,34,0.0,0.0,11.0,1.0,"1.0::;(;(target(X);type(X;~chair));expression(~in;X;~picture)).","('chair'; 'bbox1')"
7,35,1.4844290241455838e-09,1.484429035921948e-09,11.0,1.0,"0.0::;(;(target(X);type(X;~chair));expression(~in;X;~picture)).","('tile'; 'bbox5')"
7,36,2.6343843936920166,0.9282368663489409,11.0,1.0,"1.0::;(;(target(X);type(X;~poster));expression(~hasAttribute;X;~hung)).","('poster'; 'bbox6')"
7,37,1.0393167734146118,0.6463037458909151,68.0,4.0,"1.0::;(;(;(;(target(X);type(X;~table));expression(~nextTo;~can;X));expression(~on;~can;X));expression(~hasAttribute;~can;~open)).","('table'; 'bbox4')"
7,38,2.7116429805755615,0.9335724222109031,20.0,4.0,"1.0::;(;(target(X);type(X;~keyboard));expression(~hasAttribute;X;~computer)).","('keyboard'; 'bbox7')"
7,39,6.636475563049316,0.9986883580937834,20.0,4.0,"1.0::;(;(target(X);type(X;~hair));expression(~hasAttribute;X;~shorter)).","('hair'; 'bbox2')"
7,40,9.077398135559633e-05,9.07698600091408e-05,20.0,4.0,"0.0::;(;(target(X);type(X;~hair));expression(~hasAttribute;X;~shorter)).","('bag'; 'bbox5')"
7,41,0.8744543194770813,0.5829104447613929,14.0,2.0,"1.0::;(;(target(X);type(X;~keyboard));expression(~hasAttribute;X;~cable)).","('keyboard'; 'bbox1')"
7,42,0.0,0.0,26.0,4.0,"1.0::;(;(target(X);type(X;~bookshelf));expression(~onTopOf;~book;X)).","('bookshelf'; 'bbox4')"
7,43,0.4503929018974304,0.36262232447936404,88.0,4.0,"1.0::;(;(;(;(target(X);type(X;~table));expression(~onTopOf;~can;X));expression(~onTopOf;~can;~desk));expression(~onTopOf;~phone;~desk)).","('table'; 'bbox8')"
7,44,1.2407454252243042,0.7108314159770517,72.0,4.0,"1.0::;(;(;(;(target(X);type(X;~shirt));expression(~hasOn;~woman;X));expression(~has;~woman;~hair));expression(~hasOn;~woman;~watch)).","('shirt'; 'bbox12')"
7,45,20.0,0.9999999979388464,5.0,0.0,"1.0::;(;(target(X);type(X;~building));expression(~hasAttribute;X;~taller)).","('building'; None)"
7,46,20.0,0.9999999979388464,6.0,0.0,"1.0::;(;(;(target(X);type(X;~girl));expression(~nextTo;X;~car));expression(~beside;X;~car)).","('girl'; None)"
7,47,4.110434055328369,0.9835993458102453,67.0,4.0,"1.0::;(;(;(;(;(target(X);type(X;~car));expression(~beside;~girl;X));expression(~besideOf;~girl;X));expression(~beside;~girl;X));expression(~hasAttribute;~girl;~brunette)).","('car'; 'bbox2')"
7,48,2.06115369216775e-09,2.061153622438558e-09,8.0,0.0,"0.0::;(;(;(;(;(target(X);type(X;~car));expression(~beside;~girl;X));expression(~besideOf;~girl;X));expression(~beside;~girl;X));expression(~hasAttribute;~girl;~brunette)).","('girl'; None)"
7,49,3.1338882446289062,0.9564518581929231,11.0,1.0,"1.0::;(;(target(X);type(X;~man));expression(~hasAttribute;X;~sitting)).","('man'; 'bbox3')"
7,50,2.1670680046081543,0.8854871235930544,11.0,1.0,"1.0::;(;(target(X);type(X;~bicycle));expression(~hasProperty;X;~park)).","('bicycle'; 'bbox1')"
7,51,1.4417966604232788,0.763497537873929,26.0,4.0,"1.0::;(;(target(X);type(X;~sidewalk));expression(~alongsideOf;~car;X)).","('sidewalk'; 'bbox9')"
7,52,2.06115369216775e-09,2.061153622438558e-09,5.0,0.0,"0.0::;(;(target(X);type(X;~sidewalk));expression(~alongsideOf;~car;X)).","('car'; None)"
7,53,20.0,0.9999999979388464,6.0,0.0,"1.0::;(;(;(target(X);type(X;~building));expression(~on;~sign;X));expression(~hasAttribute;X;~taller)).","('building'; None)"
7,54,9.510236509413517e-08,9.51023579996071e-08,73.0,4.0,"0.0::;(;(;(target(X);type(X;~building));expression(~on;~sign;X));expression(~hasAttribute;X;~taller)).","('man'; 'bbox1')"
7,55,20.0,0.9999999979388464,5.0,0.0,"1.0::;(;(target(X);type(X;~chair));expression(~has;X;~wood)).","('chair'; None)"
7,56,2.0371596813201904,0.8696014411507473,17.0,3.0,"1.0::;(;(target(X);type(X;~carpet));expression(~hasAttribute;X;~brown)).","('carpet'; 'bbox6')"
7,57,0.9368266463279724,0.6081305954385544,17.0,3.0,"1.0::;(;(target(X);type(X;~door));expression(~in;X;~painting)).","('door'; 'bbox3')"
7,58,0.0,0.0,22.0,4.0,"1.0::;(;(target(X);type(X;~vase));expression(~on;X;~table)).","('vase'; 'bbox5')"
7,59,0.5746845602989197,0.4371176037393,21.0,4.0,"1.0::;(;(target(X);type(X;~book));expression(~along;X;~table)).","('book'; 'bbox6')"
7,60,0.3373931646347046,0.28637178863530943,21.0,4.0,"1.0::;(;(target(X);type(X;~picture));expression(~hasAttribute;X;~frame)).","('picture'; 'bbox1')"
7,61,0.0,0.0,29.0,4.0,"1.0::;(;(;(target(X);type(X;~woman));expression(~facing;X;~ocean));expression(~facing;X;~ocean)).","('woman'; 'bbox1')"
7,62,1.1605346202850342,0.6866813703966252,29.0,4.0,"1.0::;(;(;(target(X);type(X;~ocean));expression(~facing;~woman;X));expression(~wearing;~woman;~skirt)).","('ocean'; 'bbox2')"
7,63,0.9782983064651489,0.6240496929641592,37.0,4.0,"1.0::;(;(;(target(X);type(X;~sign));expression(~onTopOf;X;~stand));expression(~along;~television;~stand)).","('sign'; 'bbox1')"
7,64,20.0,0.9999999979388464,8.0,0.0,"1.0::;(;(target(X);type(X;~picture));expression(~has;X;~indoors)).","('picture'; 'bbox3')"
7,65,20.0,0.9999999979388464,8.0,0.0,"1.0::;(;(target(X);type(X;~switch));expression(~hasAttribute;X;~snowy)).","('switch'; 'bbox1')"
7,66,0.40208253264427185,0.3310744647811976,17.0,3.0,"1.0::;(;(target(X);type(X;~shelf));expression(~hasAttribute;X;~plate)).","('shelf'; 'bbox3')"
7,67,2.5440018362132832e-05,2.543969544782366e-05,17.0,3.0,"0.0::;(;(target(X);type(X;~shelf));expression(~hasAttribute;X;~plate)).","('switch'; 'bbox1')"
7,68,20.0,0.9999999979388464,5.0,0.0,"1.0::;(;(target(X);type(X;~table));expression(~hasAttribute;X;~forest)).","('table'; None)"
7,69,0.8326544761657715,0.5651066612197507,24.0,4.0,"1.0::;(;(target(X);type(X;~wheel));expression(~contains;~table;X)).","('wheel'; 'bbox2')"
7,70,1.485305666923523,0.7735668830169409,24.0,4.0,"1.0::;(;(target(X);type(X;~painting));expression(~hasAttribute;X;~white)).","('painting'; 'bbox10')"
7,71,1.7550907135009766,0.827108442018176,236.0,4.0,"1.0::;(;(;(;(target(X);type(X;~desk));expression(~on;~telephone;X));expression(~has;~telephone;~telephone));expression(~on;~phone;~table)).","('desk'; 'bbox7')"
7,72,0.8831309676170349,0.5865137292533611,22.0,4.0,"1.0::;(;(target(X);type(X;~computer));expression(~hasAttribute;X;~white)).","('computer'; 'bbox4')"
7,73,20.0,0.9999999979388464,5.0,0.0,"1.0::;(;(target(X);type(X;~lamp));expression(~on;X;~desk)).","('lamp'; None)"
7,74,4.183377265930176,0.9847530724129816,121.0,4.0,"1.0::;(;(;(;(;(target(X);type(X;~stand));expression(~along;~lamp;X));expression(~hasProperty;~lamp;~snowy));expression(~on;~lamp;~desk));expression(~hasAttribute;~lamp;~hit)).","('stand'; 'bbox2')"
7,75,0.8233080506324768,0.5610229084967573,16.0,1.0,"1.0::;(;(;(target(X);type(X;~table));expression(~on;~bowl;X));expression(~hasAttribute;~bowl;~white)).","('table'; 'bbox2')"
7,76,2.0000193119049072,0.8646673303202713,20.0,4.0,"1.0::;(;(target(X);type(X;~door));expression(~hasAttribute;X;~open)).","('door'; 'bbox12')"
7,77,0.8380441665649414,0.5674442964485813,45.0,4.0,"1.0::;(;(;(;(target(X);type(X;~box));expression(~on;X;~table));expression(~on;~home;~table));expression(~on;~fruit;~table)).","('box'; 'bbox5')"
7,78,2.125030279159546,0.8805706480084324,20.0,4.0,"1.0::;(;(target(X);type(X;~pot));expression(~has;X;~browned)).","('pot'; 'bbox4')"
7,79,1.0258009996988449e-09,1.025801013235193e-09,20.0,4.0,"0.0::;(;(target(X);type(X;~pot));expression(~has;X;~browned)).","('basket'; 'bbox6')"
7,80,20.0,0.9999999979388464,5.0,0.0,"1.0::;(;(target(X);type(X;~chair));expression(~hasProperty;X;~empty)).","('chair'; None)"
7,81,0.4683395028114319,0.3739590550868124,39.0,4.0,"1.0::;(;(;(target(X);type(X;~vase));expression(~on;X;~table));expression(~along;X;~table)).","('vase'; 'bbox6')"
7,82,0.0,0.0,26.0,4.0,"1.0::;(;(target(X);type(X;~person));expression(~on;X;~picture)).","('person'; 'bbox5')"
7,83,2.376612901687622,0.9071354130946201,11.0,1.0,"1.0::;(;(target(X);type(X;~box));expression(~hasAttribute;X;~shut)).","('box'; 'bbox4')"
7,84,0.0,0.0,11.0,1.0,"1.0::;(;(target(X);type(X;~stand));expression(~on;~bowl;X)).","('stand'; 'bbox2')"
7,85,5.499854564666748,0.9959126341573472,11.0,1.0,"1.0::;(;(target(X);type(X;~bowl));expression(~hasAttribute;X;~empty)).","('bowl'; 'bbox1')"
7,86,6.293756769082393e-07,6.293755181202445e-07,11.0,1.0,"0.0::;(;(target(X);type(X;~bowl));expression(~hasAttribute;X;~empty)).","('stand'; 'bbox2')"
7,87,1.4350206851959229,0.7618895613973281,21.0,4.0,"1.0::;(;(target(X);type(X;~couch));expression(~hasAttribute;X;~tall)).","('couch'; 'bbox9')"
7,88,0.0,0.0,21.0,4.0,"1.0::;(;(target(X);type(X;~lamp));expression(~onTopOf;X;~table)).","('lamp'; 'bbox4')"
7,89,20.0,0.9999999979388464,5.0,0.0,"1.0::;(;(target(X);type(X;~plate));expression(~on;X;~counter)).","('plate'; None)"
7,90,1.8029719591140747,0.8351916440338526,100.0,4.0,"1.0::;(;(;(;(target(X);type(X;~table));expression(~on;~home;X));expression(~on;~home;~counter));expression(~on;~television;~counter)).","('table'; 'bbox2')"
7,91,0.0,0.0,28.0,4.0,"1.0::;(;(target(X);type(X;~stand));expression(~has;~board;X)).","('stand'; 'bbox3')"
7,92,20.0,0.9999999979388464,5.0,0.0,"1.0::;(;(target(X);type(X;~table));expression(~along;~book;X)).","('table'; None)"
7,93,2.06115369216775e-09,2.061153622438558e-09,5.0,0.0,"0.0::;(;(target(X);type(X;~table));expression(~along;~book;X)).","('chair'; None)"
8,0,6.5384016036987305,0.9985532007896811,81.0,4.0,"1.0::;(;(;(;(target(X);type(X;~building));expression(~on;~sign;X));expression(~hasProperty;X;~tall));expression(~has;X;~brick)).","('building'; 'bbox2')"
8,1,0.13854917883872986,0.12937956588564825,32.0,4.0,"1.0::;(;(;(target(X);type(X;~man));expression(~wearing;X;~shirt));expression(~hasAttribute;X;~shirt)).","('man'; 'bbox3')"
8,2,0.0,0.0,42.0,4.0,"1.0::;(;(;(target(X);type(X;~road));expression(~parkedOn;~car;X));expression(~parkedOn;~car;X)).","('road'; 'bbox4')"
8,3,2.06115369216775e-09,2.061153622438558e-09,6.0,0.0,"0.0::;(;(;(target(X);type(X;~road));expression(~parkedOn;~car;X));expression(~parkedOn;~car;X)).","('building'; None)"
8,4,0.0,0.0,26.0,4.0,"1.0::;(;(target(X);type(X;~chain));expression(~wears;~girl;X)).","('chain'; 'bbox3')"
8,5,1.2111587524414062,0.702148057277156,17.0,3.0,"1.0::;(;(target(X);type(X;~lamp));expression(~hasAttribute;X;~tall)).","('lamp'; 'bbox5')"
8,6,1.8973259925842285,0.8500308979720328,17.0,3.0,"1.0::;(;(target(X);type(X;~box));expression(~hasProperty;X;~empty)).","('box'; 'bbox9')"
8,7,1.2579913139343262,0.7157756289799517,17.0,3.0,"1.0::;(;(target(X);type(X;~desk));expression(~hasAttribute;X;~browned)).","('desk'; 'bbox2')"
8,8,9.202396622498554e-10,9.202396896113433e-10,17.0,3.0,"0.0::;(;(target(X);type(X;~desk));expression(~hasAttribute;X;~browned)).","('color'; 'bbox7')"
8,9,5.503532409667969,0.9959276392452721,17.0,3.0,"1.0::;(;(target(X);type(X;~light));expression(~hasAttribute;X;~on)).","('light'; 'bbox6')"
8,10,0.0,0.0,27.0,4.0,"1.0::;(;(target(X);type(X;~bowl));expression(~on;X;~counter)).","('bowl'; 'bbox4')"
8,11,1.5815572851352044e-08,1.581557320125228e-08,26.0,4.0,"0.0::;(;(target(X);type(X;~bowl));expression(~on;X;~counter)).","('food'; 'bbox7')"
8,12,20.0,0.9999999979388464,7.0,0.0,"1.0::;(;(;(;(target(X);type(X;~desk));expression(~onTopOf;~pen;X));expression(~onTopOf;~written;~book));expression(~has;~book;~open)).","('desk'; None)"
8,13,0.0,0.0,124.0,4.0,"1.0::;(;(;(;(target(X);type(X;~front));expression(~in;~cd;X));expression(~in;~cd;~desk));expression(~on;~cup;~desk)).","('front'; 'bbox10')"
8,14,2.030965333688073e-06,2.0309632888163754e-06,106.0,4.0,"0.0::;(;(;(;(target(X);type(X;~front));expression(~in;~cd;X));expression(~in;~cd;~desk));expression(~on;~cup;~desk)).","('book'; 'bbox11')"
8,15,0.0,0.0,49.0,4.0,"1.0::;(;(;(;(target(X);type(X;~computer));expression(~on;X;~desk));expression(~on;~keyboard;~desk));expression(~under;~tower;~desk)).","('computer'; 'bbox3')"
8,16,0.36690545082092285,0.30712484727561273,20.0,4.0,"1.0::;(;(target(X);type(X;~desk));expression(~on;~calculator;X)).","('desk'; 'bbox2')"
8,17,0.0,0.0,26.0,4.0,"1.0::;(;(target(X);type(X;~desk));expression(~on;~cup;X)).","('desk'; 'bbox5')"
8,18,1.0768455266952515,0.6593315379500839,27.0,4.0,"1.0::;(;(target(X);type(X;~coat));expression(~hasAttribute;X;~hanging)).","('coat'; 'bbox2')"
8,19,0.47214704751968384,0.3763382017458444,26.0,4.0,"1.0::;(;(target(X);type(X;~cup));expression(~along;X;~desk)).","('cup'; 'bbox4')"
8,20,1.7809656128520146e-05,1.7809498527396046e-05,28.0,4.0,"0.0::;(;(target(X);type(X;~cup));expression(~along;X;~desk)).","('cable'; 'bbox6')"
8,21,0.8609882593154907,0.5772559049781255,24.0,4.0,"1.0::;(;(target(X);type(X;~bowl));expression(~along;X;~table)).","('bowl'; 'bbox4')"
8,22,0.005149730481207371,0.00513649306200069,26.0,4.0,"0.0::;(;(target(X);type(X;~bowl));expression(~along;X;~table)).","('bag'; 'bbox9')"
8,23,2.332345962524414,0.9029322375606412,105.0,4.0,"1.0::;(;(;(;(;(target(X);type(X;~plant));expression(~along;X;~desk));expression(~under;~box;~desk));expression(~along;~computer;~desk));expression(~past;~chair;~desk)).","('plant'; 'bbox8')"
8,24,3.0675649642944336,0.9534656702364501,66.0,4.0,"1.0::;(;(;(;(;(target(X);type(X;~cup));expression(~along;X;~desk));expression(~hasAttribute;~desk;~table));expression(~on;~pen;~desk));expression(~hasAttribute;~desk;~white)).","('cup'; 'bbox4')"
8,25,2.4410462379455566,0.9129302918410803,45.0,4.0,"1.0::;(;(;(;(target(X);type(X;~desk));expression(~along;~telephone;X));expression(~on;~written;X));expression(~hasAttribute;X;~white)).","('desk'; 'bbox2')"
8,26,0.8033337593078613,0.5521664963615114,30.0,4.0,"1.0::;(;(target(X);type(X;~baby));expression(~on;X;~video)).","('baby'; 'bbox3')"
8,27,4.262604236602783,0.9859144275591641,278.0,4.0,"1.0::;(;(;(;(target(X);type(X;~lamp));expression(~along;X;~desk));expression(~hasAttribute;X;~green));expression(~contains;X;~shaded)).","('lamp'; 'bbox1')"
8,28,1.2809202671051025,0.7222184504307922,60.0,4.0,"1.0::;(;(;(;(target(X);type(X;~computer));expression(~in;X;~video));expression(~along;~picture;~desk));expression(~on;~book;~desk)).","('computer'; 'bbox5')"
8,29,1.9625886678695679,0.8595057431940181,29.0,4.0,"1.0::;(;(;(target(X);type(X;~room));expression(~in;~computer;X));expression(~hasAttribute;X;~indoors)).","('room'; 'bbox2')"
8,30,1.733835220336914,0.8233942126392241,14.0,2.0,"1.0::;(;(target(X);type(X;~box));expression(~hasAttribute;X;~brown)).","('box'; 'bbox6')"
8,31,0.0,0.0,14.0,2.0,"1.0::;(;(target(X);type(X;~desk));expression(~onTopOf;~pad;X)).","('desk'; 'bbox4')"
8,32,1.8438448905944824,0.8417920371104446,61.0,4.0,"1.0::;(;(;(;(target(X);type(X;~people));expression(~along;X;~pavement));expression(~on;~sign;~sidewalk));expression(~on;~man;~pavement)).","('people'; 'bbox3')"
8,33,0.0,0.0,24.0,4.0,"1.0::;(;(target(X);type(X;~jeans));expression(~has;~man;X)).","('jeans'; 'bbox2')"
8,34,0.0,0.0,11.0,1.0,"1.0::;(;(target(X);type(X;~chair));expression(~in;X;~picture)).","('chair'; 'bbox1')"
8,35,1.532563853601232e-09,1.5325638634761175e-09,11.0,1.0,"0.0::;(;(target(X);type(X;~chair));expression(~in;X;~picture)).","('tile'; 'bbox5')"
8,36,2.5093417167663574,0.918678245627664,11.0,1.0,"1.0::;(;(target(X);type(X;~poster));expression(~hasAttribute;X;~hung)).","('poster'; 'bbox6')"
8,37,0.9215909242630005,0.6021144684607418,68.0,4.0,"1.0::;(;(;(;(target(X);type(X;~table));expression(~nextTo;~can;X));expression(~on;~can;X));expression(~hasAttribute;~can;~open)).","('table'; 'bbox4')"
8,38,2.7426090240478516,0.9355978991202688,20.0,4.0,"1.0::;(;(target(X);type(X;~keyboard));expression(~hasAttribute;X;~computer)).","('keyboard'; 'bbox7')"
8,39,6.3599019050598145,0.9982704636376979,20.0,4.0,"1.0::;(;(target(X);type(X;~hair));expression(~hasAttribute;X;~shorter)).","('hair'; 'bbox2')"
8,40,8.173303649527952e-05,8.172969464908592e-05,20.0,4.0,"0.0::;(;(target(X);type(X;~hair));expression(~hasAttribute;X;~shorter)).","('bag'; 'bbox5')"
8,41,0.8089832663536072,0.5546894015998991,14.0,2.0,"1.0::;(;(target(X);type(X;~keyboard));expression(~hasAttribute;X;~cable)).","('keyboard'; 'bbox1')"
8,42,0.0,0.0,26.0,4.0,"1.0::;(;(target(X);type(X;~bookshelf));expression(~onTopOf;~book;X)).","('bookshelf'; 'bbox4')"
8,43,0.3814307451248169,0.3171163225556576,89.0,4.0,"1.0::;(;(;(;(target(X);type(X;~table));expression(~onTopOf;~can;X));expression(~onTopOf;~can;~desk));expression(~onTopOf;~phone;~desk)).","('table'; 'bbox8')"
8,44,1.2550758123397827,0.7149457632233983,72.0,4.0,"1.0::;(;(;(;(target(X);type(X;~shirt));expression(~hasOn;~woman;X));expression(~has;~woman;~hair));expression(~hasOn;~woman;~watch)).","('shirt'; 'bbox12')"
8,45,20.0,0.9999999979388464,5.0,0.0,"1.0::;(;(target(X);type(X;~building));expression(~hasAttribute;X;~taller)).","('building'; None)"
8,46,20.0,0.9999999979388464,6.0,0.0,"1.0::;(;(;(target(X);type(X;~girl));expression(~nextTo;X;~car));expression(~beside;X;~car)).","('girl'; None)"
8,47,4.065324783325195,0.9828425840740097,67.0,4.0,"1.0::;(;(;(;(;(target(X);type(X;~car));expression(~beside;~girl;X));expression(~besideOf;~girl;X));expression(~beside;~girl;X));expression(~hasAttribute;~girl;~brunette)).","('car'; 'bbox2')"
8,48,2.06115369216775e-09,2.061153622438558e-09,8.0,0.0,"0.0::;(;(;(;(;(target(X);type(X;~car));expression(~beside;~girl;X));expression(~besideOf;~girl;X));expression(~beside;~girl;X));expression(~hasAttribute;~girl;~brunette)).","('girl'; None)"
8,49,3.164530038833618,0.9577660145160569,11.0,1.0,"1.0::;(;(target(X);type(X;~man));expression(~hasAttribute;X;~sitting)).","('man'; 'bbox3')"
8,50,1.726961374282837,0.8221760697778058,11.0,1.0,"1.0::;(;(target(X);type(X;~bicycle));expression(~hasProperty;X;~park)).","('bicycle'; 'bbox1')"
8,51,1.172554850578308,0.6904249878328768,24.0,4.0,"1.0::;(;(target(X);type(X;~sidewalk));expression(~alongsideOf;~car;X)).","('sidewalk'; 'bbox9')"
8,52,2.06115369216775e-09,2.061153622438558e-09,5.0,0.0,"0.0::;(;(target(X);type(X;~sidewalk));expression(~alongsideOf;~car;X)).","('car'; None)"
8,53,20.0,0.9999999979388464,6.0,0.0,"1.0::;(;(;(target(X);type(X;~building));expression(~on;~sign;X));expression(~hasAttribute;X;~taller)).","('building'; None)"
8,54,1.053774028036969e-07,1.0537739451399893e-07,71.0,4.0,"0.0::;(;(;(target(X);type(X;~building));expression(~on;~sign;X));expression(~hasAttribute;X;~taller)).","('man'; 'bbox1')"
8,55,20.0,0.9999999979388464,5.0,0.0,"1.0::;(;(target(X);type(X;~chair));expression(~has;X;~wood)).","('chair'; None)"
8,56,1.9383389949798584,0.8560571588953794,17.0,3.0,"1.0::;(;(target(X);type(X;~carpet));expression(~hasAttribute;X;~brown)).","('carpet'; 'bbox6')"
8,57,0.8293611407279968,0.5636720505450621,17.0,3.0,"1.0::;(;(target(X);type(X;~door));expression(~in;X;~painting)).","('door'; 'bbox3')"
8,58,0.0,0.0,22.0,4.0,"1.0::;(;(target(X);type(X;~vase));expression(~on;X;~table)).","('vase'; 'bbox5')"
8,59,0.4727105498313904,0.3766895376123004,21.0,4.0,"1.0::;(;(target(X);type(X;~book));expression(~along;X;~table)).","('book'; 'bbox6')"
8,60,0.31044504046440125,0.266879384726872,21.0,4.0,"1.0::;(;(target(X);type(X;~picture));expression(~hasAttribute;X;~frame)).","('picture'; 'bbox1')"
8,61,0.0,0.0,29.0,4.0,"1.0::;(;(;(target(X);type(X;~woman));expression(~facing;X;~ocean));expression(~facing;X;~ocean)).","('woman'; 'bbox1')"
8,62,1.248341679573059,0.7130196922169941,29.0,4.0,"1.0::;(;(;(target(X);type(X;~ocean));expression(~facing;~woman;X));expression(~wearing;~woman;~skirt)).","('ocean'; 'bbox2')"
8,63,0.9545007944107056,0.6149957071168624,37.0,4.0,"1.0::;(;(;(target(X);type(X;~sign));expression(~onTopOf;X;~stand));expression(~along;~television;~stand)).","('sign'; 'bbox1')"
8,64,20.0,0.9999999979388464,8.0,0.0,"1.0::;(;(target(X);type(X;~picture));expression(~has;X;~indoors)).","('picture'; 'bbox3')"
8,65,20.0,0.9999999979388464,8.0,0.0,"1.0::;(;(target(X);type(X;~switch));expression(~hasAttribute;X;~snowy)).","('switch'; 'bbox1')"
8,66,0.3760644495487213,0.31344191674225985,17.0,3.0,"1.0::;(;(target(X);type(X;~shelf));expression(~hasAttribute;X;~plate)).","('shelf'; 'bbox3')"
8,67,2.1731239030486904e-05,2.1731002510883817e-05,17.0,3.0,"0.0::;(;(target(X);type(X;~shelf));expression(~hasAttribute;X;~plate)).","('switch'; 'bbox1')"
8,68,20.0,0.9999999979388464,5.0,0.0,"1.0::;(;(target(X);type(X;~table));expression(~hasAttribute;X;~forest)).","('table'; None)"
8,69,0.673254668712616,0.4899541568186476,24.0,4.0,"1.0::;(;(target(X);type(X;~wheel));expression(~contains;~table;X)).","('wheel'; 'bbox2')"
8,70,1.2522858381271362,0.7141493587962767,24.0,4.0,"1.0::;(;(target(X);type(X;~painting));expression(~hasAttribute;X;~white)).","('painting'; 'bbox10')"
8,71,1.600888729095459,0.7982828336058605,228.0,4.0,"1.0::;(;(;(;(target(X);type(X;~desk));expression(~on;~telephone;X));expression(~has;~telephone;~telephone));expression(~on;~phone;~table)).","('desk'; 'bbox7')"
8,72,0.8255342245101929,0.561999060885165,22.0,4.0,"1.0::;(;(target(X);type(X;~computer));expression(~hasAttribute;X;~white)).","('computer'; 'bbox4')"
8,73,20.0,0.9999999979388464,5.0,0.0,"1.0::;(;(target(X);type(X;~lamp));expression(~on;X;~desk)).","('lamp'; None)"
8,74,3.8289413452148438,0.9782673892118614,99.0,4.0,"1.0::;(;(;(;(;(target(X);type(X;~stand));expression(~along;~lamp;X));expression(~hasProperty;~lamp;~snowy));expression(~on;~lamp;~desk));expression(~hasAttribute;~lamp;~hit)).","('stand'; 'bbox2')"
8,75,0.796132504940033,0.5489298935743802,16.0,1.0,"1.0::;(;(;(target(X);type(X;~table));expression(~on;~bowl;X));expression(~hasAttribute;~bowl;~white)).","('table'; 'bbox2')"
8,76,1.9879341125488281,0.8630218852888529,20.0,4.0,"1.0::;(;(target(X);type(X;~door));expression(~hasAttribute;X;~open)).","('door'; 'bbox12')"
8,77,0.725000262260437,0.515675558063794,45.0,4.0,"1.0::;(;(;(;(target(X);type(X;~box));expression(~on;X;~table));expression(~on;~home;~table));expression(~on;~fruit;~table)).","('box'; 'bbox5')"
8,78,1.8492110967636108,0.8426387398344022,20.0,4.0,"1.0::;(;(target(X);type(X;~pot));expression(~has;X;~browned)).","('pot'; 'bbox4')"
8,79,8.069592216664034e-10,8.069592413447422e-10,20.0,4.0,"0.0::;(;(target(X);type(X;~pot));expression(~has;X;~browned)).","('basket'; 'bbox6')"
8,80,20.0,0.9999999979388464,5.0,0.0,"1.0::;(;(target(X);type(X;~chair));expression(~hasProperty;X;~empty)).","('chair'; None)"
8,81,0.3874344825744629,0.3212038942321166,39.0,4.0,"1.0::;(;(;(target(X);type(X;~vase));expression(~on;X;~table));expression(~along;X;~table)).","('vase'; 'bbox6')"
8,82,0.0,0.0,26.0,4.0,"1.0::;(;(target(X);type(X;~person));expression(~on;X;~picture)).","('person'; 'bbox5')"
8,83,2.3659493923187256,0.9061398520486339,11.0,1.0,"1.0::;(;(target(X);type(X;~box));expression(~hasAttribute;X;~shut)).","('box'; 'bbox4')"
8,84,0.0,0.0,11.0,1.0,"1.0::;(;(target(X);type(X;~stand));expression(~on;~bowl;X)).","('stand'; 'bbox2')"
8,85,5.564167022705078,0.9961672281721635,11.0,1.0,"1.0::;(;(target(X);type(X;~bowl));expression(~hasAttribute;X;~empty)).","('bowl'; 'bbox1')"
8,86,4.89423484850704e-07,4.894233968127092e-07,11.0,1.0,"0.0::;(;(target(X);type(X;~bowl));expression(~hasAttribute;X;~empty)).","('stand'; 'bbox2')"
8,87,1.1875789165496826,0.6950412985270958,21.0,4.0,"1.0::;(;(target(X);type(X;~couch));expression(~hasAttribute;X;~tall)).","('couch'; 'bbox9')"
8,88,0.0,0.0,21.0,4.0,"1.0::;(;(target(X);type(X;~lamp));expression(~onTopOf;X;~table)).","('lamp'; 'bbox4')"
8,89,20.0,0.9999999979388464,5.0,0.0,"1.0::;(;(target(X);type(X;~plate));expression(~on;X;~counter)).","('plate'; None)"
8,90,1.6939314603805542,0.8162044830699424,95.0,4.0,"1.0::;(;(;(;(target(X);type(X;~table));expression(~on;~home;X));expression(~on;~home;~counter));expression(~on;~television;~counter)).","('table'; 'bbox2')"
8,91,0.0,0.0,28.0,4.0,"1.0::;(;(target(X);type(X;~stand));expression(~has;~board;X)).","('stand'; 'bbox3')"
8,92,20.0,0.9999999979388464,5.0,0.0,"1.0::;(;(target(X);type(X;~table));expression(~along;~book;X)).","('table'; None)"
8,93,2.06115369216775e-09,2.061153622438558e-09,5.0,0.0,"0.0::;(;(target(X);type(X;~table));expression(~along;~book;X)).","('chair'; None)"
9,0,6.386584281921387,0.9983160015471901,81.0,4.0,"1.0::;(;(;(;(target(X);type(X;~building));expression(~on;~sign;X));expression(~hasProperty;X;~tall));expression(~has;X;~brick)).","('building'; 'bbox2')"
9,1,0.15388810634613037,0.142632050322947,35.0,4.0,"1.0::;(;(;(target(X);type(X;~man));expression(~wearing;X;~shirt));expression(~hasAttribute;X;~shirt)).","('man'; 'bbox3')"
9,2,0.0,0.0,39.0,4.0,"1.0::;(;(;(target(X);type(X;~road));expression(~parkedOn;~car;X));expression(~parkedOn;~car;X)).","('road'; 'bbox4')"
9,3,2.06115369216775e-09,2.061153622438558e-09,6.0,0.0,"0.0::;(;(;(target(X);type(X;~road));expression(~parkedOn;~car;X));expression(~parkedOn;~car;X)).","('building'; None)"
9,4,0.0,0.0,26.0,4.0,"1.0::;(;(target(X);type(X;~chain));expression(~wears;~girl;X)).","('chain'; 'bbox3')"
9,5,1.1895372867584229,0.6956379361535938,17.0,3.0,"1.0::;(;(target(X);type(X;~lamp));expression(~hasAttribute;X;~tall)).","('lamp'; 'bbox5')"
9,6,1.7436435222625732,0.8251179482448554,17.0,3.0,"1.0::;(;(target(X);type(X;~box));expression(~hasProperty;X;~empty)).","('box'; 'bbox9')"
9,7,1.1245872974395752,0.6752135200853628,17.0,3.0,"1.0::;(;(target(X);type(X;~desk));expression(~hasAttribute;X;~browned)).","('desk'; 'bbox2')"
9,8,7.26894211489082e-10,7.268942259768798e-10,17.0,3.0,"0.0::;(;(target(X);type(X;~desk));expression(~hasAttribute;X;~browned)).","('color'; 'bbox7')"
9,9,5.203591823577881,0.9945032145628204,17.0,3.0,"1.0::;(;(target(X);type(X;~light));expression(~hasAttribute;X;~on)).","('light'; 'bbox6')"
9,10,0.0,0.0,27.0,4.0,"1.0::;(;(target(X);type(X;~bowl));expression(~on;X;~counter)).","('bowl'; 'bbox4')"
9,11,1.3183767855196038e-08,1.3183767750049416e-08,26.0,4.0,"0.0::;(;(target(X);type(X;~bowl));expression(~on;X;~counter)).","('food'; 'bbox7')"
9,12,20.0,0.9999999979388464,7.0,0.0,"1.0::;(;(;(;(target(X);type(X;~desk));expression(~onTopOf;~pen;X));expression(~onTopOf;~written;~book));expression(~has;~book;~open)).","('desk'; None)"
9,13,0.0,0.0,124.0,4.0,"1.0::;(;(;(;(target(X);type(X;~front));expression(~in;~cd;X));expression(~in;~cd;~desk));expression(~on;~cup;~desk)).","('front'; 'bbox10')"
9,14,1.964478769878042e-06,1.964476936274496e-06,106.0,4.0,"0.0::;(;(;(;(target(X);type(X;~front));expression(~in;~cd;X));expression(~in;~cd;~desk));expression(~on;~cup;~desk)).","('book'; 'bbox11')"
9,15,0.0,0.0,49.0,4.0,"1.0::;(;(;(;(target(X);type(X;~computer));expression(~on;X;~desk));expression(~on;~keyboard;~desk));expression(~under;~tower;~desk)).","('computer'; 'bbox3')"
9,16,0.31039679050445557,0.2668440108331621,20.0,4.0,"1.0::;(;(target(X);type(X;~desk));expression(~on;~calculator;X)).","('desk'; 'bbox2')"
9,17,0.0,0.0,26.0,4.0,"1.0::;(;(target(X);type(X;~desk));expression(~on;~cup;X)).","('desk'; 'bbox5')"
9,18,1.022430658340454,0.6402804785728358,27.0,4.0,"1.0::;(;(target(X);type(X;~coat));expression(~hasAttribute;X;~hanging)).","('coat'; 'bbox2')"
9,19,0.41571083664894104,0.34012894657558246,26.0,4.0,"1.0::;(;(target(X);type(X;~cup));expression(~along;X;~desk)).","('cup'; 'bbox4')"
9,20,2.2571723093278706e-05,2.2571467962208488e-05,28.0,4.0,"0.0::;(;(target(X);type(X;~cup));expression(~along;X;~desk)).","('cable'; 'bbox6')"
9,21,0.835317075252533,0.5662630676199243,24.0,4.0,"1.0::;(;(target(X);type(X;~bowl));expression(~along;X;~table)).","('bowl'; 'bbox4')"
9,22,0.0048087239265441895,0.0047971805220186,26.0,4.0,"0.0::;(;(target(X);type(X;~bowl));expression(~along;X;~table)).","('bag'; 'bbox9')"
9,23,1.9351918697357178,0.8556034391645012,105.0,4.0,"1.0::;(;(;(;(;(target(X);type(X;~plant));expression(~along;X;~desk));expression(~under;~box;~desk));expression(~along;~computer;~desk));expression(~past;~chair;~desk)).","('plant'; 'bbox8')"
9,24,2.9835612773895264,0.9493877317928592,68.0,4.0,"1.0::;(;(;(;(;(target(X);type(X;~cup));expression(~along;X;~desk));expression(~hasAttribute;~desk;~table));expression(~on;~pen;~desk));expression(~hasAttribute;~desk;~white)).","('cup'; 'bbox4')"
9,25,2.2400240898132324,0.8935440601553449,45.0,4.0,"1.0::;(;(;(;(target(X);type(X;~desk));expression(~along;~telephone;X));expression(~on;~written;X));expression(~hasAttribute;X;~white)).","('desk'; 'bbox2')"
9,26,0.8351370692253113,0.5661849853304368,30.0,4.0,"1.0::;(;(target(X);type(X;~baby));expression(~on;X;~video)).","('baby'; 'bbox3')"
9,27,3.6704440116882324,0.9745348393928249,258.0,4.0,"1.0::;(;(;(;(target(X);type(X;~lamp));expression(~along;X;~desk));expression(~hasAttribute;X;~green));expression(~contains;X;~shaded)).","('lamp'; 'bbox1')"
9,28,1.096787691116333,0.6660579122857511,58.0,4.0,"1.0::;(;(;(;(target(X);type(X;~computer));expression(~in;X;~video));expression(~along;~picture;~desk));expression(~on;~book;~desk)).","('computer'; 'bbox5')"
9,29,1.7326526641845703,0.8231852428439351,29.0,4.0,"1.0::;(;(;(target(X);type(X;~room));expression(~in;~computer;X));expression(~hasAttribute;X;~indoors)).","('room'; 'bbox2')"
9,30,1.4364964962005615,0.7622407082260265,14.0,2.0,"1.0::;(;(target(X);type(X;~box));expression(~hasAttribute;X;~brown)).","('box'; 'bbox6')"
9,31,0.0,0.0,14.0,2.0,"1.0::;(;(target(X);type(X;~desk));expression(~onTopOf;~pad;X)).","('desk'; 'bbox4')"
9,32,1.9193646907806396,0.8532998675221295,61.0,4.0,"1.0::;(;(;(;(target(X);type(X;~people));expression(~along;X;~pavement));expression(~on;~sign;~sidewalk));expression(~on;~man;~pavement)).","('people'; 'bbox3')"
9,33,0.0,0.0,24.0,4.0,"1.0::;(;(target(X);type(X;~jeans));expression(~has;~man;X)).","('jeans'; 'bbox2')"
9,34,0.0,0.0,11.0,1.0,"1.0::;(;(target(X);type(X;~chair));expression(~in;X;~picture)).","('chair'; 'bbox1')"
9,35,1.1533765054139167e-09,1.1533764783208188e-09,11.0,1.0,"0.0::;(;(target(X);type(X;~chair));expression(~in;X;~picture)).","('tile'; 'bbox5')"
9,36,2.4093637466430664,0.9101275419617816,11.0,1.0,"1.0::;(;(target(X);type(X;~poster));expression(~hasAttribute;X;~hung)).","('poster'; 'bbox6')"
9,37,0.9522184133529663,0.6141159770539173,68.0,4.0,"1.0::;(;(;(;(target(X);type(X;~table));expression(~nextTo;~can;X));expression(~on;~can;X));expression(~hasAttribute;~can;~open)).","('table'; 'bbox4')"
9,38,2.7094950675964355,0.9334295882118119,20.0,4.0,"1.0::;(;(target(X);type(X;~keyboard));expression(~hasAttribute;X;~computer)).","('keyboard'; 'bbox7')"
9,39,6.363630771636963,0.9982769008388424,20.0,4.0,"1.0::;(;(target(X);type(X;~hair));expression(~hasAttribute;X;~shorter)).","('hair'; 'bbox2')"
9,40,7.086032564984635e-05,7.085781322384337e-05,20.0,4.0,"0.0::;(;(target(X);type(X;~hair));expression(~hasAttribute;X;~shorter)).","('bag'; 'bbox5')"
9,41,0.7578392624855042,0.531321976092875,14.0,2.0,"1.0::;(;(target(X);type(X;~keyboard));expression(~hasAttribute;X;~cable)).","('keyboard'; 'bbox1')"
9,42,0.0,0.0,26.0,4.0,"1.0::;(;(target(X);type(X;~bookshelf));expression(~onTopOf;~book;X)).","('bookshelf'; 'bbox4')"
9,43,0.3416293263435364,0.2893884391178384,88.0,4.0,"1.0::;(;(;(;(target(X);type(X;~table));expression(~onTopOf;~can;X));expression(~onTopOf;~can;~desk));expression(~onTopOf;~phone;~desk)).","('table'; 'bbox8')"
9,44,1.136421799659729,0.6790345518025649,72.0,4.0,"1.0::;(;(;(;(target(X);type(X;~shirt));expression(~hasOn;~woman;X));expression(~has;~woman;~hair));expression(~hasOn;~woman;~watch)).","('shirt'; 'bbox12')"
9,45,20.0,0.9999999979388464,5.0,0.0,"1.0::;(;(target(X);type(X;~building));expression(~hasAttribute;X;~taller)).","('building'; None)"
9,46,20.0,0.9999999979388464,6.0,0.0,"1.0::;(;(;(target(X);type(X;~girl));expression(~nextTo;X;~car));expression(~beside;X;~car)).","('girl'; None)"
9,47,4.173870086669922,0.9846074258924921,67.0,4.0,"1.0::;(;(;(;(;(target(X);type(X;~car));expression(~beside;~girl;X));expression(~besideOf;~girl;X));expression(~beside;~girl;X));expression(~hasAttribute;~girl;~brunette)).","('car'; 'bbox2')"
9,48,2.06115369216775e-09,2.061153622438558e-09,8.0,0.0,"0.0::;(;(;(;(;(target(X);type(X;~car));expression(~beside;~girl;X));expression(~besideOf;~girl;X));expression(~beside;~girl;X));expression(~hasAttribute;~girl;~brunette)).","('girl'; None)"
9,49,2.803513526916504,0.9394032202596192,11.0,1.0,"1.0::;(;(target(X);type(X;~man));expression(~hasAttribute;X;~sitting)).","('man'; 'bbox3')"
9,50,1.9717669486999512,0.8607893393242394,11.0,1.0,"1.0::;(;(target(X);type(X;~bicycle));expression(~hasProperty;X;~park)).","('bicycle'; 'bbox1')"
9,51,1.3710777759552002,0.7461667632858114,24.0,4.0,"1.0::;(;(target(X);type(X;~sidewalk));expression(~alongsideOf;~car;X)).","('sidewalk'; 'bbox9')"
9,52,2.06115369216775e-09,2.061153622438558e-09,5.0,0.0,"0.0::;(;(target(X);type(X;~sidewalk));expression(~alongsideOf;~car;X)).","('car'; None)"
9,53,20.0,0.9999999979388464,6.0,0.0,"1.0::;(;(;(target(X);type(X;~building));expression(~on;~sign;X));expression(~hasAttribute;X;~taller)).","('building'; None)"
9,54,2.1308635211880755e-07,2.130863294159056e-07,75.0,4.0,"0.0::;(;(;(target(X);type(X;~building));expression(~on;~sign;X));expression(~hasAttribute;X;~taller)).","('man'; 'bbox1')"
9,55,20.0,0.9999999979388464,5.0,0.0,"1.0::;(;(target(X);type(X;~chair));expression(~has;X;~wood)).","('chair'; None)"
9,56,1.720178246498108,0.8209657671578425,17.0,3.0,"1.0::;(;(target(X);type(X;~carpet));expression(~hasAttribute;X;~brown)).","('carpet'; 'bbox6')"
9,57,0.698702871799469,0.5027701434636762,17.0,3.0,"1.0::;(;(target(X);type(X;~door));expression(~in;X;~painting)).","('door'; 'bbox3')"
9,58,0.0,0.0,22.0,4.0,"1.0::;(;(target(X);type(X;~vase));expression(~on;X;~table)).","('vase'; 'bbox5')"
9,59,0.4483957886695862,0.3613481371677857,21.0,4.0,"1.0::;(;(target(X);type(X;~book));expression(~along;X;~table)).","('book'; 'bbox6')"
9,60,0.2835988998413086,0.24693135991200554,21.0,4.0,"1.0::;(;(target(X);type(X;~picture));expression(~hasAttribute;X;~frame)).","('picture'; 'bbox1')"
9,61,0.0,0.0,29.0,4.0,"1.0::;(;(;(target(X);type(X;~woman));expression(~facing;X;~ocean));expression(~facing;X;~ocean)).","('woman'; 'bbox1')"
9,62,1.0010565519332886,0.6325090373033644,29.0,4.0,"1.0::;(;(;(target(X);type(X;~ocean));expression(~facing;~woman;X));expression(~wearing;~woman;~skirt)).","('ocean'; 'bbox2')"
9,63,0.9046472311019897,0.5953153799272257,37.0,4.0,"1.0::;(;(;(target(X);type(X;~sign));expression(~onTopOf;X;~stand));expression(~along;~television;~stand)).","('sign'; 'bbox1')"
9,64,20.0,0.9999999979388464,8.0,0.0,"1.0::;(;(target(X);type(X;~picture));expression(~has;X;~indoors)).","('picture'; 'bbox3')"
9,65,20.0,0.9999999979388464,8.0,0.0,"1.0::;(;(target(X);type(X;~switch));expression(~hasAttribute;X;~snowy)).","('switch'; 'bbox1')"
9,66,0.3809446096420288,0.31678426786419067,17.0,3.0,"1.0::;(;(target(X);type(X;~shelf));expression(~hasAttribute;X;~plate)).","('shelf'; 'bbox3')"
9,67,1.8256781913805753e-05,1.825661485805238e-05,17.0,3.0,"0.0::;(;(target(X);type(X;~shelf));expression(~hasAttribute;X;~plate)).","('switch'; 'bbox1')"
9,68,20.0,0.9999999979388464,5.0,0.0,"1.0::;(;(target(X);type(X;~table));expression(~hasAttribute;X;~forest)).","('table'; None)"
9,69,0.6186761856079102,0.4613429522389658,24.0,4.0,"1.0::;(;(target(X);type(X;~wheel));expression(~contains;~table;X)).","('wheel'; 'bbox2')"
9,70,1.1906505823135376,0.6959765925391169,24.0,4.0,"1.0::;(;(target(X);type(X;~painting));expression(~hasAttribute;X;~white)).","('painting'; 'bbox10')"
9,71,1.4273946285247803,0.7600667762008784,246.0,4.0,"1.0::;(;(;(;(target(X);type(X;~desk));expression(~on;~telephone;X));expression(~has;~telephone;~telephone));expression(~on;~phone;~table)).","('desk'; 'bbox7')"
9,72,0.8227100968360901,0.5607603419848683,22.0,4.0,"1.0::;(;(target(X);type(X;~computer));expression(~hasAttribute;X;~white)).","('computer'; 'bbox4')"
9,73,20.0,0.9999999979388464,5.0,0.0,"1.0::;(;(target(X);type(X;~lamp));expression(~on;X;~desk)).","('lamp'; None)"
9,74,3.891132354736328,0.9795777922436405,97.0,4.0,"1.0::;(;(;(;(;(target(X);type(X;~stand));expression(~along;~lamp;X));expression(~hasProperty;~lamp;~snowy));expression(~on;~lamp;~desk));expression(~hasAttribute;~lamp;~hit)).","('stand'; 'bbox2')"
9,75,0.781032919883728,0.54206724092078,16.0,1.0,"1.0::;(;(;(target(X);type(X;~table));expression(~on;~bowl;X));expression(~hasAttribute;~bowl;~white)).","('table'; 'bbox2')"
9,76,1.7055437564849854,0.8183264268708546,20.0,4.0,"1.0::;(;(target(X);type(X;~door));expression(~hasAttribute;X;~open)).","('door'; 'bbox12')"
9,77,0.6524391174316406,0.4792260025531333,45.0,4.0,"1.0::;(;(;(;(target(X);type(X;~box));expression(~on;X;~table));expression(~on;~home;~table));expression(~on;~fruit;~table)).","('box'; 'bbox5')"
9,78,2.0456531047821045,0.8707042812561269,20.0,4.0,"1.0::;(;(target(X);type(X;~pot));expression(~has;X;~browned)).","('pot'; 'bbox4')"
9,79,6.744866332120125e-10,6.744866422641026e-10,20.0,4.0,"0.0::;(;(target(X);type(X;~pot));expression(~has;X;~browned)).","('basket'; 'bbox6')"
9,80,20.0,0.9999999979388464,5.0,0.0,"1.0::;(;(target(X);type(X;~chair));expression(~hasProperty;X;~empty)).","('chair'; None)"
9,81,0.41011956334114075,0.33642909336155447,42.0,4.0,"1.0::;(;(;(target(X);type(X;~vase));expression(~on;X;~table));expression(~along;X;~table)).","('vase'; 'bbox6')"
9,82,0.0,0.0,26.0,4.0,"1.0::;(;(target(X);type(X;~person));expression(~on;X;~picture)).","('person'; 'bbox5')"
9,83,2.091613531112671,0.8765122763023302,11.0,1.0,"1.0::;(;(target(X);type(X;~box));expression(~hasAttribute;X;~shut)).","('box'; 'bbox4')"
9,84,0.0,0.0,11.0,1.0,"1.0::;(;(target(X);type(X;~stand));expression(~on;~bowl;X)).","('stand'; 'bbox2')"
9,85,5.70866584777832,0.9966829048961372,11.0,1.0,"1.0::;(;(target(X);type(X;~bowl));expression(~hasAttribute;X;~empty)).","('bowl'; 'bbox1')"
9,86,4.525206236394297e-07,4.5252050053842046e-07,11.0,1.0,"0.0::;(;(target(X);type(X;~bowl));expression(~hasAttribute;X;~empty)).","('stand'; 'bbox2')"
9,87,1.0133639574050903,0.6370041790816166,21.0,4.0,"1.0::;(;(target(X);type(X;~couch));expression(~hasAttribute;X;~tall)).","('couch'; 'bbox9')"
9,88,0.0,0.0,21.0,4.0,"1.0::;(;(target(X);type(X;~lamp));expression(~onTopOf;X;~table)).","('lamp'; 'bbox4')"
9,89,20.0,0.9999999979388464,5.0,0.0,"1.0::;(;(target(X);type(X;~plate));expression(~on;X;~counter)).","('plate'; None)"
9,90,1.6242876052856445,0.8029479959803772,95.0,4.0,"1.0::;(;(;(;(target(X);type(X;~table));expression(~on;~home;X));expression(~on;~home;~counter));expression(~on;~television;~counter)).","('table'; 'bbox2')"
9,91,0.0,0.0,28.0,4.0,"1.0::;(;(target(X);type(X;~stand));expression(~has;~board;X)).","('stand'; 'bbox3')"
9,92,20.0,0.9999999979388464,5.0,0.0,"1.0::;(;(target(X);type(X;~table));expression(~along;~book;X)).","('table'; None)"
9,93,2.06115369216775e-09,2.061153622438558e-09,5.0,0.0,"0.0::;(;(target(X);type(X;~table));expression(~along;~book;X)).","('chair'; None)"
