subject,relation,object
hoop,hypernym,skeleton
hoop,hypernym,frame
hoop,hypernym,band
hoop,hyponym,collar
hoop,hyponym,tire
hoop,hyponym,rim
hoop,synonym,ring
hoop,part_holonym,barrel
hoop,hypernym,goal
hoop,synonym,basket
sun,hypernym,light
sun,synonym,sunlight
sun,synonym,sunshine
sun,hypernym,star
recliner,hypernym,armchair
hubcap,hypernym,cap
gentleman,hypernym,man
gentleman,synonym,man
buckets,hypernym,vessel
buckets,synonym,bucket
buckets,synonym,pail
goods,hyponym,product
license,hypernym,instrument
papers,hypernym,writing
papers,hyponym,platform
papers,hyponym,instrument
papers,hyponym,copyright
papers,hyponym,enclosure
papers,hypernym,material
papers,hypernym,stuff
papers,hyponym,card
papers,hyponym,sheet
papers,hyponym,cardboard
papers,hyponym,tissue
papers,hyponym,wallpaper
papers,hyponym,pad
papers,hyponym,tablet
papers,hyponym,newspaper
papers,synonym,paper
papers,hyponym,rag
papers,synonym,newspaper
papers,part_meronym,column
papers,part_meronym,strip
papers,hypernym,product
pilot,hypernym,flyer
pilot,hypernym,model
pilot,synonym,fender
pilot,part_holonym,locomotive
pilot,part_holonym,engine
family,hypernym,unit
family,synonym,house
family,synonym,home
family,hyponym,couple
family,hyponym,match
family,hyponym,stamp
family,hypernym,line
family,hypernym,blood
family,hyponym,people
family,hyponym,name
family,hyponym,house
tier,synonym,level
tier,hypernym,worker
tier,hypernym,rope
tier,hypernym,layer
tier,hypernym,bed
puddle,hypernym,water
puddle,synonym,pool
puddle,hypernym,place
puddle,hypernym,spot
symbol,hypernym,signal
symbol,hypernym,sign
symbol,hyponym,item
symbol,hyponym,mark
symbol,hyponym,brand
symbol,hyponym,stain
symbol,hyponym,stamp
symbol,hyponym,icon
symbol,hyponym,numeral
symbol,hyponym,number
symbol,hyponym,mantle
symbol,hyponym,nose
symbol,hyponym,marker
symbol,hyponym,marking
symbol,hyponym,emblem
filling,hypernym,material
filling,hypernym,stuff
filling,hyponym,cement
filling,hypernym,thread
filling,hypernym,yarn
wheels,hypernym,machine
wheels,hyponym,roller
wheels,hyponym,gear
wheels,synonym,wheel
wheels,part_meronym,rim
wheels,synonym,rack
wheels,synonym,bicycle
wheels,synonym,bike
wheels,synonym,cycle
wheels,part_meronym,chain
wheels,part_meronym,handlebar
wheels,part_meronym,saddle
wheels,part_meronym,kickstand
wheels,part_meronym,pedal
litter,hypernym,trash
litter,hyponym,sedan
litter,hypernym,material
litter,hypernym,stuff
litter,synonym,bedding
windscreen,hypernym,screen
windscreen,synonym,windshield
windscreen,part_holonym,airplane
windscreen,part_holonym,aeroplane
windscreen,part_holonym,plane
metal,hyponym,iron
metal,hyponym,tin
metal,hyponym,steel
biscuit,hypernym,cake
biscuit,hyponym,brownie
biscuit,synonym,cookie
cuff,hypernym,lap
cuff,part_holonym,leg
cuff,part_holonym,sleeve
cuff,part_holonym,arm
tents,hypernym,shelter
tents,hyponym,pavilion
tents,hyponym,marquee
tents,hyponym,canvas
tents,synonym,tent
tents,part_meronym,guy
stadium,hypernym,structure
stadium,hypernym,construction
stadium,hyponym,dome
stadium,hyponym,park
stadium,synonym,bowl
stadium,synonym,arena
stadium,part_meronym,field
stadium,part_meronym,stand
leaf,hyponym,pad
leaf,hyponym,frond
leaf,hyponym,greenery
leaf,hyponym,pitcher
leaf,hyponym,scale
leaf,hyponym,blade
leaf,synonym,foliage
leaf,hypernym,sheet
leaf,hyponym,page
leaf,hypernym,section
clothes,hypernym,clothing
clothes,synonym,dress
sunflowers,hypernym,flower
sunflowers,synonym,sunflower
tattoos,synonym,tattoo
tattoos,hypernym,design
tattoos,hypernym,pattern
tattoos,hypernym,figure
tattoos,hypernym,decoration
eyelash,hypernym,hair
eyelash,part_holonym,lid
pupil,synonym,student
pupil,hyponym,boarder
grounds,hypernym,information
grounds,hyponym,sign
grounds,hyponym,track
grounds,hyponym,trail
grounds,hypernym,field
grounds,hyponym,backyard
grounds,hyponym,playground
grounds,hyponym,garden
grounds,synonym,yard
grounds,hypernym,object
grounds,hyponym,plain
grounds,hyponym,field
grounds,hyponym,island
grounds,hyponym,forest
grounds,hyponym,floor
grounds,hyponym,cape
grounds,hyponym,neck
grounds,synonym,land
grounds,synonym,earth
grounds,synonym,ground
grounds,part_holonym,earth
grounds,part_holonym,globe
grounds,hypernym,material
grounds,hypernym,stuff
grounds,hyponym,soil
grounds,hyponym,dirt
grounds,hypernym,foundation
grounds,hypernym,view
grounds,hypernym,scene
grounds,synonym,background
grounds,hyponym,bottom
grounds,hyponym,turf
grounds,synonym,soil
grounds,hypernym,connector
grounds,hypernym,surface
grounds,hyponym,couch
juice,hyponym,gravy
boards,synonym,board
boards,synonym,plank
boards,part_meronym,knot
boards,hypernym,sheet
boards,hyponym,skateboard
boards,hyponym,snowboard
boards,hyponym,surfboard
boards,hyponym,scoreboard
boards,hyponym,pallet
boards,synonym,table
boards,hypernym,display
boards,hypernym,table
boards,hyponym,dashboard
boards,synonym,panel
boards,synonym,card
boards,hypernym,surface
squirrel,hypernym,fur
icons,hypernym,symbol
icons,synonym,icon
icons,hyponym,graphic
icons,hyponym,reflection
icons,hyponym,foil
icons,synonym,picture
icons,synonym,image
icons,hypernym,painting
icons,hypernym,picture
smiling,synonym,smile
radio,part_holonym,radio
radio,part_meronym,radio
buttons,synonym,button
buttons,hypernym,switch
buttons,hyponym,bell
buttons,hypernym,badge
buttons,hypernym,device
t,hypernym,base
t,hypernym,letter
feathers,hyponym,down
feathers,synonym,feather
feathers,part_meronym,vane
feathers,part_holonym,bird
feathers,part_holonym,row
wing,hyponym,halter
wing,part_holonym,bird
wing,part_holonym,angel
wing,part_holonym,bat
wing,hypernym,surface
wing,part_meronym,flap
wing,part_meronym,flaps
wing,part_holonym,airplane
wing,part_holonym,aeroplane
wing,part_holonym,plane
wing,hypernym,stage
wing,hypernym,formation
wing,hypernym,place
wing,hypernym,portion
wing,hypernym,barrier
wing,synonym,fender
wing,part_holonym,car
wing,part_holonym,automobile
wing,part_holonym,machine
wing,part_holonym,building
images,hyponym,picture
images,synonym,image
images,hyponym,graphic
images,hyponym,reflection
images,hyponym,foil
images,synonym,picture
images,synonym,icon
images,hypernym,model
images,synonym,figure
images,hypernym,person
images,hypernym,individual
images,hypernym,someone
images,hypernym,set
images,synonym,range
raspberry,hypernym,berry
raspberry,synonym,bird
rooster,hypernym,chicken
t-shirt,hypernym,shirt
t-shirt,synonym,jersey
underside,hypernym,side
underside,hypernym,face
underside,hyponym,heel
underside,hyponym,sole
underside,hyponym,underbelly
underside,hyponym,base
underside,synonym,bottom
kale,hypernym,money
kale,synonym,bread
kale,synonym,cabbage
kale,synonym,dough
kale,synonym,lettuce
kale,synonym,scratch
kale,synonym,sugar
kale,hypernym,cabbage
pepperoni,hypernym,sausage
boys,hypernym,male
boys,hyponym,cub
boys,synonym,boy
boys,hypernym,man
boys,synonym,son
baseboard,hypernym,molding
baseboard,hypernym,moulding
float,hypernym,drink
float,hypernym,display
float,hyponym,chip
float,hyponym,raft
float,hyponym,cork
lever,hypernym,bar
lever,hyponym,stick
lever,hyponym,key
lever,hyponym,pedal
lever,hypernym,machine
riverbank,hypernym,bank
paint,hypernym,coat
paint,hypernym,color
paint,hypernym,space
paint,synonym,key
paint,hypernym,makeup
bread,hyponym,toast
bread,hyponym,bun
bread,hyponym,roll
bread,hyponym,cracker
bread,part_holonym,sandwich
bread,hypernym,money
bread,synonym,cabbage
bread,synonym,dough
bread,synonym,kale
bread,synonym,lettuce
bread,synonym,scratch
bread,synonym,sugar
foundation,hyponym,ground
foundation,hypernym,support
foundation,hyponym,bed
foundation,synonym,base
foundation,synonym,foot
foundation,part_holonym,structure
foundation,part_holonym,construction
expression,hyponym,light
expression,synonym,face
expression,synonym,reflection
expression,hyponym,wording
expression,synonym,construction
girls,hypernym,woman
girls,hyponym,baby
girls,hyponym,doll
girls,hyponym,skirt
girls,hyponym,bird
girls,synonym,girl
girls,hypernym,female
home,synonym,place
home,hyponym,house
home,hyponym,lodge
home,part_meronym,kitchen
home,part_meronym,bedroom
home,part_meronym,bathroom
home,part_meronym,bath
home,hypernym,base
home,hypernym,bag
home,synonym,plate
home,synonym,base
home,hypernym,root
home,hypernym,unit
home,synonym,family
home,synonym,house
condiments,hypernym,seasoning
condiments,hyponym,ketchup
condiments,hyponym,salsa
condiments,hyponym,sauce
condiments,hyponym,dip
condiments,hyponym,relish
condiments,hyponym,mustard
condiments,hyponym,spread
condiments,synonym,condiment
kids,hyponym,monkey
kids,hyponym,toddler
kids,synonym,child
kids,synonym,kid
kids,synonym,fry
kids,hypernym,leather
kids,hyponym,baby
kids,hypernym,goat
bath,hypernym,vessel
bath,synonym,bathtub
bath,synonym,tub
bath,part_holonym,bathroom
bath,part_holonym,bath
bath,hypernym,room
bath,synonym,bathroom
bath,part_meronym,bathtub
bath,part_meronym,bath
bath,part_meronym,tub
bath,part_meronym,toilet
bath,part_meronym,can
bath,part_meronym,commode
bath,part_meronym,pot
bath,part_meronym,stool
bath,part_holonym,home
indicator,hypernym,signal
indicator,hypernym,sign
indicator,hypernym,device
indicator,hyponym,level
indicator,hyponym,scale
indicator,hyponym,dial
indicator,hypernym,color
house,hypernym,building
house,hypernym,home
house,hyponym,cabin
house,hyponym,hall
house,hyponym,lodge
house,part_meronym,porch
house,hypernym,business
house,hypernym,audience
house,hypernym,family
house,hypernym,part
house,synonym,sign
house,hypernym,unit
house,synonym,family
house,synonym,home
house,part_meronym,circle
house,part_meronym,stage
house,part_meronym,pit
star,hyponym,sun
star,hypernym,player
star,hypernym,character
cauliflower,part_meronym,cauliflower
cauliflower,part_holonym,cauliflower
bats,synonym,bat
bats,part_meronym,wing
bats,hypernym,racket
bats,hypernym,racquet
bats,part_meronym,handle
bats,part_meronym,grip
bats,hyponym,paddle
clip,synonym,magazine
clip,part_holonym,gun
clip,hypernym,case
clip,synonym,time
clip,hypernym,jewelry
clip,hypernym,cut
glasses,hyponym,goggles
glasses,hyponym,sunglasses
glasses,hyponym,shades
glasses,synonym,spectacles
glasses,synonym,eyeglasses
glasses,part_meronym,bridge
glasses,part_holonym,frame
glasses,synonym,glass
glasses,part_holonym,glass
glasses,hypernym,container
glasses,hyponym,pony
glasses,hyponym,wineglass
glasses,hyponym,goblet
glasses,hyponym,bumper
glasses,part_meronym,glass
glasses,synonym,chalk
glasses,synonym,ice
glasses,synonym,trash
glasses,hypernym,mirror
bikes,hyponym,motorbike
bikes,synonym,motorcycle
bikes,synonym,bike
bikes,part_meronym,kickstand
bikes,synonym,bicycle
bikes,synonym,wheel
bikes,synonym,cycle
bikes,part_meronym,chain
bikes,part_meronym,handlebar
bikes,part_meronym,saddle
bikes,part_meronym,pedal
page,hypernym,leaf
page,hyponym,spread
tablet,hypernym,slab
tablet,hypernym,paper
tablet,hyponym,notepad
tablet,synonym,pad
tablet,hypernym,cake
tablet,hypernym,bar
tablet,synonym,tab
muffler,part_holonym,exhaust
muffler,hypernym,scarf
muffler,hypernym,device
muffler,hyponym,cushion
fins,hypernym,figure
fins,synonym,5
fins,synonym,fin
fins,hypernym,decoration
fins,hypernym,ornament
fins,part_holonym,car
fins,part_holonym,automobile
fins,part_holonym,machine
fins,hypernym,slat
fins,hypernym,shoe
fins,hypernym,stabilizer
fins,hyponym,vane
fins,part_holonym,ship
fins,part_holonym,fish
mannequin,synonym,model
bedding,hyponym,bedspread
bedding,hyponym,spread
bedding,hyponym,throw
bedding,hyponym,quilt
bedding,hyponym,comforter
bedding,hyponym,blanket
bedding,hyponym,cover
bedding,hypernym,material
bedding,hypernym,stuff
bedding,synonym,litter
intersection,hypernym,point
intersection,hyponym,corner
intersection,synonym,crossing
intersection,part_holonym,road
intersection,part_holonym,route
intersection,hypernym,set
intersection,synonym,product
post,hypernym,place
post,synonym,station
post,hypernym,business
post,hypernym,line
post,hyponym,chair
post,synonym,office
post,synonym,spot
post,synonym,place
post,hyponym,lamppost
post,hyponym,stump
roller,hypernym,wave
roller,synonym,roll
roller,hypernym,wheel
roller,hypernym,cylinder
berries,hyponym,strawberry
berries,hyponym,blueberry
berries,hyponym,raspberry
berries,synonym,berry
berries,part_holonym,berry
berries,hypernym,fruit
berries,part_meronym,berry
melon,hyponym,watermelon
melon,part_holonym,melon
melon,hyponym,cucumber
melon,part_meronym,melon
beverage,hypernym,food
beverage,hypernym,liquid
beverage,hyponym,mixer
beverage,hyponym,cooler
beverage,hyponym,coffee
beverage,hyponym,chocolate
beverage,hyponym,tea
beverage,hyponym,alcohol
beverage,hyponym,milk
beverage,synonym,drink
veggie,hypernym,produce
veggie,hyponym,asparagus
veggie,hyponym,squash
veggie,hyponym,celery
veggie,hyponym,pumpkin
veggie,hyponym,mushroom
veggie,hyponym,onion
veggie,hyponym,greens
veggie,hyponym,green
veggie,hyponym,cucumber
veggie,synonym,vegetable
veggie,part_holonym,herb
rivet,hypernym,decoration
rivet,hypernym,ornament
rivet,synonym,stud
rivet,hypernym,pin
magnets,hypernym,device
magnets,synonym,magnet
magnets,part_meronym,pole
chains,synonym,chain
chains,hypernym,unit
chains,hyponym,ring
chains,part_holonym,bicycle
chains,part_holonym,bike
chains,part_holonym,wheel
chains,part_holonym,cycle
chains,hypernym,business
chains,part_meronym,yard
chains,part_meronym,link
chains,hypernym,formation
chains,synonym,range
chains,hypernym,necklace
chains,synonym,string
sword,hypernym,arm
sword,synonym,blade
sword,synonym,brand
sword,synonym,steel
sword,part_meronym,point
sword,part_meronym,tip
sword,part_meronym,peak
sword,part_meronym,blade
pedals,hypernym,note
pedals,synonym,pedal
pedals,hypernym,lever
pedals,hyponym,gun
pedals,part_holonym,bicycle
pedals,part_holonym,bike
pedals,part_holonym,wheel
pedals,part_holonym,cycle
cords,hypernym,trouser
cords,hypernym,pant
cords,hypernym,line
cords,hyponym,string
cords,hyponym,lace
cords,hyponym,thread
cords,hyponym,yarn
cords,hyponym,piping
cords,hyponym,tie
cords,hyponym,lanyard
cords,synonym,cord
cords,hypernym,conductor
cords,hypernym,fabric
cords,hypernym,cloth
cords,hypernym,material
ships,hypernym,vessel
ships,synonym,ship
ships,part_meronym,skeleton
ships,part_meronym,frame
ships,part_meronym,bay
ships,part_meronym,screw
ships,part_meronym,caboose
ships,part_meronym,deck
ships,part_meronym,poop
ships,part_meronym,tail
ships,part_meronym,fin
ships,part_meronym,log
ships,part_meronym,top
ships,part_meronym,sheet
steps,hypernym,stairway
steps,hypernym,staircase
steps,hyponym,ladder
steps,synonym,stairs
steps,hypernym,path
steps,hypernym,track
steps,hypernym,course
steps,hyponym,guard
steps,synonym,step
steps,synonym,footstep
steps,hyponym,footstep
steps,hypernym,support
steps,synonym,stair
steps,part_holonym,stairway
steps,part_holonym,staircase
steps,hyponym,cut
steps,hypernym,mark
steps,hypernym,print
steps,synonym,footprint
steps,hypernym,block
lighthouse,hypernym,tower
anchor,hypernym,hook
anchor,hypernym,claw
anchor,part_meronym,stem
anchor,part_holonym,vessel
anchor,hypernym,support
window,hyponym,skylight
window,part_meronym,case
window,part_meronym,pane
window,part_meronym,window
window,part_holonym,building
window,hypernym,opening
window,part_holonym,car
window,part_holonym,automobile
window,part_holonym,machine
window,part_holonym,bus
window,part_holonym,coach
window,hypernym,panel
window,hypernym,gap
window,hypernym,pane
window,part_holonym,window
window,hypernym,display
window,hyponym,foreground
window,hyponym,panel
pigeons,hyponym,dove
pigeons,synonym,pigeon
sushi,hypernym,dish
drinks,hypernym,portion
drinks,hyponym,toast
drinks,hyponym,float
drinks,synonym,drink
drinks,hypernym,food
drinks,hypernym,liquid
drinks,hyponym,mixer
drinks,hyponym,cooler
drinks,hyponym,coffee
drinks,hyponym,chocolate
drinks,hyponym,tea
drinks,hyponym,alcohol
drinks,hyponym,milk
drinks,synonym,beverage
drinks,hypernym,water
scooters,synonym,scooter
scooters,hypernym,vessel
chip,hyponym,scale
chip,hypernym,float
chip,hypernym,counter
chip,part_holonym,computer
shoelace,hypernym,lace
shoelace,part_holonym,shoe
cook,hyponym,cookie
cook,hyponym,chef
weed,hypernym,band
weed,synonym,pot
weed,synonym,grass
weed,synonym,smoke
rail,hypernym,barrier
rail,hyponym,guardrail
rail,hyponym,bar
rail,synonym,railing
rail,part_holonym,handrail
rail,hypernym,railway
rail,hypernym,railroad
rail,hypernym,bar
rail,synonym,track
rail,synonym,rails
rail,synonym,runway
rail,part_holonym,railroad
rail,part_holonym,railway
workers,hypernym,person
workers,hypernym,individual
workers,hypernym,someone
workers,hyponym,employee
workers,hyponym,wiper
workers,hyponym,planter
workers,hyponym,gutter
workers,hyponym,poster
workers,hyponym,hanger
workers,hyponym,bleacher
workers,hyponym,tier
workers,hyponym,washer
workers,hyponym,driver
workers,synonym,worker
workers,hyponym,soldier
outfield,part_meronym,right
outfield,part_meronym,center
outfield,part_meronym,left
outfield,part_holonym,diamond
logos,synonym,logo
shorts,hypernym,trouser
shorts,hypernym,pant
shorts,synonym,trunks
shorts,synonym,drawers
shorts,synonym,short
shorts,part_holonym,diamond
shorts,part_holonym,infield
controllers,synonym,controller
controllers,hypernym,person
controllers,hypernym,individual
controllers,hypernym,someone
controllers,hyponym,valve
controllers,hyponym,switch
controllers,hyponym,dial
controllers,synonym,control
candy,hyponym,rock
ramp,hypernym,stairway
ramp,hypernym,staircase
notes,synonym,note
notes,synonym,line
notes,hyponym,pedal
notes,hypernym,air
notes,synonym,bill
controller,hypernym,person
controller,hypernym,individual
controller,hypernym,someone
controller,hyponym,valve
controller,hyponym,switch
controller,hyponym,dial
controller,synonym,control
children,hyponym,monkey
children,hyponym,toddler
children,synonym,child
children,synonym,kid
children,synonym,fry
children,hyponym,baby
children,hypernym,person
children,hypernym,individual
children,hypernym,someone
children,synonym,baby
lenses,synonym,lens
lenses,hypernym,line
lenses,part_holonym,eye
stockings,hypernym,hose
stockings,synonym,stocking
arrow,hypernym,mark
arrow,part_meronym,point
arrow,part_meronym,head
arrow,hypernym,missile
arrow,part_meronym,vane
doughnuts,synonym,ring
doughnuts,synonym,doughnut
doughnuts,synonym,donut
interior,hypernym,part
interior,synonym,inside
interior,hypernym,surface
interior,hyponym,belly
phones,synonym,telephone
phones,synonym,phone
phones,synonym,headphone
trick,hypernym,device
trick,hypernym,customer
blind,hypernym,people
blind,hypernym,screen
blind,hypernym,cover
blind,hyponym,shutter
blind,hyponym,curtain
blind,hyponym,drape
blind,hyponym,mantle
blind,synonym,screen
mouse,hypernym,bruise
mouse,hypernym,person
mouse,hypernym,individual
mouse,hypernym,someone
cookies,hypernym,cake
cookies,hyponym,brownie
cookies,synonym,cookie
cookies,synonym,biscuit
cookies,hypernym,cook
cookies,hypernym,text
dog,hyponym,toy
dog,hyponym,puppy
dog,part_meronym,flag
dog,synonym,heel
dog,hypernym,sausage
dog,synonym,hotdog
dog,part_holonym,hotdog
dog,hypernym,stop
dog,hypernym,support
lining,synonym,liner
lining,part_holonym,garment
lining,hypernym,covering
people,hypernym,group
people,hyponym,blind
people,hyponym,blood
people,hyponym,business
people,hyponym,land
people,hyponym,pocket
people,hypernym,family
people,hyponym,audience
grass,hyponym,cereal
grass,synonym,pasture
grass,synonym,pot
grass,synonym,weed
grass,synonym,smoke
spectacle,hypernym,display
motorbikes,hypernym,motorcycle
motorbikes,hypernym,bike
motorbikes,hyponym,moped
motorbikes,synonym,motorbike
fields,hyponym,yard
fields,hyponym,grounds
fields,hyponym,lawn
fields,synonym,field
fields,part_meronym,front
fields,hypernym,business
fields,hyponym,front
fields,hyponym,land
fields,hyponym,lap
fields,synonym,area
fields,synonym,arena
fields,hyponym,diamond
fields,hyponym,arena
fields,hyponym,court
fields,part_holonym,stadium
fields,part_holonym,bowl
fields,part_holonym,arena
fields,hypernym,land
fields,hypernym,earth
fields,hypernym,ground
fields,synonym,plain
fields,hypernym,set
fields,hyponym,airport
fields,hyponym,strip
fields,part_meronym,runway
fields,part_meronym,apron
turbine,part_meronym,blade
turbine,part_meronym,vane
joint,hyponym,knee
joint,hyponym,elbow
joint,hypernym,spot
joint,hypernym,link
joint,hypernym,cut
joint,hyponym,scarf
joint,hyponym,hinge
joint,hyponym,butt
joint,hyponym,seam
joint,hypernym,cigarette
joint,hypernym,butt
joint,synonym,stick
s,hypernym,letter
cardboard,hypernym,paper
cardboard,hyponym,card
he,hypernym,letter
decor,hypernym,decoration
decor,hypernym,ornament
pedestal,hypernym,support
pedestal,synonym,base
pedestal,synonym,stand
pedestal,part_holonym,column
pedestal,part_holonym,pillar
soup,hypernym,dish
marble,hypernym,rock
marble,hypernym,stone
marble,hypernym,ball
marble,hypernym,sculpture
markers,synonym,marker
markers,hypernym,symbol
markers,hyponym,spot
markers,hyponym,pin
markers,hyponym,brand
markers,hyponym,watermark
markers,hyponym,label
markers,synonym,marking
markers,synonym,mark
kettle,hypernym,pot
kettle,hypernym,hole
fan,hypernym,device
cakes,hypernym,block
cakes,hyponym,tablet
cakes,synonym,cake
cakes,synonym,bar
cakes,hypernym,dish
cakes,hyponym,cookie
cakes,hyponym,biscuit
cakes,hyponym,waffle
cakes,hyponym,cupcake
cakes,hyponym,pancake
plants,synonym,plant
plants,part_meronym,hood
plants,part_meronym,cap
plants,hypernym,player
fog,hyponym,mist
cookie,hypernym,cake
cookie,hyponym,brownie
cookie,synonym,biscuit
cookie,hypernym,cook
cookie,hypernym,text
skirt,part_meronym,seat
skirt,part_meronym,lap
skirt,part_holonym,garment
skirt,hypernym,garment
skirt,part_meronym,zipper
skirt,hypernym,girl
skirt,synonym,doll
skirt,synonym,bird
speedometer,hypernym,meter
streaks,synonym,streak
streaks,hypernym,marking
streaks,hyponym,band
streaks,synonym,stripe
streaks,synonym,bar
bicycles,synonym,bicycle
bicycles,synonym,bike
bicycles,synonym,wheel
bicycles,synonym,cycle
bicycles,part_meronym,chain
bicycles,part_meronym,handlebar
bicycles,part_meronym,saddle
bicycles,part_meronym,kickstand
bicycles,part_meronym,pedal
snow,part_meronym,snowflake
snow,hypernym,layer
snow,synonym,coke
hooks,hypernym,hand
hooks,hypernym,mitt
hooks,hypernym,paw
hooks,synonym,hook
hooks,hypernym,curve
hooks,hyponym,anchor
hooks,synonym,claw
hooks,hypernym,swing
decorations,hyponym,molding
decorations,hyponym,moulding
decorations,hyponym,decor
decorations,hyponym,fin
decorations,hyponym,garnish
decorations,hyponym,graffiti
decorations,hyponym,hanging
decorations,hyponym,bow
decorations,hyponym,stud
decorations,hyponym,rivet
decorations,hyponym,design
decorations,hyponym,pattern
decorations,hyponym,figure
decorations,hyponym,knob
decorations,synonym,decoration
decorations,synonym,ornament
decorations,synonym,medal
decorations,synonym,palm
decorations,synonym,ribbon
decorations,hyponym,tattoo
decorations,hyponym,marking
bookcase,hypernym,furniture
bookcase,part_meronym,shelf
backyard,hypernym,yard
backyard,hypernym,grounds
bedspread,hypernym,bedding
bedspread,synonym,spread
cpu,hypernym,hardware
cpu,part_holonym,computer
legs,hypernym,limb
legs,hyponym,pin
legs,hyponym,stick
legs,synonym,leg
legs,part_meronym,foot
legs,part_meronym,thigh
legs,part_meronym,knee
legs,part_meronym,ankle
legs,part_holonym,body
legs,hypernym,support
legs,part_holonym,tripod
legs,part_holonym,chair
legs,part_holonym,table
legs,part_holonym,cot
legs,hyponym,fork
legs,synonym,branch
legs,hypernym,cut
legs,part_meronym,cuff
legs,part_holonym,trouser
legs,part_holonym,pant
legs,hypernym,distance
legs,synonym,stage
dresser,hypernym,furniture
dresser,hyponym,commode
dresser,synonym,chest
dresser,part_meronym,shelf
dresser,part_meronym,drawer
dresser,hypernym,person
dresser,hypernym,individual
dresser,hypernym,someone
dresser,hypernym,table
dresser,synonym,vanity
dresser,hypernym,cabinet
wood,hyponym,olive
wood,hyponym,knot
wood,hyponym,pine
wood,hyponym,log
wood,hyponym,gum
wood,hyponym,bamboo
wood,hyponym,cherry
wood,hypernym,vegetation
wood,hyponym,jungle
wood,synonym,forest
wood,synonym,woods
wood,hypernym,wind
wood,hyponym,spoon
wood,hyponym,driver
cupboard,synonym,closet
tattoo,hypernym,design
tattoo,hypernym,pattern
tattoo,hypernym,figure
tattoo,hypernym,decoration
pants,synonym,drawers
pants,synonym,pant
pants,hypernym,garment
pants,hyponym,white
pants,hyponym,slacks
pants,hyponym,sweatpants
pants,hyponym,cords
pants,hyponym,jean
pants,hyponym,shorts
pants,hyponym,trunks
pants,synonym,trouser
pants,part_meronym,zipper
pants,part_meronym,trouser
pants,part_meronym,lap
pants,part_meronym,leg
pants,part_meronym,seat
keypad,hypernym,keyboard
smile,synonym,smiling
shower,hypernym,rain
shower,hyponym,sprinkle
wind,hypernym,weather
wind,hyponym,air
wind,synonym,tip
wind,synonym,steer
wind,hypernym,instrument
wind,hyponym,pipe
wind,hyponym,wood
wind,part_meronym,bell
sidewalk,hypernym,walk
sidewalk,hypernym,walkway
sidewalk,synonym,pavement
toilet,hypernym,room
toilet,hyponym,restroom
toilet,hyponym,closet
toilet,hyponym,head
toilet,synonym,can
toilet,synonym,bathroom
toilet,part_meronym,toilet
toilet,part_meronym,can
toilet,part_meronym,commode
toilet,part_meronym,pot
toilet,part_meronym,stool
toilet,synonym,commode
toilet,synonym,pot
toilet,synonym,stool
toilet,part_holonym,bathroom
toilet,part_holonym,bath
toilet,part_holonym,toilet
toilet,part_holonym,can
toilet,synonym,gutter
toilet,hypernym,dressing
grasses,hyponym,cereal
grasses,synonym,grass
grasses,synonym,pasture
grasses,synonym,pot
grasses,synonym,weed
grasses,synonym,smoke
present,hypernym,time
present,hyponym,date
icing,hypernym,topping
icing,synonym,frosting
icing,synonym,ice
surf,hypernym,wave
debris,hypernym,trash
debris,synonym,dust
cave,hypernym,formation
cave,part_meronym,floor
cave,part_meronym,wall
cave,part_meronym,roof
roses,hypernym,shrub
roses,hypernym,bush
roses,synonym,rose
roses,part_meronym,hip
roses,hypernym,wine
roses,hypernym,pink
topping,hypernym,garnish
topping,hyponym,frosting
topping,hyponym,icing
topping,hyponym,ice
topping,hyponym,glaze
topping,part_holonym,dish
wildebeest,hypernym,antelope
room,hypernym,area
room,hyponym,hall
room,hyponym,classroom
room,hyponym,compartment
room,hyponym,cell
room,hyponym,closet
room,hyponym,bathroom
room,hyponym,bath
room,hyponym,bar
room,hyponym,floor
room,hyponym,kitchen
room,hyponym,court
room,hyponym,door
room,hyponym,toilet
room,hyponym,can
room,hyponym,bedroom
room,part_meronym,floor
room,part_meronym,flooring
room,part_meronym,ceiling
room,part_meronym,wall
room,part_holonym,building
room,hyponym,parking
room,hyponym,seating
room,hyponym,seats
room,synonym,way
billboard,hypernym,signboard
billboard,hypernym,sign
cane,hypernym,stalk
cane,hypernym,stem
cane,hypernym,switch
cab,hypernym,compartment
cab,hypernym,carriage
cab,hypernym,car
cab,hypernym,automobile
cab,hypernym,machine
cab,synonym,taxi
watermelon,hypernym,melon
watermelon,part_meronym,watermelon
watermelon,part_holonym,watermelon
sandwiches,hyponym,sub
sandwiches,hyponym,wedge
sandwiches,hyponym,wrap
sandwiches,hyponym,hamburger
sandwiches,hyponym,burger
sandwiches,hyponym,hotdog
sandwiches,synonym,sandwich
sandwiches,part_meronym,bread
sandwiches,part_holonym,meal
shapes,hyponym,curve
shapes,synonym,shape
shapes,hyponym,circle
shapes,hyponym,square
shapes,hyponym,plane
shapes,hyponym,sheet
shapes,hyponym,triangle
shapes,hyponym,link
shapes,hyponym,column
shapes,hyponym,tower
shapes,hyponym,pillar
shapes,hyponym,line
shapes,hyponym,figure
shapes,hypernym,body
shapes,hyponym,person
shapes,synonym,figure
shapes,synonym,frame
shapes,part_holonym,person
shapes,part_holonym,individual
shapes,part_holonym,someone
shapes,part_holonym,man
shapes,part_holonym,human
shapes,hypernym,structure
shapes,synonym,pattern
antler,hypernym,horn
antler,part_holonym,deer
print,hyponym,footprint
print,hyponym,step
print,hyponym,line
print,synonym,mark
print,hypernym,fabric
print,hypernym,cloth
print,hypernym,material
print,hypernym,photograph
print,hypernym,photo
print,hypernym,picture
twigs,hypernym,branch
twigs,synonym,twig
trailer,hypernym,ad
trailer,hypernym,advertisement
trailer,hypernym,advertising
time,hypernym,case
time,synonym,clip
time,hyponym,piece
time,hyponym,patch
time,hyponym,day
time,hyponym,present
time,synonym,meter
cars,hyponym,wagon
cars,hyponym,jeep
cars,hyponym,sedan
cars,hyponym,cab
cars,hyponym,taxi
cars,hyponym,racer
cars,hyponym,minivan
cars,hyponym,bus
cars,hyponym,ambulance
cars,synonym,car
cars,synonym,automobile
cars,synonym,machine
cars,part_meronym,bumper
cars,part_meronym,window
cars,part_meronym,fin
cars,part_meronym,hood
cars,part_meronym,bonnet
cars,part_meronym,trunk
cars,part_meronym,roof
cars,part_meronym,horn
cars,part_meronym,fender
cars,part_meronym,wing
cars,part_meronym,gun
cars,hyponym,caboose
cars,hyponym,coach
cars,hyponym,carriage
cars,hyponym,van
cars,hypernym,compartment
cars,part_holonym,lift
ball,hyponym,football
ball,hyponym,baseball
ball,hyponym,bowl
ball,hyponym,basketball
ball,hyponym,volleyball
ball,hyponym,marble
ball,hypernym,shot
ball,synonym,globe
ball,synonym,nut
ball,synonym,egg
ball,hypernym,toy
ball,synonym,clump
ball,synonym,chunk
ball,hypernym,structure
ball,part_holonym,sole
ball,part_holonym,hand
ball,part_holonym,mitt
ball,part_holonym,paw
ball,hypernym,baseball
ball,hypernym,pitch
slide,part_meronym,section
slide,hypernym,toy
slide,part_holonym,playground
slide,hypernym,motion
slide,synonym,coast
slide,hypernym,foil
slide,hypernym,gutter
slide,hypernym,trough
slide,hyponym,runway
toddler,hypernym,child
toddler,hypernym,kid
toddler,hypernym,fry
mole,hypernym,sauce
mole,hypernym,barrier
motorcycle,hyponym,motorbike
motorcycle,synonym,bike
motorcycle,part_meronym,kickstand
urn,hypernym,vase
urn,hypernym,pot
skull,hypernym,bone
skull,part_meronym,jaw
skull,part_holonym,head
headrest,hypernym,cushion
extinguisher,hypernym,device
bathroom,hypernym,room
bathroom,synonym,bath
bathroom,part_meronym,bathtub
bathroom,part_meronym,bath
bathroom,part_meronym,tub
bathroom,part_meronym,toilet
bathroom,part_meronym,can
bathroom,part_meronym,commode
bathroom,part_meronym,pot
bathroom,part_meronym,stool
bathroom,part_holonym,home
bathroom,hyponym,restroom
bathroom,hyponym,closet
bathroom,hyponym,head
bathroom,synonym,toilet
bathroom,synonym,can
antennae,synonym,antenna
chain,hypernym,unit
chain,hyponym,ring
chain,part_holonym,bicycle
chain,part_holonym,bike
chain,part_holonym,wheel
chain,part_holonym,cycle
chain,hypernym,business
chain,part_meronym,yard
chain,part_meronym,link
chain,hypernym,formation
chain,synonym,range
chain,hypernym,necklace
chain,synonym,string
panels,hypernym,sheet
panels,hyponym,paneling
panels,hyponym,pane
panels,hyponym,headboard
panels,hyponym,footboard
panels,hyponym,window
panels,synonym,panel
panels,hypernym,body
panels,hypernym,pad
panels,part_holonym,umbrella
panels,hypernym,window
panels,hyponym,dashboard
panels,synonym,board
panes,hyponym,window
panes,synonym,pane
panes,part_holonym,window
panes,hypernym,panel
panes,synonym,paneling
panes,part_holonym,wall
panes,synonym,dot
sofa,hypernym,seat
sofa,hyponym,loveseat
sofa,synonym,couch
middle,hypernym,area
middle,hyponym,seat
middle,synonym,center
middle,synonym,heart
middle,synonym,eye
middle,hypernym,part
middle,hypernym,section
middle,part_holonym,torso
middle,part_holonym,trunk
middle,part_holonym,body
middle,hypernym,point
bandage,hypernym,dressing
bandage,hyponym,truss
bandage,synonym,patch
knob,hypernym,handle
knob,hypernym,grip
knob,hyponym,doorknob
knob,hyponym,stop
knob,hypernym,decoration
knob,hypernym,ornament
roadway,hypernym,road
roadway,hypernym,route
bonnet,hypernym,hat
bonnet,hypernym,lid
bonnet,synonym,hood
bonnet,part_holonym,airplane
bonnet,part_holonym,aeroplane
bonnet,part_holonym,plane
bonnet,part_holonym,car
bonnet,part_holonym,automobile
bonnet,part_holonym,machine
faucets,hyponym,tap
faucets,hyponym,hydrant
faucets,synonym,faucet
faucets,part_meronym,handle
faucets,part_meronym,grip
backside,hypernym,side
backside,hypernym,face
backside,synonym,rear
backside,synonym,butt
backside,synonym,buns
backside,synonym,can
backside,synonym,rump
backside,synonym,seat
backside,synonym,tail
backside,synonym,bottom
backside,synonym,behind
backside,part_holonym,torso
backside,part_holonym,trunk
backside,part_holonym,body
bed,hyponym,couch
bed,hyponym,sack
bed,hyponym,cot
bed,part_meronym,mattress
bed,part_holonym,bedroom
bed,hypernym,patch
bed,synonym,bottom
bed,synonym,seam
bed,hyponym,lift
bed,hyponym,blanket
bed,hyponym,wall
bed,hyponym,tier
bed,hyponym,course
bed,hyponym,row
bed,hyponym,cushion
bed,synonym,layer
bed,hypernym,surface
bed,hypernym,foundation
bed,hypernym,base
bed,hypernym,foot
pieces,hypernym,part
pieces,hypernym,portion
pieces,hyponym,spindle
pieces,hyponym,beam
pieces,synonym,piece
pieces,hypernym,item
pieces,hypernym,thing
pieces,hyponym,base
pieces,hyponym,corner
pieces,hyponym,slice
pieces,hyponym,strip
pieces,synonym,part
pieces,part_holonym,unit
pieces,hyponym,arrangement
pieces,hypernym,case
pieces,hypernym,gun
pieces,part_meronym,lock
pieces,synonym,slice
pieces,hypernym,distance
pieces,hypernym,time
pieces,synonym,patch
pieces,hyponym,black
pieces,hyponym,tile
pieces,hyponym,white
pieces,synonym,man
dolly,hypernym,toy
dolly,synonym,doll
team,hypernym,unit
team,hyponym,section
team,hyponym,battery
team,part_meronym,bench
advertising,hyponym,bill
advertising,hyponym,flyer
advertising,hyponym,trailer
advertising,synonym,ad
advertising,synonym,advertisement
advertising,hypernym,business
black,hypernym,dark
black,hypernym,person
black,hypernym,individual
black,hypernym,someone
black,hypernym,man
black,hypernym,piece
black,hypernym,clothing
notepad,hypernym,pad
notepad,hypernym,tablet
lightbulb,synonym,bulb
heel,hypernym,bottom
heel,hypernym,underside
heel,hyponym,spike
heel,hyponym,wedge
heel,part_meronym,lift
heel,part_holonym,boot
heel,part_holonym,shoe
heel,part_holonym,foot
heel,synonym,dog
heel,hypernym,end
heel,hypernym,terminal
heel,hypernym,part
heel,hypernym,portion
makeup,hyponym,lipstick
makeup,hyponym,paint
makeup,hypernym,event
makeup,hyponym,structure
makeup,hyponym,grain
plate,hypernym,base
plate,hypernym,bag
plate,synonym,home
plate,hypernym,sheet
plate,hyponym,disk
plate,hyponym,disc
plate,hyponym,tap
plate,hypernym,crust
plate,hypernym,structure
plate,hyponym,comb
plate,part_holonym,tube
plate,part_holonym,structure
plate,part_holonym,construction
plate,hypernym,receptacle
plate,hypernym,shield
plate,hyponym,shoe
plate,synonym,scale
plate,synonym,shell
plate,hyponym,bridge
dessert,hypernym,course
dessert,hyponym,mold
pearls,hypernym,white
pearls,synonym,bone
pearls,synonym,drop
pearls,synonym,bead
square,hypernym,rectangle
square,hypernym,number
square,hyponym,plaza
square,hyponym,place
square,part_holonym,city
square,hypernym,shape
radiator,hypernym,heater
wheel,hypernym,machine
wheel,hyponym,roller
wheel,hyponym,gear
wheel,part_meronym,rim
wheel,synonym,rack
wheel,synonym,bicycle
wheel,synonym,bike
wheel,synonym,cycle
wheel,part_meronym,chain
wheel,part_meronym,handlebar
wheel,part_meronym,saddle
wheel,part_meronym,kickstand
wheel,part_meronym,pedal
cow,hypernym,cattle
cow,hypernym,cows
cow,part_meronym,udder
cow,part_meronym,bag
oil,hyponym,grease
oil,hyponym,oil
oil,hypernym,oil
grey,synonym,gray
grey,hyponym,silver
grey,hypernym,clothing
spindle,hypernym,piece
spindle,hypernym,stick
spindle,synonym,spike
roofing,hypernym,material
roofing,part_holonym,construction
roofing,part_holonym,building
signpost,hypernym,sign
sink,hyponym,basin
couch,hypernym,seat
couch,hyponym,loveseat
couch,synonym,sofa
couch,hypernym,ground
couch,hypernym,bed
pillows,hypernym,cushion
pillows,synonym,pillow
mural,hypernym,painting
mural,hypernym,picture
lunch,hypernym,meal
vents,hypernym,hole
vents,synonym,vent
vents,hypernym,opening
vents,hypernym,crack
vents,hypernym,slit
vents,synonym,outlet
neck,part_holonym,body
neck,hypernym,land
neck,hypernym,earth
neck,hypernym,ground
neck,hypernym,cut
neck,hypernym,part
neck,hypernym,portion
neck,hypernym,opening
neck,part_meronym,collar
neck,part_holonym,garment
icon,hypernym,symbol
icon,hyponym,graphic
icon,hyponym,reflection
icon,hyponym,foil
icon,synonym,picture
icon,synonym,image
icon,hypernym,painting
icon,hypernym,picture
two,hypernym,figure
two,hyponym,couple
two,hyponym,pair
two,hyponym,brace
two,synonym,2
urinals,synonym,urinal
vests,hypernym,garment
vests,synonym,vest
vests,synonym,undershirt
spatula,part_meronym,handle
spatula,part_meronym,grip
spatula,part_meronym,blade
spatula,hyponym,slice
holes,hypernym,opening
holes,hypernym,gap
holes,synonym,hole
holes,hyponym,vent
holes,hyponym,eye
holes,hyponym,cup
holes,hyponym,manhole
holes,hypernym,space
holes,hyponym,pit
holes,hyponym,kettle
holes,hyponym,tunnel
holes,synonym,jam
holes,synonym,pickle
holes,hypernym,mouth
shop,hypernym,outlet
shop,hyponym,booth
shop,synonym,store
shop,part_meronym,storefront
shop,hyponym,pottery
shop,hypernym,course
piping,hypernym,cord
piping,hypernym,tube
piping,hyponym,drain
piping,hyponym,line
piping,hyponym,elbow
piping,synonym,pipe
piping,part_meronym,spout
vehicle,hyponym,sled
vehicle,part_meronym,dashboard
vehicle,hypernym,object
chandelier,synonym,pendant
mountains,synonym,mountain
mountains,part_meronym,mountainside
mountains,synonym,flock
mountains,synonym,lot
mountains,synonym,pile
mountains,synonym,pot
mountains,synonym,raft
mountains,synonym,stack
grooves,hyponym,track
grooves,synonym,groove
dressing,hypernym,sauce
dressing,hyponym,mayo
dressing,hyponym,bandage
dressing,hyponym,patch
dressing,hypernym,covering
dressing,hyponym,toilet
dressing,synonym,binding
sandal,hypernym,shoe
carrots,hypernym,root
carrots,synonym,carrot
carrots,part_holonym,carrot
carrots,hypernym,herb
carrots,part_meronym,carrot
instructions,hypernym,message
instructions,hyponym,address
instructions,hyponym,destination
instructions,hyponym,course
instructions,hyponym,link
hardware,hypernym,arms
hardware,hyponym,storage
hardware,hyponym,store
hardware,part_holonym,computer
silhouette,hypernym,outline
silhouette,hypernym,drawing
goggles,hypernym,spectacles
goggles,hypernym,eyeglasses
goggles,hypernym,glasses
tent,hypernym,shelter
tent,hyponym,pavilion
tent,hyponym,marquee
tent,hyponym,canvas
tent,part_meronym,guy
friend,hypernym,person
friend,hypernym,individual
friend,hypernym,someone
friend,hyponym,light
friend,hyponym,pickup
friend,hyponym,toaster
friend,hyponym,pillar
mark,hypernym,symbol
mark,hyponym,spot
mark,hyponym,pin
mark,hyponym,brand
mark,hyponym,watermark
mark,hyponym,label
mark,synonym,marker
mark,synonym,marking
mark,part_meronym,bull
mark,hyponym,footprint
mark,hyponym,step
mark,hyponym,line
mark,synonym,print
mark,synonym,brand
mark,synonym,stain
mark,synonym,mug
mark,hyponym,arrow
mark,hyponym,tick
mark,hyponym,point
mark,hyponym,head
mark,synonym,sign
mark,synonym,scratch
mark,hypernym,marking
mark,synonym,cross
mother,hyponym,mom
ground,hypernym,object
ground,hyponym,plain
ground,hyponym,field
ground,hyponym,island
ground,hyponym,forest
ground,hyponym,floor
ground,hyponym,cape
ground,hyponym,neck
ground,synonym,land
ground,synonym,earth
ground,part_holonym,earth
ground,part_holonym,globe
ground,hypernym,material
ground,hypernym,stuff
ground,hyponym,soil
ground,hyponym,dirt
ground,hypernym,foundation
ground,hypernym,view
ground,hypernym,scene
ground,synonym,background
ground,hyponym,bottom
ground,hyponym,turf
ground,synonym,soil
ground,hypernym,connector
ground,hypernym,surface
ground,hyponym,couch
shades,hypernym,spectacles
shades,hypernym,eyeglasses
shades,hypernym,glasses
shades,synonym,sunglasses
shades,hyponym,shadow
shades,synonym,shade
shades,hypernym,color
shades,hyponym,parasol
shades,hyponym,lampshade
shades,hypernym,shadow
marking,hypernym,symbol
marking,hyponym,spot
marking,hyponym,pin
marking,hyponym,brand
marking,hyponym,watermark
marking,hyponym,label
marking,synonym,marker
marking,synonym,mark
marking,hypernym,design
marking,hypernym,pattern
marking,hypernym,figure
marking,hyponym,stripe
marking,hyponym,streak
marking,hyponym,bar
marking,hyponym,cross
marking,hyponym,mark
marking,hyponym,patch
marking,hypernym,decoration
shoulder,part_holonym,torso
shoulder,part_holonym,trunk
shoulder,part_holonym,body
shoulder,hypernym,cut
shoulder,part_holonym,garment
shoulder,hypernym,edge
shoulder,part_holonym,road
shoulder,part_holonym,route
open,hypernym,area
open,synonym,clear
open,hypernym,outside
open,synonym,outdoors
open,synonym,surface
salad,hypernym,dish
pair,hypernym,set
pair,synonym,brace
pair,hypernym,two
pair,hypernym,2
pair,synonym,couple
pair,hyponym,couple
dark,hyponym,black
dark,hyponym,night
dark,hypernym,scene
dark,synonym,shadow
dark,synonym,night
dark,part_holonym,day
spot,hypernym,point
spot,hyponym,end
spot,hyponym,stop
spot,hyponym,peak
spot,hyponym,crown
spot,hyponym,crest
spot,hyponym,top
spot,hyponym,tip
spot,hyponym,pool
spot,hyponym,puddle
spot,synonym,place
spot,hypernym,section
spot,synonym,point
spot,hypernym,marking
spot,hyponym,speck
spot,hyponym,splash
spot,hyponym,plaque
spot,synonym,patch
spot,hyponym,joint
spot,hypernym,business
spot,hypernym,line
spot,hyponym,chair
spot,synonym,post
spot,synonym,office
spot,hypernym,marker
spot,hypernym,mark
spot,hypernym,lamp
spot,synonym,spotlight
spot,hyponym,six
spot,hyponym,four
spot,synonym,stain
truss,hypernym,bandage
truss,hypernym,patch
truss,hypernym,bracket
squares,hypernym,rectangle
squares,synonym,square
squares,hypernym,number
squares,hyponym,plaza
squares,hyponym,place
squares,part_holonym,city
squares,hypernym,shape
whisker,synonym,hair
whisker,hypernym,hair
underbelly,hypernym,bottom
underbelly,hypernym,underside
underbelly,hypernym,stomach
underbelly,hypernym,belly
woman,hypernym,adult
woman,hypernym,female
woman,hyponym,baggage
woman,hyponym,girl
woman,hyponym,lady
woman,hyponym,peach
woman,hyponym,dish
woman,hyponym,cat
woman,hypernym,cleaner
rims,hypernym,edge
rims,synonym,rim
rims,hypernym,hoop
rims,hypernym,ring
rims,part_holonym,wheel
rims,hyponym,collar
rims,synonym,brim
rims,synonym,lip
rims,part_holonym,vessel
market,part_meronym,business
market,hypernym,market
market,part_meronym,shelf
market,hypernym,outlet
market,hyponym,market
bulb,hypernym,stalk
bulb,hypernym,stem
bulb,hyponym,onion
bulb,synonym,lightbulb
bulb,hypernym,part
bulb,hypernym,portion
bulb,hypernym,structure
floors,hypernym,level
floors,synonym,floor
floors,synonym,flooring
floors,part_holonym,hallway
floors,part_holonym,hall
floors,part_holonym,room
floors,hypernym,structure
floors,hypernym,construction
floors,synonym,level
floors,part_holonym,building
floors,hypernym,control
floors,synonym,base
floors,hypernym,land
floors,hypernym,earth
floors,hypernym,ground
floors,hypernym,surface
floors,part_holonym,lake
floors,part_holonym,cave
floors,hypernym,right
floors,hypernym,hall
floors,hypernym,room
pine,hypernym,wood
aeroplane,hyponym,jet
aeroplane,hyponym,airliner
aeroplane,synonym,airplane
aeroplane,synonym,plane
aeroplane,part_meronym,fuselage
aeroplane,part_meronym,windshield
aeroplane,part_meronym,windscreen
aeroplane,part_meronym,gun
aeroplane,part_meronym,wing
aeroplane,part_meronym,hood
aeroplane,part_meronym,bonnet
seasoning,hyponym,herb
seasoning,hyponym,garlic
seasoning,hyponym,spice
seasoning,hyponym,pepper
seasoning,hyponym,salt
seasoning,hyponym,condiment
writings,synonym,writing
writings,hyponym,papers
writings,hyponym,title
writings,hyponym,section
writings,hyponym,lettering
writings,hyponym,hand
landscape,hypernym,painting
landscape,hypernym,picture
landscape,hypernym,stand
arrangement,hypernym,group
arrangement,hyponym,formation
arrangement,hypernym,structure
arrangement,hyponym,lattice
arrangement,hyponym,calendar
arrangement,hyponym,design
arrangement,synonym,system
arrangement,hypernym,piece
compartment,hypernym,space
compartment,hyponym,cell
compartment,hypernym,room
compartment,hyponym,cabinet
compartment,hyponym,stall
compartment,hyponym,car
compartment,hyponym,bay
compartment,hyponym,cockpit
compartment,hyponym,trunk
compartment,hyponym,cab
compartment,hyponym,box
compartment,hyponym,cabin
toy,hyponym,doll
toy,hyponym,dolly
toy,hyponym,top
toy,hyponym,ball
toy,hyponym,teddy
toy,hyponym,swing
toy,hyponym,slide
toy,hyponym,balloon
toy,hyponym,kite
toy,hypernym,device
toy,hypernym,dog
spotlight,synonym,glare
spotlight,hypernym,lamp
spotlight,synonym,spot
desktop,hypernym,top
desktop,hypernym,screen
desktop,synonym,background
gate,part_meronym,lock
gate,part_meronym,hinge
spine,synonym,back
spine,synonym,sticker
spine,hypernym,part
spine,hypernym,portion
spine,part_holonym,book
text,hyponym,words
text,hyponym,letter
text,hyponym,cookie
text,hyponym,column
text,hyponym,line
text,part_meronym,book
text,hypernym,book
lens,hypernym,line
lens,part_holonym,eye
grape,part_holonym,grape
grape,hypernym,vine
grape,part_meronym,grape
grape,hypernym,shot
pathway,hypernym,path
sandwich,hyponym,sub
sandwich,hyponym,wedge
sandwich,hyponym,wrap
sandwich,hyponym,hamburger
sandwich,hyponym,burger
sandwich,hyponym,hotdog
sandwich,part_meronym,bread
sandwich,part_holonym,meal
feather,hyponym,down
feather,part_meronym,vane
feather,part_holonym,bird
feather,part_holonym,row
handbag,hypernym,container
handbag,synonym,bag
handbag,synonym,pocketbook
handbag,synonym,purse
handbag,part_meronym,clasp
blinds,hypernym,people
blinds,synonym,blind
blinds,hypernym,screen
blinds,hypernym,cover
blinds,hyponym,shutter
blinds,hyponym,curtain
blinds,hyponym,drape
blinds,hyponym,mantle
blinds,synonym,screen
knives,synonym,knife
knives,part_meronym,point
knives,part_meronym,blade
knives,hypernym,arm
knives,hyponym,sticker
knives,part_meronym,tip
knives,part_meronym,peak
knives,synonym,tongue
pail,hypernym,vessel
pail,synonym,bucket
drum,part_meronym,head
drum,hypernym,cylinder
drum,synonym,barrel
drum,hypernym,vessel
calculator,synonym,computer
calculator,hypernym,machine
calculator,hyponym,counter
dove,hypernym,pigeon
dove,hypernym,emblem
runner,hypernym,athlete
runner,hypernym,rug
runner,hypernym,carpet
runner,hypernym,carpeting
runner,hypernym,device
runner,hyponym,blade
runner,hyponym,ski
runner,part_holonym,sled
statues,hypernym,sculpture
statues,synonym,statue
shoreline,part_holonym,shore
broom,hypernym,shrub
broom,hypernym,bush
church,hypernym,body
jam,synonym,hole
jam,synonym,pickle
jam,hypernym,crowd
eyebrows,hypernym,hair
eyebrows,synonym,eyebrow
eyebrows,part_holonym,face
meat,hypernym,food
meat,hyponym,game
meat,hyponym,beef
meat,hyponym,sausage
meat,hyponym,lamb
meat,hyponym,bird
meat,hyponym,cut
meat,part_holonym,seed
meat,hyponym,stuff
meat,synonym,center
meat,synonym,heart
bunch,hyponym,tuft
bunch,hyponym,knot
bunch,synonym,clump
bunch,synonym,cluster
bunch,synonym,crowd
bunch,synonym,lot
foil,hypernym,device
foil,hypernym,picture
foil,hypernym,image
foil,hypernym,icon
foil,hyponym,slide
seagulls,synonym,seagull
vase,hypernym,jar
vase,hyponym,urn
loveseat,hypernym,sofa
loveseat,hypernym,couch
d,hypernym,letter
slats,hypernym,strip
slats,hyponym,fin
slats,synonym,slat
weeds,hypernym,garment
weeds,synonym,weed
weeds,hypernym,band
weeds,synonym,pot
weeds,synonym,grass
weeds,synonym,smoke
infield,synonym,diamond
infield,part_meronym,base
infield,part_meronym,bag
infield,part_meronym,mound
infield,part_meronym,hill
infield,part_meronym,short
infield,part_holonym,diamond
cellphone,synonym,cell
sunlight,hypernym,light
sunlight,synonym,sunshine
sunlight,synonym,sun
mold,synonym,stamp
mold,hypernym,container
mold,hyponym,pig
mold,hypernym,soil
mold,hypernym,dirt
mold,hypernym,dessert
mold,hypernym,dish
mold,hypernym,sculpture
mold,synonym,molding
mold,synonym,moulding
spring,hypernym,formation
spring,synonym,fountain
spring,hypernym,root
spring,hypernym,jump
leather,hyponym,calf
leather,hyponym,grain
leather,hyponym,kid
backboard,hypernym,support
hinge,hypernym,joint
hinge,part_holonym,gate
box,hypernym,container
box,hyponym,carton
box,hyponym,chest
box,hyponym,crate
box,hyponym,mailbox
box,part_meronym,lid
box,part_meronym,base
box,hypernym,compartment
box,part_holonym,balcony
box,synonym,corner
box,hypernym,rectangle
box,hypernym,shrub
box,hypernym,bush
box,hypernym,area
box,part_holonym,diamond
box,hypernym,seat
box,part_holonym,coach
mirrors,hypernym,reflector
mirrors,hyponym,glass
mirrors,synonym,mirror
roofs,hyponym,dome
roofs,synonym,roof
roofs,part_holonym,building
roofs,hyponym,hood
roofs,part_holonym,truck
roofs,part_holonym,car
roofs,part_holonym,automobile
roofs,part_holonym,machine
roofs,part_holonym,bus
roofs,part_holonym,coach
roofs,hypernym,covering
roofs,hypernym,cover
roofs,part_holonym,cave
roofs,hypernym,control
roofs,synonym,ceiling
roofs,synonym,cap
eyes,hypernym,view
eyes,synonym,eye
eyes,part_meronym,eyeball
eyes,part_meronym,lid
eyes,part_meronym,lens
eyes,part_holonym,face
eyes,hypernym,area
eyes,hyponym,seat
eyes,synonym,center
eyes,synonym,middle
eyes,synonym,heart
eyes,hypernym,hole
eyes,part_holonym,needle
trays,hypernym,receptacle
trays,synonym,tray
headlamp,hypernym,light
headlamp,synonym,headlight
teddy,hypernym,toy
teddy,part_meronym,strap
nail,hyponym,toenail
nail,hyponym,fingernail
nail,hyponym,spike
nail,part_meronym,stem
nail,part_meronym,head
ties,hyponym,bowtie
ties,synonym,necktie
ties,synonym,tie
ties,hypernym,beam
ties,hyponym,bridge
ties,synonym,link
ties,hypernym,brace
ties,part_holonym,railroad
ties,part_holonym,railway
ties,hypernym,cord
ties,hyponym,string
parasail,hypernym,parachute
mesh,hypernym,fabric
mesh,hypernym,cloth
mesh,hypernym,material
mesh,hyponym,netting
mesh,synonym,net
loop,hyponym,band
loop,hyponym,belt
loop,hypernym,pack
carrier,hypernym,business
carrier,hyponym,line
carrier,hypernym,rack
stopper,hypernym,number
stopper,hypernym,block
stopper,hypernym,stop
stopper,hyponym,cork
stopper,hyponym,tap
stopper,synonym,plug
bookshelf,hypernym,shelf
outfit,hypernym,unit
outfit,hypernym,attire
outfit,hypernym,dress
outfit,hypernym,gear
appliances,hypernym,device
appliances,synonym,appliance
appliances,hyponym,dryer
flap,hypernym,covering
flap,hyponym,tongue
flap,hyponym,lap
flap,hypernym,wave
flap,hypernym,surface
flap,synonym,flaps
flap,part_holonym,wing
tap,hypernym,bump
tap,hypernym,faucet
tap,synonym,hydrant
tap,hypernym,plate
tap,hypernym,tool
tap,hypernym,plug
tap,hypernym,stopper
tap,part_holonym,barrel
can,hypernym,container
can,synonym,tin
can,hypernym,buoy
can,synonym,butt
can,synonym,backside
can,synonym,buns
can,synonym,rear
can,synonym,rump
can,synonym,seat
can,synonym,tail
can,synonym,bottom
can,synonym,behind
can,part_holonym,torso
can,part_holonym,trunk
can,part_holonym,body
can,synonym,toilet
can,synonym,commode
can,synonym,pot
can,synonym,stool
can,part_holonym,bathroom
can,part_holonym,bath
can,part_holonym,toilet
can,part_holonym,can
can,hypernym,room
can,hyponym,restroom
can,hyponym,closet
can,hyponym,head
can,synonym,bathroom
can,part_meronym,toilet
can,part_meronym,can
can,part_meronym,commode
can,part_meronym,pot
can,part_meronym,stool
udder,synonym,bag
udder,part_holonym,cow
closet,synonym,cupboard
closet,hypernym,toilet
closet,hypernym,can
closet,hypernym,bathroom
closet,hypernym,furniture
closet,hypernym,room
closet,hyponym,booth
closet,hyponym,stall
closet,hyponym,kiosk
closet,part_meronym,shelf
awnings,hypernym,canopy
awnings,synonym,awning
city,part_meronym,square
costume,hypernym,attire
costume,hypernym,dress
squash,hypernym,vine
squash,hyponym,pumpkin
squash,part_meronym,squash
squash,hypernym,vegetable
squash,hypernym,veggie
squash,part_holonym,squash
streetlights,hypernym,lamp
streetlights,synonym,streetlight
streetlights,part_meronym,lamppost
cows,hyponym,cow
cows,hyponym,ox
cows,hyponym,bull
cows,hyponym,beef
cows,hyponym,steer
cows,synonym,cattle
cows,part_meronym,beef
cows,hypernym,cattle
cows,hypernym,cows
cows,synonym,cow
cows,part_meronym,udder
cows,part_meronym,bag
giraffes,synonym,giraffe
bucket,hypernym,vessel
bucket,synonym,pail
skeleton,hypernym,system
skeleton,synonym,frame
skeleton,hyponym,hoop
skeleton,part_holonym,ship
skeleton,part_holonym,building
skeleton,part_holonym,aircraft
sides,hypernym,part
sides,hyponym,hand
sides,synonym,side
sides,hypernym,unit
sides,hypernym,area
sides,part_holonym,torso
sides,part_holonym,trunk
sides,part_holonym,body
sides,hypernym,surface
sides,hyponym,top
sides,hyponym,front
sides,hyponym,bottom
sides,hyponym,underside
sides,hyponym,rear
sides,hyponym,backside
sides,synonym,face
sides,hyponym,back
sides,hyponym,port
sides,hyponym,beam
sides,hyponym,edge
sides,hypernym,line
sides,hypernym,blood
sides,hypernym,cut
sides,hypernym,view
sides,hypernym,formation
sides,hyponym,coast
sides,hyponym,hillside
sides,hyponym,bank
sides,hyponym,mountainside
sides,synonym,slope
stairway,hypernym,way
stairway,hyponym,ramp
stairway,hyponym,flight
stairway,hyponym,stairs
stairway,hyponym,steps
stairway,hyponym,escalator
stairway,synonym,staircase
stairway,part_meronym,step
stairway,part_meronym,stair
stairway,part_holonym,building
treat,hyponym,jelly
cloud,hyponym,mushroom
cloud,hyponym,contrail
cloud,part_holonym,sky
cloud,hypernym,group
spout,hypernym,opening
spout,hyponym,nozzle
spout,hyponym,nose
spout,part_holonym,pipe
spout,part_holonym,piping
bell,part_meronym,tongue
bell,hypernym,button
bell,hypernym,curve
bell,hypernym,opening
bell,part_holonym,wind
podium,hypernym,platform
podium,synonym,stump
handle,hyponym,knob
handle,synonym,grip
handle,part_meronym,stem
handle,part_holonym,umbrella
handle,part_holonym,teacup
handle,part_holonym,faucet
handle,part_holonym,cart
handle,part_holonym,baggage
handle,part_holonym,luggage
handle,part_holonym,racket
handle,part_holonym,racquet
handle,part_holonym,mug
handle,part_holonym,handlebar
handle,part_holonym,spatula
handle,part_holonym,brush
handle,part_holonym,ladle
handle,part_holonym,bat
handle,part_holonym,skillet
handle,part_holonym,briefcase
bolt,hypernym,bar
bolt,part_holonym,lock
bolt,synonym,dash
bolt,hypernym,roll
bolt,hypernym,screw
bolt,part_meronym,head
armband,hypernym,band
propeller,hyponym,screw
propeller,synonym,propellor
propeller,part_meronym,blade
propeller,part_meronym,vane
caboose,hypernym,kitchen
caboose,part_holonym,ship
caboose,hypernym,car
rabbit,hyponym,bunny
rabbit,hypernym,fur
rabbit,hypernym,game
umbrellas,hypernym,canopy
umbrellas,synonym,umbrella
umbrellas,part_meronym,panel
umbrellas,part_meronym,handle
umbrellas,part_meronym,grip
wristwatch,hypernym,watch
left,hypernym,place
left,hypernym,hand
left,hypernym,mitt
left,hypernym,paw
left,part_holonym,outfield
bump,hyponym,belly
bump,synonym,hump
bump,hyponym,jar
bump,hyponym,tap
bump,hyponym,belt
point,hyponym,intersection
point,hyponym,corner
point,hyponym,crossing
point,hyponym,place
point,hyponym,center
point,hyponym,spot
point,hyponym,root
point,synonym,detail
point,synonym,item
point,hyponym,peak
point,hyponym,top
point,hyponym,plane
point,hyponym,ladder
point,synonym,level
point,synonym,stage
point,hyponym,middle
point,hyponym,date
point,hyponym,end
point,hyponym,distance
point,hypernym,object
point,hyponym,head
point,synonym,tip
point,synonym,peak
point,part_holonym,sword
point,part_holonym,blade
point,part_holonym,brand
point,part_holonym,steel
point,part_holonym,cone
point,part_holonym,pencil
point,part_holonym,knife
point,hypernym,disk
point,hypernym,disc
point,hypernym,saucer
point,synonym,dot
point,hypernym,unit
point,hypernym,head
point,hypernym,part
point,hypernym,portion
point,synonym,spot
point,hypernym,end
point,hypernym,terminal
point,hyponym,spike
point,part_holonym,needle
point,part_holonym,pin
point,synonym,stop
point,hypernym,mark
point,synonym,head
point,part_holonym,arrow
point,hypernym,muzzle
point,hypernym,outlet
plant,part_meronym,hood
plant,part_meronym,cap
plant,hypernym,player
vegetables,hypernym,produce
vegetables,hyponym,asparagus
vegetables,hyponym,squash
vegetables,hyponym,celery
vegetables,hyponym,pumpkin
vegetables,hyponym,mushroom
vegetables,hyponym,onion
vegetables,hyponym,greens
vegetables,hyponym,green
vegetables,hyponym,cucumber
vegetables,synonym,vegetable
vegetables,synonym,veggie
vegetables,part_holonym,herb
vegetables,hypernym,herb
vegetables,hyponym,spinach
teeth,hypernym,set
teeth,part_holonym,mouth
teeth,hypernym,bone
teeth,hyponym,tusk
teeth,synonym,tooth
teeth,part_meronym,stump
teeth,part_meronym,crown
teeth,part_meronym,root
teeth,part_holonym,comb
teeth,hypernym,structure
teeth,hypernym,way
teeth,part_holonym,gear
beam,hypernym,signal
beam,hypernym,sign
beam,hypernym,piece
beam,hyponym,ridge
beam,hyponym,tie
beam,hyponym,shore
beam,hypernym,light
beam,hypernym,side
7,hypernym,figure
garnish,hypernym,decoration
garnish,hypernym,ornament
garnish,hyponym,topping
cherries,hypernym,wood
cherries,synonym,cherry
cherries,part_meronym,cherry
cherries,part_holonym,cherry
cherries,hypernym,red
soap,hypernym,cleaner
blocks,hyponym,step
blocks,hyponym,pad
blocks,hyponym,cake
blocks,hyponym,bar
blocks,hyponym,cube
blocks,hyponym,nut
blocks,hyponym,slab
blocks,hyponym,wedge
blocks,synonym,block
blocks,hypernym,area
blocks,synonym,cube
blocks,hypernym,machine
blocks,part_meronym,cylinder
blocks,hyponym,plug
blocks,hyponym,stopper
blocks,synonym,stop
blocks,hypernym,platform
event,hyponym,makeup
event,synonym,case
event,hyponym,wake
event,hyponym,branch
event,hyponym,dent
event,hyponym,product
tube,hyponym,straw
tube,hyponym,drain
tube,hyponym,barrel
tube,hyponym,pipe
tube,hyponym,stem
tube,hyponym,column
tube,hyponym,piping
tube,hyponym,hose
tube,part_meronym,plate
tube,hypernym,cylinder
tube,synonym,pipe
tube,hypernym,structure
tube,hyponym,vessel
tube,hypernym,railway
tube,hypernym,railroad
tube,synonym,subway
pickup,hypernym,truck
pickup,hypernym,friend
faucet,hyponym,tap
faucet,hyponym,hydrant
faucet,part_meronym,handle
faucet,part_meronym,grip
magazine,hypernym,product
magazine,part_holonym,camera
magazine,hypernym,storage
magazine,hypernym,store
magazine,synonym,clip
magazine,part_holonym,gun
drawing,hypernym,artwork
drawing,hypernym,art
drawing,hypernym,graphics
drawing,hyponym,frame
drawing,hyponym,silhouette
drawing,hyponym,numbers
drawing,hypernym,drain
drawing,hypernym,pull
drapes,hypernym,blind
drapes,hypernym,screen
drapes,hyponym,drop
drapes,synonym,curtain
drapes,synonym,drape
drapes,synonym,mantle
drapes,hypernym,way
drapes,hypernym,covering
motorbike,hypernym,motorcycle
motorbike,hypernym,bike
motorbike,hyponym,moped
stage,hyponym,peak
stage,hyponym,top
stage,hyponym,plane
stage,hyponym,ladder
stage,synonym,level
stage,synonym,point
stage,hypernym,platform
stage,hyponym,apron
stage,hyponym,wing
stage,part_holonym,house
stage,hypernym,coach
stage,synonym,leg
stage,hypernym,scene
pie,hypernym,pastry
forks,synonym,fork
forks,part_meronym,prong
forks,part_meronym,tine
forks,hypernym,branch
forks,hypernym,leg
forks,hypernym,tool
forks,part_holonym,body
tag,hypernym,label
tag,synonym,rag
salsa,hypernym,condiment
bar,hypernym,room
bar,hypernym,counter
bar,hyponym,bolt
bar,hyponym,track
bar,hyponym,rail
bar,hyponym,rails
bar,hyponym,runway
bar,hyponym,handlebar
bar,hyponym,lever
bar,part_holonym,goal
bar,hypernym,barrier
bar,hypernym,ridge
bar,hypernym,marking
bar,hyponym,band
bar,synonym,stripe
bar,synonym,streak
bar,hypernym,block
bar,hyponym,tablet
bar,synonym,cake
bar,hypernym,support
bar,part_holonym,bars
bar,hypernym,railing
bar,hypernym,rail
bar,part_holonym,court
trouser,hypernym,garment
trouser,hyponym,white
trouser,hyponym,slacks
trouser,hyponym,sweatpants
trouser,hyponym,cords
trouser,hyponym,jean
trouser,hyponym,shorts
trouser,hyponym,trunks
trouser,synonym,pant
trouser,part_meronym,zipper
trouser,part_meronym,trouser
trouser,part_meronym,lap
trouser,part_meronym,leg
trouser,part_meronym,seat
trouser,part_holonym,trouser
trouser,part_holonym,pant
strawberries,hypernym,berry
strawberries,synonym,strawberry
strawberries,hypernym,herb
advertisements,hyponym,bill
advertisements,hyponym,flyer
advertisements,hyponym,trailer
advertisements,synonym,ad
advertisements,synonym,advertisement
advertisements,synonym,advertising
packet,synonym,package
packet,synonym,bundle
packet,hypernym,message
packet,hypernym,package
packet,hyponym,deck
packet,hypernym,boat
railing,hypernym,barrier
railing,hyponym,guardrail
railing,hyponym,bar
railing,synonym,rail
railing,part_holonym,handrail
railing,hypernym,material
goose,part_meronym,goose
goose,part_holonym,goose
parka,hypernym,jacket
numeral,hypernym,symbol
numeral,synonym,number
spices,synonym,spice
spices,hypernym,seasoning
spices,hyponym,bite
yellow,hyponym,lemon
yellow,hyponym,straw
yellow,hyponym,gold
bowtie,hypernym,necktie
bowtie,hypernym,tie
broccoli,part_meronym,broccoli
broccoli,part_holonym,broccoli
phone,synonym,telephone
phone,synonym,headphone
6,hypernym,figure
6,synonym,six
cables,hypernym,wire
cables,synonym,cable
cables,hypernym,conductor
cables,synonym,line
cables,part_holonym,cable
cables,hypernym,rope
cables,hypernym,television
cables,part_meronym,cable
cables,part_meronym,line
bins,hypernym,container
bins,hyponym,crib
bins,synonym,bin
bins,hypernym,number
pasta,hypernym,dish
pasta,hyponym,spaghetti
pasta,hypernym,food
pasta,hyponym,macaroni
pasta,hyponym,noodle
pans,hyponym,skillet
pans,synonym,pan
pans,hypernym,container
shade,hyponym,shadow
shade,hypernym,color
shade,hyponym,parasol
shade,hyponym,lampshade
shade,hypernym,shadow
shutter,part_holonym,camera
shutter,hypernym,blind
shutter,hypernym,screen
photograph,hyponym,stereo
photograph,hyponym,shot
photograph,hyponym,scene
photograph,hyponym,frame
photograph,hyponym,print
photograph,synonym,photo
photograph,synonym,picture
skateboards,hypernym,board
skateboards,synonym,skateboard
brand,hypernym,name
brand,hyponym,label
brand,hypernym,marker
brand,hypernym,marking
brand,hypernym,mark
brand,hypernym,symbol
brand,synonym,mark
brand,synonym,stain
brand,hypernym,arm
brand,synonym,sword
brand,synonym,blade
brand,synonym,steel
brand,part_meronym,point
brand,part_meronym,tip
brand,part_meronym,peak
brand,part_meronym,blade
lettering,hypernym,writing
bale,hypernym,bundle
man,hypernym,adult
man,hypernym,male
man,hyponym,stud
man,hyponym,dude
man,hyponym,guy
man,hyponym,cat
man,hyponym,boy
man,hyponym,bull
man,hyponym,gentleman
man,hyponym,officer
man,hypernym,person
man,hypernym,individual
man,hypernym,someone
man,hyponym,man
man,synonym,human
man,part_meronym,figure
man,part_meronym,shape
man,part_meronym,frame
man,part_meronym,face
man,part_meronym,foot
man,part_meronym,hand
man,part_meronym,mitt
man,part_meronym,paw
man,part_meronym,arm
man,part_meronym,mane
man,synonym,gentleman
man,hyponym,black
man,hyponym,tile
man,hyponym,white
man,synonym,piece
man,hypernym,group
man,hypernym,man
man,hypernym,human
crackers,hypernym,bread
crackers,synonym,cracker
shrub,hyponym,pepper
shrub,hyponym,tea
shrub,hyponym,broom
shrub,hyponym,blueberry
shrub,hyponym,box
shrub,hyponym,rose
shrub,synonym,bush
knife,part_meronym,point
knife,part_meronym,blade
knife,hypernym,arm
knife,hyponym,sticker
knife,part_meronym,tip
knife,part_meronym,peak
knife,synonym,tongue
device,hyponym,lift
device,hyponym,tongs
device,hyponym,support
device,hyponym,stabilizer
device,hyponym,fan
device,hyponym,indicator
device,hyponym,instrument
device,hyponym,horn
device,hyponym,lighter
device,hyponym,light
device,hyponym,surface
device,hyponym,foil
device,hyponym,button
device,hyponym,key
device,hyponym,guard
device,hyponym,runner
device,hyponym,extinguisher
device,hyponym,feeder
device,hyponym,keyboard
device,hyponym,charger
device,hyponym,toy
device,hyponym,comforter
device,hyponym,pacifier
device,hyponym,remote
device,hyponym,reflector
device,hyponym,appliance
device,hyponym,pull
device,hyponym,fender
device,hyponym,conductor
device,hyponym,router
device,hyponym,alarm
device,hyponym,magnet
device,hyponym,comb
device,hyponym,heater
device,hyponym,valve
device,hyponym,muffler
device,hyponym,machine
device,hyponym,trick
device,hypernym,design
device,hypernym,pattern
device,hypernym,figure
device,hyponym,seal
device,hyponym,stamp
device,hypernym,emblem
sill,hyponym,windowsill
sill,hypernym,rock
sill,hypernym,stone
sailboats,synonym,sailboat
candle,hypernym,lamp
candle,hyponym,dip
candle,synonym,cd
show,hyponym,display
show,hyponym,exhibit
show,synonym,display
show,hyponym,movie
show,hyponym,picture
armchair,hypernym,chair
armchair,hyponym,recliner
armchair,part_meronym,arm
brown,hyponym,chocolate
brown,hyponym,coffee
liner,synonym,lining
liner,part_holonym,garment
liner,part_meronym,cabin
buffalo,part_meronym,buffalo
buffalo,hypernym,game
buffalo,part_holonym,buffalo
mound,synonym,hill
mound,part_holonym,diamond
mound,part_holonym,infield
mound,hypernym,hill
mound,hyponym,stack
mound,synonym,pile
mound,hypernym,structure
mound,hypernym,construction
mound,synonym,pitcher
trails,hypernym,path
trails,hypernym,track
trails,hypernym,course
trails,hyponym,slot
trails,synonym,trail
trails,hypernym,grounds
trails,synonym,track
register,hyponym,counter
register,part_holonym,storage
register,part_holonym,store
rails,hypernym,bar
rails,synonym,track
rails,synonym,rail
rails,synonym,runway
rails,part_holonym,railroad
rails,part_holonym,railway
rails,hypernym,barrier
rails,hyponym,guardrail
rails,hyponym,bar
rails,synonym,railing
rails,part_holonym,handrail
rails,hypernym,railway
rails,hypernym,railroad
magnet,hypernym,device
magnet,part_meronym,pole
shoes,synonym,place
shoes,hyponym,cleats
shoes,hyponym,sneaker
shoes,hyponym,fin
shoes,hyponym,sandal
shoes,hyponym,pump
shoes,hyponym,platform
shoes,synonym,shoe
shoes,part_meronym,tongue
shoes,part_meronym,counter
shoes,part_meronym,heel
shoes,part_meronym,spike
shoes,part_meronym,collar
shoes,part_meronym,saddle
shoes,part_meronym,lace
shoes,part_meronym,shoelace
shoes,hypernym,case
shoes,hypernym,plate
shoes,hypernym,scale
shoes,hypernym,shell
chopsticks,synonym,chopstick
bowl,hypernym,vessel
bowl,synonym,trough
bowl,hypernym,dish
bowl,hypernym,structure
bowl,hypernym,construction
bowl,hyponym,dome
bowl,hyponym,park
bowl,synonym,stadium
bowl,synonym,arena
bowl,part_meronym,field
bowl,part_meronym,stand
bowl,hypernym,ball
bowl,part_holonym,bowls
bowl,hypernym,container
bowl,part_holonym,pipe
bowl,synonym,roll
cleats,hypernym,shoe
cleats,part_meronym,cleat
cleats,synonym,cleat
cleats,part_holonym,cleats
cleats,hypernym,strip
veins,synonym,vein
veins,hypernym,formation
roll,hyponym,card
roll,hypernym,wave
roll,synonym,roller
roll,synonym,curl
roll,hypernym,bread
roll,hyponym,croissant
roll,hyponym,bagel
roll,synonym,bun
roll,hypernym,cylinder
roll,hyponym,bolt
roll,hypernym,throw
roll,synonym,bowl
hip,part_holonym,torso
hip,part_holonym,trunk
hip,part_holonym,body
hip,part_meronym,hip
hip,part_holonym,thigh
hip,part_holonym,hip
hip,hypernym,fruit
hip,part_holonym,rose
cats,synonym,cat
cats,hypernym,man
cats,synonym,guy
cats,hypernym,woman
cats,hyponym,lion
cats,hyponym,tiger
monkey,hypernym,child
monkey,hypernym,kid
monkey,hypernym,fry
basket,hypernym,container
basket,hypernym,goal
basket,synonym,hoop
men,synonym,hands
men,hypernym,adult
men,hypernym,male
men,hyponym,stud
men,hyponym,dude
men,hyponym,guy
men,hyponym,cat
men,hyponym,boy
men,hyponym,bull
men,hyponym,gentleman
men,synonym,man
men,hyponym,officer
men,hypernym,person
men,hypernym,individual
men,hypernym,someone
men,hyponym,man
men,synonym,human
men,part_meronym,figure
men,part_meronym,shape
men,part_meronym,frame
men,part_meronym,face
men,part_meronym,foot
men,part_meronym,hand
men,part_meronym,mitt
men,part_meronym,paw
men,part_meronym,arm
men,part_meronym,mane
men,synonym,gentleman
men,hyponym,black
men,hyponym,tile
men,hyponym,white
men,synonym,piece
men,hypernym,group
men,hypernym,man
men,hypernym,human
chunk,synonym,ball
chunk,synonym,clump
pineapple,hypernym,herb
pineapple,part_meronym,pineapple
pineapple,part_holonym,pineapple
gates,synonym,gate
gates,part_meronym,lock
gates,part_meronym,hinge
stalks,synonym,stalk
stalks,synonym,straw
stalks,synonym,stubble
stalks,hyponym,branch
stalks,hyponym,bulb
stalks,hyponym,cane
stalks,hyponym,trunk
stalks,synonym,stem
stalks,part_meronym,receptacle
propellor,hyponym,screw
propellor,synonym,propeller
propellor,part_meronym,blade
propellor,part_meronym,vane
note,synonym,line
note,hyponym,pedal
note,hypernym,air
note,synonym,bill
board,synonym,plank
board,part_meronym,knot
board,hypernym,sheet
board,hyponym,skateboard
board,hyponym,snowboard
board,hyponym,surfboard
board,hyponym,scoreboard
board,hyponym,pallet
board,synonym,table
board,hypernym,display
board,hypernym,table
board,hyponym,dashboard
board,synonym,panel
board,synonym,card
board,hypernym,surface
earth,synonym,globe
earth,part_meronym,air
earth,part_meronym,sky
earth,part_meronym,land
earth,part_meronym,earth
earth,part_meronym,ground
earth,hypernym,material
earth,hypernym,stuff
earth,hyponym,soil
earth,hyponym,dirt
earth,synonym,ground
earth,hypernym,object
earth,hyponym,plain
earth,hyponym,field
earth,hyponym,island
earth,hyponym,forest
earth,hyponym,floor
earth,hyponym,cape
earth,hyponym,neck
earth,synonym,land
earth,part_holonym,earth
earth,part_holonym,globe
earth,hypernym,connector
painting,hyponym,mural
painting,hyponym,icon
painting,hyponym,landscape
painting,synonym,picture
painting,hypernym,art
painting,hypernym,covering
painting,hyponym,splash
painting,part_holonym,construction
painting,part_holonym,building
engine,hypernym,motor
engine,part_meronym,gear
engine,part_meronym,train
engine,synonym,locomotive
engine,part_meronym,fender
engine,part_meronym,pilot
engine,hypernym,instrument
foam,hypernym,bubble
foam,hyponym,head
foam,hypernym,material
foam,hypernym,stuff
calendar,hypernym,arrangement
calendar,hypernym,system
calendar,hypernym,table
tick,hypernym,mark
tick,hypernym,mattress
banners,hypernym,flag
banners,synonym,banner
banners,synonym,streamer
shovel,hypernym,machine
medal,synonym,decoration
medal,synonym,palm
medal,synonym,ribbon
mushroom,hypernym,cloud
mushroom,hypernym,vegetable
mushroom,hypernym,veggie
section,hypernym,writing
section,hyponym,spot
section,hyponym,end
section,hyponym,book
section,hypernym,slice
section,part_holonym,slide
section,hypernym,area
section,hypernym,part
section,hypernym,portion
section,hyponym,curve
section,hyponym,leaf
section,part_holonym,unit
section,hypernym,team
section,hyponym,frame
section,hyponym,round
section,hyponym,half
section,hyponym,middle
section,hyponym,game
section,synonym,part
section,hypernym,course
section,hyponym,strings
section,part_holonym,band
section,hypernym,cut
cheese,hypernym,food
cheese,hyponym,mozzarella
hose,hyponym,stocking
hose,hyponym,sock
hose,hyponym,tights
hose,hypernym,garment
hose,hypernym,tube
cupcake,hypernym,cake
handles,hyponym,knob
handles,synonym,handle
handles,synonym,grip
handles,part_meronym,stem
handles,part_holonym,umbrella
handles,part_holonym,teacup
handles,part_holonym,faucet
handles,part_holonym,cart
handles,part_holonym,baggage
handles,part_holonym,luggage
handles,part_holonym,racket
handles,part_holonym,racquet
handles,part_holonym,mug
handles,part_holonym,handlebar
handles,part_holonym,spatula
handles,part_holonym,brush
handles,part_holonym,ladle
handles,part_holonym,bat
handles,part_holonym,skillet
handles,part_holonym,briefcase
twig,hypernym,branch
doughnut,synonym,ring
doughnut,synonym,donut
cards,hypernym,game
cards,hyponym,bridge
cards,hyponym,crib
cards,part_meronym,cut
cards,hypernym,paper
cards,synonym,card
cards,hypernym,cardboard
cards,hypernym,sign
cards,synonym,poster
cards,synonym,placard
cards,synonym,bill
cards,hypernym,book
cards,hypernym,bill
cards,synonym,menu
cards,hypernym,roll
cards,synonym,board
cheek,part_holonym,face
cheek,part_holonym,torso
cheek,part_holonym,trunk
cheek,part_holonym,body
cheek,synonym,face
creek,hypernym,stream
face,hyponym,mug
face,part_meronym,jaw
face,part_meronym,chin
face,part_meronym,cheek
face,part_meronym,eye
face,part_meronym,eyebrow
face,part_meronym,beard
face,part_meronym,whiskers
face,part_meronym,forehead
face,part_meronym,mouth
face,part_meronym,nose
face,part_holonym,head
face,part_holonym,man
face,part_holonym,human
face,hyponym,light
face,synonym,expression
face,hypernym,surface
face,part_holonym,racket
face,part_holonym,racquet
face,hypernym,person
face,hypernym,individual
face,hypernym,someone
face,hyponym,top
face,hyponym,front
face,hyponym,bottom
face,hyponym,underside
face,hyponym,rear
face,hyponym,backside
face,synonym,side
face,hyponym,muzzle
face,part_holonym,animal
face,hypernym,front
face,hyponym,dial
face,part_holonym,watch
face,synonym,case
face,synonym,cheek
surfboards,hypernym,board
surfboards,synonym,surfboard
bumper,hypernym,glass
bumper,part_holonym,car
bumper,part_holonym,automobile
bumper,part_holonym,machine
bumper,part_holonym,truck
mozzarella,hypernym,cheese
dirt,hypernym,earth
dirt,hypernym,ground
dirt,hyponym,sand
dirt,hyponym,clay
dirt,hyponym,mold
dirt,hyponym,mud
dirt,synonym,soil
dirt,synonym,stain
dirt,synonym,grease
dirt,hypernym,stool
dirt,synonym,poop
signal,hyponym,indicator
signal,hyponym,symbol
signal,hyponym,beam
signal,hyponym,number
signal,hyponym,alarm
signal,synonym,sign
passengers,synonym,passenger
passengers,synonym,rider
beach,hypernym,formation
beach,part_holonym,shore
boots,synonym,boot
boots,part_meronym,tongue
boots,part_meronym,counter
boots,part_meronym,heel
boots,part_meronym,collar
boots,hypernym,trunk
boots,hypernym,shell
boots,hypernym,case
lanyard,hypernym,cord
lanyard,hypernym,line
speck,hypernym,spot
speck,hypernym,patch
speck,hypernym,material
speck,hypernym,stuff
speck,hyponym,grain
curve,hypernym,line
curve,hyponym,bow
curve,hyponym,wave
curve,hyponym,bell
curve,hyponym,hook
curve,hyponym,envelope
curve,hyponym,arch
curve,hypernym,pitch
curve,hypernym,shape
curve,hypernym,section
curve,hyponym,elbow
curve,part_holonym,road
curve,part_holonym,route
footboard,hypernym,platform
footboard,hypernym,panel
bark,hypernym,covering
bark,hypernym,cover
bark,hyponym,cork
bark,part_holonym,branch
bark,part_holonym,trunk
bark,part_holonym,root
strips,hypernym,part
strips,hypernym,piece
strips,hyponym,row
strips,synonym,strip
strips,hyponym,ribbon
strips,hyponym,band
strips,hyponym,ring
strips,hyponym,tape
strips,hyponym,tab
strips,hypernym,field
strips,part_meronym,runway
strips,hypernym,cartoon
strips,part_meronym,frame
strips,part_holonym,newspaper
strips,part_holonym,paper
strips,hyponym,cleat
strips,hyponym,toothpick
strips,hyponym,slat
bracket,hypernym,set
bracket,hypernym,support
bracket,hyponym,truss
bracket,hyponym,console
bracket,hyponym,sconce
row,hypernym,line
row,hyponym,terrace
row,synonym,words
row,hypernym,strip
row,hypernym,layer
row,hypernym,bed
row,synonym,course
row,part_holonym,wall
row,part_meronym,feather
swimsuit,hypernym,garment
swimsuit,hyponym,bikini
suits,hypernym,garment
suits,synonym,suit
suits,synonym,case
glove,synonym,mitt
glove,hyponym,mitten
glove,part_meronym,thumb
glove,part_meronym,finger
p,hypernym,letter
microphone,hyponym,bug
racquet,hyponym,bat
racquet,synonym,racket
racquet,part_meronym,handle
racquet,part_meronym,grip
racquet,part_meronym,face
lipstick,hypernym,makeup
raft,hypernym,float
raft,synonym,flock
raft,synonym,lot
raft,synonym,mountain
raft,synonym,pile
raft,synonym,pot
raft,synonym,stack
trucks,hyponym,pickup
trucks,hyponym,lorry
trucks,hyponym,tractor
trucks,hyponym,van
trucks,synonym,truck
trucks,part_meronym,bumper
trucks,part_meronym,roof
trucks,hypernym,cart
bush,hyponym,pepper
bush,hyponym,tea
bush,hyponym,broom
bush,hyponym,blueberry
bush,hyponym,box
bush,hyponym,rose
bush,synonym,shrub
bush,hypernym,wild
bush,hypernym,vegetation
bush,hypernym,hair
net,part_meronym,portion
net,part_meronym,part
net,hypernym,goal
net,hyponym,cage
net,hypernym,fabric
net,hypernym,cloth
net,hypernym,material
net,hyponym,netting
net,synonym,mesh
small,part_holonym,back
player,hyponym,seed
player,hyponym,server
player,hyponym,ham
player,hyponym,star
player,hyponym,plant
player,hypernym,person
player,hypernym,individual
player,hypernym,someone
snowman,hypernym,figure
restaurant,hypernym,building
restaurant,hyponym,grill
restaurant,hyponym,cafe
plaza,hypernym,square
plaza,synonym,place
plaza,hypernym,outlet
plaza,synonym,center
lampshade,hypernym,shade
lampshade,part_holonym,lamp
steak,hypernym,cut
pockets,hypernym,pouch
pockets,synonym,pocket
pockets,part_holonym,garment
pockets,synonym,pouch
pockets,synonym,sack
pockets,hypernym,space
pockets,hypernym,people
pockets,hypernym,opening
pockets,hypernym,gap
shingle,hypernym,gravel
shingle,hypernym,signboard
shingle,hypernym,sign
bubble,hyponym,foam
bubble,hypernym,covering
pocketbook,hypernym,case
pocketbook,synonym,wallet
pocketbook,hypernym,container
pocketbook,synonym,bag
pocketbook,synonym,handbag
pocketbook,synonym,purse
pocketbook,part_meronym,clasp
bananas,hypernym,herb
bananas,synonym,banana
castle,hypernym,hall
kiwi,hypernym,vine
kiwi,part_meronym,kiwi
kiwi,part_holonym,kiwi
pea,part_holonym,pea
pea,part_meronym,pea
watch,hyponym,wristwatch
watch,part_meronym,face
watch,hyponym,wake
stud,hypernym,man
stud,hypernym,decoration
stud,hypernym,ornament
stud,synonym,rivet
stud,part_holonym,building
jumper,hypernym,person
jumper,hypernym,individual
jumper,hypernym,someone
jumper,hypernym,athlete
jumper,hypernym,garment
jumper,hyponym,cardigan
jumper,synonym,sweater
jumper,hypernym,connector
jumper,hypernym,jacket
jumper,hypernym,dress
mouth,hyponym,hole
mouth,part_meronym,teeth
mouth,part_meronym,gum
mouth,part_meronym,tongue
mouth,part_holonym,mouth
mouth,hypernym,opening
mouth,hyponym,beak
mouth,hyponym,bill
mouth,part_meronym,lip
mouth,part_meronym,mouth
mouth,part_holonym,face
mouth,hypernym,gap
mouth,hypernym,formation
mouth,hypernym,feeder
mouth,hypernym,counter
mouth,synonym,lip
mouth,part_holonym,jar
mouth,part_holonym,bottle
trough,hyponym,slide
trough,synonym,gutter
trough,synonym,bowl
trough,hypernym,receptacle
trough,hypernym,container
green,synonym,park
green,hypernym,vegetable
green,hypernym,veggie
green,hyponym,spinach
green,synonym,greens
green,synonym,jet
back,part_meronym,small
back,part_meronym,saddle
back,part_holonym,torso
back,part_holonym,trunk
back,part_holonym,body
back,hypernym,side
back,hyponym,tail
back,hyponym,poop
back,synonym,rear
back,hypernym,place
back,synonym,spine
back,synonym,binding
back,synonym,cover
back,part_holonym,book
back,hypernym,support
back,synonym,backrest
back,part_holonym,chair
briefcase,hypernym,case
briefcase,part_meronym,handle
briefcase,part_meronym,grip
coke,synonym,snow
chicken,hyponym,hen
chicken,part_meronym,breast
chicken,part_holonym,chicken
chicken,hyponym,rooster
chicken,part_meronym,chicken
shelter,hypernym,structure
shelter,hypernym,construction
shelter,hyponym,hut
shelter,hyponym,shack
shelter,hyponym,tent
shelter,hyponym,sconce
shelter,hyponym,dugout
shelter,hyponym,canopy
beans,synonym,bean
beans,part_holonym,bean
beans,hypernym,seed
beans,part_meronym,bean
beans,synonym,noodle
beans,synonym,dome
outline,hyponym,silhouette
outline,hyponym,skyline
signals,hyponym,indicator
signals,hyponym,symbol
signals,hyponym,beam
signals,hyponym,number
signals,hyponym,alarm
signals,synonym,signal
signals,synonym,sign
potatoes,hyponym,fries
potatoes,hyponym,chips
potatoes,synonym,potato
potatoes,part_meronym,jacket
potatoes,part_holonym,potato
potatoes,hypernym,vine
potatoes,part_meronym,potato
houses,hypernym,building
houses,hypernym,home
houses,hyponym,cabin
houses,hyponym,hall
houses,hyponym,lodge
houses,synonym,house
houses,part_meronym,porch
houses,hypernym,business
houses,hypernym,audience
houses,hypernym,family
houses,hypernym,part
houses,synonym,sign
houses,hypernym,unit
houses,synonym,family
houses,synonym,home
houses,part_meronym,circle
houses,part_meronym,stage
houses,part_meronym,pit
entrance,hyponym,opening
entrance,hyponym,arch
entrance,hyponym,archway
entrance,hyponym,doorway
entrance,hyponym,door
entrance,synonym,entryway
entrance,synonym,entry
scarf,hypernym,garment
scarf,hyponym,muffler
scarf,hypernym,joint
teen,synonym,teenager
edging,hypernym,border
edging,hyponym,fringe
edging,part_holonym,fabric
edging,part_holonym,cloth
edging,part_holonym,material
edging,part_holonym,rug
edging,part_holonym,carpet
edging,part_holonym,carpeting
lodge,hypernym,house
lodge,hypernym,home
lodge,hypernym,hotel
hillside,hypernym,slope
hillside,hypernym,side
hillside,part_holonym,hill
six,hypernym,figure
six,synonym,6
six,hypernym,spot
sea,hypernym,water
sea,part_meronym,bay
sea,synonym,ocean
fingernail,hypernym,nail
fingernail,hyponym,thumbnail
fingernail,part_holonym,finger
pew,hypernym,bench
wrist,part_holonym,arm
candles,hypernym,lamp
candles,hyponym,dip
candles,synonym,candle
candles,synonym,cd
belly,hyponym,underbelly
belly,synonym,stomach
belly,part_holonym,torso
belly,part_holonym,trunk
belly,part_holonym,body
belly,hyponym,pot
belly,hypernym,bump
belly,hypernym,hump
belly,hypernym,inside
belly,hypernym,interior
hamburger,hypernym,sandwich
hamburger,synonym,burger
hamburger,part_meronym,hamburger
hamburger,hypernym,beef
hamburger,part_holonym,hamburger
hamburger,part_holonym,burger
condiment,hypernym,seasoning
condiment,hyponym,ketchup
condiment,hyponym,salsa
condiment,hyponym,sauce
condiment,hyponym,dip
condiment,hyponym,relish
condiment,hyponym,mustard
condiment,hyponym,spread
eating,hyponym,bite
cliff,hypernym,formation
cliff,synonym,drop
tile,hypernym,slab
tile,hypernym,man
tile,hypernym,piece
snowboarder,hypernym,slipper
plugs,hypernym,block
plugs,hypernym,stop
plugs,hyponym,cork
plugs,hyponym,tap
plugs,synonym,plug
plugs,synonym,stopper
plugs,hypernym,bite
plugs,hypernym,hydrant
plugs,hypernym,horse
flooring,hypernym,level
flooring,synonym,floor
flooring,part_holonym,hallway
flooring,part_holonym,hall
flooring,part_holonym,room
wall,hypernym,partition
wall,hypernym,divider
wall,part_meronym,paneling
wall,part_meronym,pane
wall,part_meronym,pier
wall,part_meronym,course
wall,part_meronym,row
wall,part_meronym,arch
wall,part_meronym,archway
wall,part_meronym,doorway
wall,part_meronym,door
wall,part_holonym,hallway
wall,part_holonym,hall
wall,part_holonym,building
wall,part_holonym,room
wall,hypernym,object
wall,hypernym,formation
wall,part_holonym,cave
wall,hypernym,layer
wall,hypernym,bed
wall,hypernym,fence
wall,hypernym,fencing
flower,hyponym,sunflower
flower,hyponym,pink
flower,hyponym,daisy
flower,hyponym,floret
flower,hyponym,bud
flower,synonym,bloom
flower,synonym,peak
website,hypernym,computer
bridle,part_holonym,harness
bridle,synonym,curb
nostrils,synonym,nostril
nostrils,part_holonym,nose
stove,synonym,range
stove,part_meronym,grate
stove,hypernym,heater
spoon,hypernym,container
spoon,hypernym,wood
bite,hyponym,crumb
bite,hyponym,plug
bite,hypernym,meal
bite,synonym,snack
bite,hypernym,spice
bite,hypernym,eating
coins,hyponym,crown
coins,hyponym,eagle
coins,synonym,coin
coins,part_meronym,head
coins,part_meronym,tail
things,synonym,thing
things,hyponym,pacifier
things,hypernym,object
things,hyponym,part
things,hyponym,piece
things,hyponym,unit
things,hyponym,water
patch,hypernym,marking
patch,hyponym,speck
patch,hyponym,splash
patch,hyponym,plaque
patch,synonym,spot
patch,hyponym,garden
patch,hyponym,bed
patch,hypernym,time
patch,synonym,piece
patch,hypernym,connector
patch,hypernym,dressing
patch,hyponym,truss
patch,synonym,bandage
plaque,hypernym,spot
plaque,hypernym,patch
plaque,hypernym,monument
khakis,hypernym,fabric
khakis,hypernym,cloth
khakis,hypernym,material
figurine,hypernym,figure
k,hypernym,metal
k,synonym,yard
k,part_meronym,word
k,hypernym,letter
k,synonym,jet
k,synonym,green
figures,synonym,figure
figures,hypernym,body
figures,hyponym,person
figures,synonym,shape
figures,synonym,frame
figures,part_holonym,person
figures,part_holonym,individual
figures,part_holonym,someone
figures,part_holonym,man
figures,part_holonym,human
figures,hyponym,six
figures,hyponym,6
figures,hyponym,one
figures,hyponym,1
figures,hyponym,5
figures,hyponym,fin
figures,hyponym,7
figures,hyponym,9
figures,hyponym,8
figures,hyponym,three
figures,hyponym,3
figures,hyponym,leash
figures,hyponym,two
figures,hyponym,2
figures,hyponym,four
figures,hyponym,4
figures,hypernym,model
figures,hyponym,snowman
figures,hyponym,figurine
figures,synonym,name
figures,hypernym,shape
figures,hyponym,pencil
figures,synonym,number
figures,synonym,image
figures,hypernym,decoration
figures,hypernym,ornament
figures,hyponym,marking
figures,hyponym,device
figures,hyponym,tattoo
figures,hyponym,decal
figures,hyponym,emblem
figures,synonym,design
figures,synonym,pattern
plantains,hypernym,herb
plantains,hypernym,banana
plantains,hypernym,vegetable
plantains,hypernym,veggie
cushions,hypernym,muffler
cushions,synonym,cushion
cushions,hypernym,layer
cushions,hypernym,bed
cushions,hypernym,padding
cushions,hyponym,headrest
cushions,hyponym,pillow
homes,synonym,home
homes,synonym,place
homes,hyponym,house
homes,hyponym,lodge
homes,part_meronym,kitchen
homes,part_meronym,bedroom
homes,part_meronym,bathroom
homes,part_meronym,bath
homes,hypernym,base
homes,hypernym,bag
homes,synonym,plate
homes,synonym,base
homes,hypernym,root
homes,hypernym,unit
homes,synonym,family
homes,synonym,house
doorway,hypernym,entrance
doorway,hypernym,entryway
doorway,hypernym,entry
doorway,synonym,door
doorway,part_meronym,case
doorway,part_meronym,door
doorway,part_holonym,wall
streamer,hypernym,light
streamer,synonym,banner
streamer,hypernym,flag
gray,hyponym,silver
gray,synonym,grey
gray,hypernym,clothing
sunflower,hypernym,flower
platform,hypernym,level
platform,hyponym,stand
platform,hyponym,podium
platform,hyponym,stump
platform,hyponym,pier
platform,hyponym,dock
platform,hyponym,runway
platform,hyponym,pad
platform,hyponym,deck
platform,hyponym,stage
platform,hyponym,pallet
platform,hyponym,ring
platform,hyponym,block
platform,hyponym,footboard
platform,hyponym,top
platform,hypernym,papers
platform,part_meronym,plank
platform,part_meronym,computer
platform,hypernym,structure
platform,hypernym,construction
platform,hypernym,shoe
hanger,hypernym,worker
hanger,hypernym,support
hanger,hyponym,strap
ripple,hypernym,wave
ripples,hypernym,wave
ripples,synonym,ripple
ring,synonym,doughnut
ring,hypernym,band
ring,hyponym,collar
ring,hyponym,tire
ring,hyponym,rim
ring,synonym,hoop
ring,part_holonym,barrel
ring,hypernym,chain
ring,hyponym,nest
ring,synonym,pack
ring,hypernym,platform
ring,part_meronym,canvas
ring,hypernym,jewelry
ring,synonym,band
ring,hypernym,strip
name,hyponym,title
name,hyponym,brand
name,hyponym,signature
name,hypernym,family
name,synonym,figure
ladle,hypernym,vessel
ladle,part_meronym,handle
ladle,part_meronym,grip
portion,hyponym,item
portion,hyponym,point
portion,hyponym,detail
portion,hyponym,base
portion,hyponym,butt
portion,hyponym,unit
portion,synonym,part
portion,hypernym,object
portion,hyponym,neck
portion,hyponym,section
portion,hyponym,bulb
portion,hyponym,waist
portion,hyponym,spine
portion,hyponym,seat
portion,hyponym,toe
portion,hyponym,heel
portion,hyponym,limb
portion,hyponym,piece
portion,part_holonym,unit
portion,hyponym,slice
portion,hyponym,cut
portion,hyponym,way
portion,part_holonym,net
portion,synonym,lot
portion,hyponym,drink
portion,hyponym,wing
portion,hyponym,round
portion,hyponym,thigh
portion,hyponym,breast
portion,part_holonym,meal
headphone,synonym,phone
stair,hypernym,support
stair,synonym,step
stair,part_holonym,stairway
stair,part_holonym,staircase
yarn,part_meronym,end
yarn,part_meronym,body
yarn,hypernym,cord
yarn,hyponym,filling
yarn,hyponym,pile
yarn,synonym,thread
herb,hyponym,dock
herb,hyponym,vegetable
herb,hyponym,lettuce
herb,hyponym,eggplant
herb,hyponym,basil
herb,hyponym,strawberry
herb,hyponym,cilantro
herb,hyponym,tomato
herb,hyponym,celery
herb,hyponym,pineapple
herb,hyponym,banana
herb,hyponym,asparagus
herb,hyponym,parsley
herb,hyponym,dandelion
herb,hyponym,carrot
herb,part_meronym,vegetable
herb,part_meronym,veggie
herb,hypernym,seasoning
herb,hyponym,tea
vine,hyponym,squash
vine,hyponym,ivy
vine,hyponym,potato
vine,hyponym,kiwi
vine,hyponym,grape
necktie,hyponym,bowtie
necktie,synonym,tie
cop,hypernym,policeman
cop,hypernym,officer
cop,synonym,bull
cop,synonym,pig
kites,synonym,kite
kites,hypernym,toy
hen,hypernym,chicken
hen,hyponym,layer
hen,hypernym,bird
hen,hypernym,female
computer,hypernym,machine
computer,hyponym,server
computer,hyponym,website
computer,part_meronym,storage
computer,part_meronym,store
computer,part_meronym,hardware
computer,part_meronym,keyboard
computer,part_meronym,monitor
computer,part_meronym,chip
computer,part_meronym,bus
computer,part_holonym,platform
computer,synonym,calculator
snack,hypernym,meal
snack,synonym,bite
items,hypernym,part
items,hypernym,portion
items,hyponym,place
items,synonym,item
items,synonym,point
items,synonym,detail
items,hypernym,unit
items,hyponym,piece
items,hypernym,symbol
items,hyponym,stamp
skateboard,hypernym,board
motor,hypernym,machine
motor,hyponym,engine
pastries,hypernym,dough
pastries,synonym,pastry
pastries,hyponym,pie
thread,hypernym,cord
thread,hyponym,filling
thread,hyponym,pile
thread,synonym,yarn
thread,hypernym,object
thread,hyponym,blade
thread,synonym,ribbon
thread,part_holonym,screw
slices,hypernym,portion
slices,hypernym,part
slices,synonym,slice
slices,synonym,piece
slices,synonym,cut
slices,hypernym,swing
slices,hypernym,piece
slices,hyponym,section
slices,hypernym,spatula
peas,synonym,pea
peas,part_holonym,pea
peas,part_meronym,pea
stands,hypernym,support
stands,synonym,base
stands,synonym,pedestal
stands,synonym,stand
stands,hypernym,place
stands,hypernym,vegetation
stands,hypernym,table
stands,hyponym,tripod
stands,synonym,rack
stands,hypernym,stop
stands,hyponym,landscape
stands,hypernym,booth
stands,synonym,stall
stands,hyponym,bleachers
stands,part_holonym,park
stands,part_holonym,stadium
stands,part_holonym,bowl
stands,part_holonym,arena
stands,hypernym,platform
shore,hypernym,formation
shore,hyponym,coast
shore,part_meronym,shoreline
shore,part_meronym,beach
shore,hypernym,beam
footprints,hypernym,mark
footprints,hypernym,print
footprints,synonym,footprint
footprints,synonym,step
footprints,hypernym,shadow
footprints,hypernym,area
alcohol,hypernym,beverage
alcohol,hypernym,drink
alcohol,hyponym,wine
alcohol,hypernym,liquid
blouse,hypernym,top
telephone,synonym,phone
stamp,synonym,mold
stamp,hypernym,family
stamp,hypernym,symbol
stamp,hyponym,seal
stamp,hypernym,item
stamp,hypernym,sheet
stamp,hypernym,machine
stamp,part_holonym,battery
stamp,hypernym,device
stamp,synonym,seal
dumpster,hypernym,container
stall,hypernym,compartment
stall,hypernym,closet
stall,synonym,booth
stall,synonym,kiosk
stall,hypernym,booth
stall,synonym,stand
stall,hypernym,seating
stall,hypernym,seats
stall,hypernym,bay
baseline,hypernym,line
slot,hypernym,slit
slot,hypernym,trail
slot,hypernym,receptacle
lace,hypernym,cord
lace,hyponym,shoelace
lace,part_holonym,shoe
lace,hypernym,fabric
lace,hypernym,cloth
lace,hypernym,material
paintings,hyponym,mural
paintings,hyponym,icon
paintings,hyponym,landscape
paintings,synonym,painting
paintings,synonym,picture
paintings,hypernym,art
paintings,hypernym,covering
paintings,hyponym,splash
paintings,part_holonym,construction
paintings,part_holonym,building
figurines,hypernym,figure
figurines,synonym,figurine
soccer,hypernym,football
game,hyponym,cards
game,hypernym,animal
game,hypernym,part
game,hypernym,section
game,part_holonym,set
game,hypernym,meat
game,hyponym,buffalo
game,hyponym,rabbit
game,hypernym,business
game,hypernym,line
reins,hypernym,strap
reins,part_holonym,bridle
reins,hypernym,control
cube,synonym,block
cube,hypernym,number
cube,hypernym,block
waves,hypernym,motion
waves,hyponym,surf
waves,hyponym,wake
waves,hyponym,ripple
waves,hyponym,roller
waves,hyponym,roll
waves,hyponym,lift
waves,synonym,wave
waves,hyponym,flap
waves,hypernym,curve
waves,hypernym,weather
waves,hypernym,woman
movie,hypernym,product
movie,hypernym,show
movie,synonym,picture
movie,part_meronym,scene
movie,part_meronym,shot
paw,hypernym,foot
paw,part_meronym,pad
paw,hyponym,right
paw,hyponym,hooks
paw,hyponym,fist
paw,hyponym,left
paw,synonym,hand
paw,synonym,mitt
paw,part_meronym,finger
paw,part_meronym,palm
paw,part_meronym,ball
paw,part_holonym,arm
paw,part_holonym,man
paw,part_holonym,human
stalk,synonym,straw
stalk,synonym,stubble
stalk,hyponym,branch
stalk,hyponym,bulb
stalk,hyponym,cane
stalk,hyponym,trunk
stalk,synonym,stem
stalk,part_meronym,receptacle
freckles,part_holonym,skin
croissant,hypernym,bun
croissant,hypernym,roll
rug,hyponym,runner
rug,synonym,carpet
rug,synonym,carpeting
rug,part_meronym,edging
exhibit,hypernym,show
exhibit,hyponym,parade
exhibit,synonym,display
mountainside,hypernym,slope
mountainside,hypernym,side
mountainside,part_holonym,mountain
hitter,synonym,batter
berry,hyponym,strawberry
berry,hyponym,blueberry
berry,hyponym,raspberry
berry,part_holonym,berry
berry,hypernym,fruit
berry,part_meronym,berry
fridge,hypernym,refrigerator
fridge,hyponym,freezer
handrail,hypernym,barrier
handrail,part_meronym,railing
handrail,part_meronym,rail
handrail,part_holonym,balcony
holders,hyponym,keyboard
holders,hyponym,pin
holders,hyponym,candlestick
holders,synonym,holder
holders,hyponym,officer
lambs,synonym,lamb
lambs,hypernym,meat
forefront,hypernym,front
forefront,synonym,head
forefront,hypernym,view
fin,hypernym,figure
fin,synonym,5
fin,hypernym,decoration
fin,hypernym,ornament
fin,part_holonym,car
fin,part_holonym,automobile
fin,part_holonym,machine
fin,hypernym,slat
fin,hypernym,shoe
fin,hypernym,stabilizer
fin,hyponym,vane
fin,part_holonym,ship
fin,part_holonym,fish
shingles,synonym,shingle
shingles,hypernym,gravel
shingles,hypernym,signboard
shingles,hypernym,sign
outlets,hyponym,shop
outlets,hyponym,store
outlets,hyponym,plaza
outlets,hyponym,center
outlets,hyponym,market
outlets,synonym,outlet
outlets,part_meronym,product
outlets,hypernym,receptacle
outlets,hyponym,point
outlets,hypernym,opening
outlets,synonym,exit
outlets,synonym,vent
books,hyponym,text
books,hyponym,booklet
books,hyponym,brochure
books,hyponym,folder
books,hyponym,pamphlet
books,synonym,book
books,part_meronym,signature
books,hypernym,product
books,hyponym,notebook
books,part_meronym,binding
books,part_meronym,cover
books,part_meronym,back
books,part_meronym,spine
books,hyponym,card
books,part_meronym,text
books,hypernym,section
books,part_holonym,text
portrait,hypernym,picture
instrument,hypernym,device
instrument,hyponym,arm
instrument,hyponym,engine
instrument,hypernym,way
instrument,synonym,tool
instrument,hypernym,papers
instrument,hyponym,license
instrument,hyponym,bill
instrument,hyponym,title
instrument,hyponym,wind
streamers,hypernym,light
streamers,synonym,streamer
streamers,synonym,banner
streamers,hypernym,flag
soles,hypernym,bottom
soles,hypernym,underside
soles,synonym,sole
soles,part_meronym,waist
soles,part_holonym,sole
soles,hypernym,area
soles,part_meronym,ball
soles,part_holonym,foot
soles,part_meronym,sole
yacht,hypernym,vessel
employee,hypernym,worker
toothpick,hypernym,strip
oar,hyponym,paddle
oar,part_meronym,blade
oar,part_meronym,vane
shoe,hyponym,cleats
shoe,hyponym,sneaker
shoe,hyponym,fin
shoe,hyponym,sandal
shoe,hyponym,pump
shoe,hyponym,platform
shoe,part_meronym,tongue
shoe,part_meronym,counter
shoe,part_meronym,heel
shoe,part_meronym,spike
shoe,part_meronym,collar
shoe,part_meronym,saddle
shoe,part_meronym,lace
shoe,part_meronym,shoelace
shoe,hypernym,case
shoe,hypernym,plate
shoe,hypernym,scale
shoe,hypernym,shell
helmet,part_meronym,visor
drape,hypernym,blind
drape,hypernym,screen
drape,hyponym,drop
drape,synonym,curtain
drape,synonym,mantle
drape,hypernym,way
drape,hypernym,covering
tongs,hypernym,device
carving,hypernym,sculpture
carving,hypernym,art
carving,hyponym,molding
carving,hyponym,moulding
carving,synonym,sculpture
bars,part_meronym,bar
bars,hypernym,room
bars,synonym,bar
bars,hypernym,counter
bars,hyponym,bolt
bars,hyponym,track
bars,hyponym,rail
bars,hyponym,rails
bars,hyponym,runway
bars,hyponym,handlebar
bars,hyponym,lever
bars,part_holonym,goal
bars,hypernym,barrier
bars,hypernym,ridge
bars,hypernym,marking
bars,hyponym,band
bars,synonym,stripe
bars,synonym,streak
bars,hypernym,block
bars,hyponym,tablet
bars,synonym,cake
bars,hypernym,support
bars,part_holonym,bars
bars,hypernym,railing
bars,hypernym,rail
bars,part_holonym,court
pedal,hypernym,note
pedal,hypernym,lever
pedal,hyponym,gun
pedal,part_holonym,bicycle
pedal,part_holonym,bike
pedal,part_holonym,wheel
pedal,part_holonym,cycle
flame,synonym,fire
basin,hypernym,vessel
basin,hyponym,bidet
basin,hypernym,sink
sausage,hypernym,meat
sausage,hyponym,salami
sausage,hyponym,pepperoni
sausage,hyponym,hotdog
sausage,hyponym,dog
item,hypernym,part
item,hypernym,portion
item,hyponym,place
item,synonym,point
item,synonym,detail
item,hypernym,unit
item,hyponym,piece
item,hypernym,symbol
item,hyponym,stamp
accents,synonym,accent
ears,synonym,ear
ears,part_holonym,head
ears,hypernym,fruit
ears,synonym,spike
ears,part_holonym,corn
ropes,hypernym,line
ropes,hyponym,tier
ropes,hyponym,brace
ropes,hyponym,cable
ropes,hyponym,halter
ropes,synonym,rope
ropes,synonym,circle
couple,hypernym,pair
couple,hypernym,family
couple,synonym,match
couple,hypernym,two
couple,hypernym,2
couple,synonym,pair
couple,synonym,brace
couple,hypernym,unit
heels,hypernym,bottom
heels,hypernym,underside
heels,hyponym,spike
heels,hyponym,wedge
heels,synonym,heel
heels,part_meronym,lift
heels,part_holonym,boot
heels,part_holonym,shoe
heels,part_holonym,foot
heels,synonym,dog
heels,hypernym,end
heels,hypernym,terminal
heels,hypernym,part
heels,hypernym,portion
plain,hypernym,land
plain,hypernym,earth
plain,hypernym,ground
plain,synonym,field
hallway,synonym,hall
hallway,part_meronym,floor
hallway,part_meronym,flooring
hallway,part_meronym,ceiling
hallway,part_meronym,wall
chest,part_meronym,breast
chest,part_meronym,chest
chest,part_holonym,torso
chest,part_holonym,trunk
chest,part_holonym,body
chest,hypernym,box
chest,part_meronym,lid
chest,synonym,breast
chest,part_holonym,chest
chest,hypernym,furniture
chest,hyponym,commode
chest,synonym,dresser
chest,part_meronym,shelf
chest,part_meronym,drawer
bells,synonym,bell
bells,part_meronym,tongue
bells,hypernym,button
bells,hypernym,curve
bells,hypernym,opening
bells,part_holonym,wind
bunny,hypernym,rabbit
router,hypernym,device
deck,hypernym,platform
deck,part_holonym,ship
deck,hypernym,packet
deck,hypernym,pack
deck,hypernym,porch
mayo,hypernym,dressing
writing,hyponym,papers
writing,hyponym,title
writing,hyponym,section
writing,hyponym,lettering
writing,hyponym,hand
mugs,synonym,mug
mugs,synonym,mark
mugs,hypernym,face
mugs,part_meronym,handle
mugs,part_meronym,grip
set,hyponym,intersection
set,hyponym,product
set,hyponym,bracket
set,hyponym,pair
set,hyponym,brace
set,hyponym,field
set,hyponym,teeth
set,hyponym,group
set,hyponym,image
set,hyponym,range
set,hyponym,root
set,hyponym,scene
set,hyponym,pack
set,hyponym,company
set,synonym,circle
set,synonym,band
set,synonym,lot
set,part_meronym,game
banner,hypernym,flag
banner,synonym,streamer
soda,hypernym,salt
stubble,synonym,stalk
stubble,synonym,straw
stubble,hypernym,beard
stubble,hypernym,whiskers
planters,synonym,planter
planters,hypernym,worker
planters,hypernym,pot
bottle,hypernym,vessel
bottle,hyponym,jug
bottle,hyponym,carafe
bottle,part_meronym,mouth
dish,hypernym,container
dish,hyponym,bowl
dish,hyponym,boat
dish,hyponym,sushi
dish,hyponym,mold
dish,hyponym,meatball
dish,hyponym,soup
dish,hyponym,pasta
dish,hyponym,salad
dish,hyponym,cake
dish,hyponym,chili
dish,hyponym,pizza
dish,part_meronym,topping
dish,part_meronym,sauce
dish,part_holonym,meal
dish,hypernym,woman
dish,synonym,peach
dish,synonym,saucer
dish,synonym,bag
buses,synonym,bus
buses,synonym,coach
buses,part_meronym,window
buses,part_meronym,roof
buses,hypernym,conductor
buses,part_holonym,computer
buses,hypernym,car
buses,hypernym,automobile
buses,hypernym,machine
pottery,hypernym,shop
groom,hypernym,hand
lip,part_holonym,mouth
lip,hypernym,counter
lip,synonym,mouth
lip,hypernym,edge
lip,hyponym,collar
lip,synonym,brim
lip,synonym,rim
lip,part_holonym,vessel
lip,hypernym,border
paws,hypernym,foot
paws,synonym,paw
paws,part_meronym,pad
paws,hyponym,right
paws,hyponym,hooks
paws,hyponym,fist
paws,hyponym,left
paws,synonym,hand
paws,synonym,mitt
paws,part_meronym,finger
paws,part_meronym,palm
paws,part_meronym,ball
paws,part_holonym,arm
paws,part_holonym,man
paws,part_holonym,human
socket,part_holonym,bone
socket,hypernym,receptacle
friends,hypernym,person
friends,hypernym,individual
friends,hypernym,someone
friends,hyponym,light
friends,synonym,friend
friends,hyponym,pickup
friends,hyponym,toaster
friends,hyponym,pillar
rubber,part_holonym,pencil
person,hyponym,child
person,hyponym,baby
person,hyponym,divider
person,hyponym,case
person,hyponym,friend
person,hyponym,controller
person,hyponym,ostrich
person,hyponym,machine
person,hyponym,counter
person,hyponym,worker
person,hyponym,mouse
person,hyponym,comforter
person,hyponym,image
person,hyponym,female
person,hyponym,adult
person,hyponym,dresser
person,hyponym,shaker
person,hyponym,beard
person,hyponym,ruler
person,hyponym,man
person,hyponym,face
person,hyponym,player
person,hyponym,sweater
person,hyponym,engineer
person,hyponym,jumper
person,hyponym,male
person,hyponym,blonde
person,hyponym,slipper
person,hyponym,tiger
person,hyponym,match
person,synonym,individual
person,synonym,someone
person,part_meronym,figure
person,part_meronym,shape
person,part_meronym,frame
person,hypernym,figure
person,hypernym,shape
person,hypernym,frame
switch,hypernym,control
switch,hypernym,controller
switch,hyponym,button
switch,hypernym,railroad
switch,hypernym,railway
switch,hyponym,cane
menu,hypernym,bill
menu,synonym,card
toiletries,hyponym,cream
toiletries,hyponym,toothbrush
toiletries,hyponym,powder
toiletries,hyponym,lotion
chocolate,hypernym,beverage
chocolate,hypernym,drink
chocolate,hypernym,food
chocolate,hypernym,brown
chocolate,synonym,coffee
hinges,hypernym,joint
hinges,synonym,hinge
hinges,part_holonym,gate
jaw,hypernym,bone
jaw,part_holonym,skull
jaw,part_holonym,face
jaw,part_holonym,wrench
partition,hypernym,structure
partition,hypernym,construction
partition,hyponym,wall
partition,hyponym,screen
partition,synonym,divider
water,hypernym,liquid
water,hypernym,thing
water,hyponym,waterfall
water,hyponym,bay
water,hyponym,stream
water,hyponym,pool
water,hyponym,puddle
water,hyponym,waterway
water,hyponym,drink
water,hyponym,sea
water,hyponym,lake
water,hyponym,crossing
water,hyponym,ocean
water,part_holonym,surface
water,part_holonym,base
water,hypernym,food
hooves,hypernym,foot
hooves,synonym,hoof
hooves,part_meronym,toe
hooves,part_meronym,hoof
hooves,part_holonym,hoof
cup,hypernym,container
cup,hyponym,goblet
cup,hyponym,teacup
cup,hypernym,hole
cup,hypernym,trophy
birds,hyponym,hen
birds,hyponym,parrot
birds,synonym,bird
birds,part_meronym,rump
birds,part_meronym,feather
birds,part_meronym,bird
birds,part_meronym,beak
birds,part_meronym,bill
birds,part_meronym,wing
birds,hypernym,meat
birds,part_meronym,thigh
birds,part_holonym,bird
birds,hypernym,girl
birds,synonym,doll
birds,synonym,skirt
birds,synonym,raspberry
pancake,hypernym,cake
pancake,hyponym,tortilla
corner,hypernym,area
corner,hypernym,point
corner,part_holonym,building
corner,hypernym,intersection
corner,hypernym,crossing
corner,synonym,box
corner,hypernym,part
corner,hypernym,piece
corner,hypernym,structure
corner,hypernym,construction
zebras,synonym,zebra
rings,synonym,ring
rings,synonym,doughnut
rings,hypernym,band
rings,hyponym,collar
rings,hyponym,tire
rings,hyponym,rim
rings,synonym,hoop
rings,part_holonym,barrel
rings,hypernym,chain
rings,hyponym,nest
rings,synonym,pack
rings,hypernym,platform
rings,part_meronym,canvas
rings,hypernym,jewelry
rings,synonym,band
rings,hypernym,strip
charger,hypernym,device
booklet,hypernym,book
booklet,synonym,brochure
booklet,synonym,folder
booklet,synonym,pamphlet
ferry,hypernym,boat
vent,hypernym,hole
vent,hypernym,opening
vent,hypernym,crack
vent,hypernym,slit
vent,synonym,outlet
bottoms,hypernym,side
bottoms,hypernym,face
bottoms,hyponym,heel
bottoms,hyponym,sole
bottoms,hyponym,underbelly
bottoms,hyponym,base
bottoms,synonym,bottom
bottoms,synonym,underside
bottoms,hypernym,part
bottoms,hyponym,foot
bottoms,synonym,butt
bottoms,synonym,backside
bottoms,synonym,buns
bottoms,synonym,can
bottoms,synonym,rear
bottoms,synonym,rump
bottoms,synonym,seat
bottoms,synonym,tail
bottoms,synonym,behind
bottoms,part_holonym,torso
bottoms,part_holonym,trunk
bottoms,part_holonym,body
bottoms,hypernym,round
bottoms,part_holonym,frame
bottoms,synonym,bed
bottoms,hypernym,land
bottoms,hypernym,ground
bottoms,hypernym,soil
wrinkle,synonym,crease
wrinkle,synonym,seam
wrinkle,synonym,line
wrinkle,part_holonym,skin
goat,hyponym,kid
goat,part_meronym,beard
goat,part_meronym,horn
goat,synonym,butt
goat,hypernym,person
goat,hypernym,individual
goat,hypernym,someone
spire,hypernym,tower
spire,synonym,steeple
utensils,hyponym,server
utensils,synonym,utensil
formation,hypernym,arrangement
formation,hyponym,head
formation,hyponym,line
formation,hyponym,flight
formation,hyponym,center
formation,hyponym,wing
formation,hyponym,rear
formation,hypernym,object
formation,hyponym,mouth
formation,hyponym,range
formation,hyponym,chain
formation,hyponym,spring
formation,hyponym,fountain
formation,hyponym,cave
formation,hyponym,slope
formation,hyponym,side
formation,hyponym,shore
formation,hyponym,wall
formation,hyponym,ridge
formation,hyponym,cliff
formation,hyponym,drop
formation,hyponym,beach
formation,hyponym,vein
tank,hypernym,vessel
tank,hyponym,aquarium
tank,hypernym,cell
tank,synonym,cooler
base,hypernym,support
base,hyponym,bed
base,synonym,foundation
base,synonym,foot
base,part_holonym,structure
base,part_holonym,construction
base,hyponym,home
base,hyponym,plate
base,synonym,bag
base,part_holonym,diamond
base,part_holonym,infield
base,hypernym,part
base,hypernym,piece
base,hypernym,bottom
base,hypernym,control
base,synonym,floor
base,synonym,pedestal
base,synonym,stand
base,hypernym,portion
base,hypernym,number
base,synonym,home
base,synonym,root
base,synonym,stem
base,hypernym,store
base,part_meronym,water
base,hypernym,underside
base,part_holonym,box
base,part_holonym,lamp
base,part_holonym,vessel
block,hyponym,step
block,hyponym,pad
block,hyponym,cake
block,hyponym,bar
block,hyponym,cube
block,hyponym,nut
block,hyponym,slab
block,hyponym,wedge
block,hypernym,area
block,synonym,cube
block,hypernym,machine
block,part_meronym,cylinder
block,hyponym,plug
block,hyponym,stopper
block,synonym,stop
block,hypernym,platform
screw,hypernym,propeller
screw,hypernym,propellor
screw,part_holonym,ship
screw,hyponym,bolt
screw,part_meronym,thread
screw,part_meronym,head
marina,hypernym,dock
sitting,hypernym,motion
tomato,part_holonym,tomato
tomato,hypernym,herb
tomato,part_meronym,tomato
sunshine,hypernym,light
sunshine,synonym,sunlight
sunshine,synonym,sun
sunshine,hypernym,weather
propellers,hyponym,screw
propellers,synonym,propeller
propellers,synonym,propellor
propellers,part_meronym,blade
propellers,part_meronym,vane
dent,hypernym,event
dent,synonym,scratch
dent,synonym,slit
elephants,synonym,elephant
elephants,part_meronym,trunk
elephants,part_meronym,tusk
elephants,hypernym,emblem
address,part_meronym,end
address,part_meronym,body
address,synonym,destination
address,part_holonym,letter
scratch,synonym,slit
scratch,synonym,dent
scratch,hypernym,money
scratch,synonym,bread
scratch,synonym,cabbage
scratch,synonym,dough
scratch,synonym,kale
scratch,synonym,lettuce
scratch,synonym,sugar
scratch,hypernym,line
scratch,hypernym,hand
scratch,synonym,mark
chalkboard,hypernym,sheet
batter,synonym,hitter
object,hyponym,head
object,hyponym,unit
object,hyponym,ice
object,hyponym,stuff
object,hyponym,part
object,hyponym,portion
object,hyponym,moon
object,hyponym,wall
object,hyponym,ribbon
object,hyponym,thread
object,hyponym,land
object,hyponym,earth
object,hyponym,ground
object,hyponym,formation
object,hyponym,vehicle
object,hyponym,lot
object,hyponym,growth
object,hyponym,soil
object,hypernym,goal
object,hypernym,end
object,hyponym,thing
object,hyponym,business
object,hyponym,point
object,hyponym,center
hood,hypernym,covering
hood,hypernym,cover
hood,synonym,cap
hood,part_holonym,plant
hood,part_holonym,camera
hood,hypernym,roof
hood,synonym,bonnet
hood,part_holonym,airplane
hood,part_holonym,aeroplane
hood,part_holonym,plane
hood,part_holonym,car
hood,part_holonym,automobile
hood,part_holonym,machine
napkins,hyponym,bib
napkins,synonym,napkin
napkins,hypernym,garment
napkins,synonym,diaper
worker,hypernym,person
worker,hypernym,individual
worker,hypernym,someone
worker,hyponym,employee
worker,hyponym,wiper
worker,hyponym,planter
worker,hyponym,gutter
worker,hyponym,poster
worker,hyponym,hanger
worker,hyponym,bleacher
worker,hyponym,tier
worker,hyponym,washer
worker,hyponym,driver
worker,hyponym,soldier
streak,hypernym,marking
streak,hyponym,band
streak,synonym,stripe
streak,synonym,bar
canisters,synonym,canister
canisters,part_meronym,shot
canisters,hypernym,container
canisters,synonym,tin
puddles,synonym,puddle
puddles,hypernym,water
puddles,synonym,pool
puddles,hypernym,place
puddles,hypernym,spot
word,hyponym,head
word,hypernym,information
word,part_meronym,text
raincoat,hypernym,coat
skis,hypernym,runner
skis,synonym,ski
pouch,hypernym,bag
pouch,hyponym,pocket
pouch,synonym,sack
pouch,synonym,pocket
swimmer,hypernym,athlete
swimmer,hyponym,plunger
swimmer,hyponym,surfer
swimmer,hyponym,surfboarder
ship,hypernym,vessel
ship,part_meronym,skeleton
ship,part_meronym,frame
ship,part_meronym,bay
ship,part_meronym,screw
ship,part_meronym,caboose
ship,part_meronym,deck
ship,part_meronym,poop
ship,part_meronym,tail
ship,part_meronym,fin
ship,part_meronym,log
ship,part_meronym,top
ship,part_meronym,sheet
skater,hypernym,athlete
skater,hyponym,skateboarder
armrest,hyponym,arm
camper,hyponym,van
utensil,hyponym,server
drain,hypernym,tube
drain,hypernym,pipe
drain,hypernym,piping
drain,hyponym,drawing
fuselage,hypernym,body
fuselage,part_meronym,tail
fuselage,part_holonym,airplane
fuselage,part_holonym,aeroplane
fuselage,part_holonym,plane
art,hyponym,drawing
art,hyponym,sculpture
art,hyponym,carving
art,hyponym,painting
art,synonym,artwork
art,synonym,graphics
earring,hypernym,jewelry
trim,hyponym,braid
trim,hypernym,cut
archways,hypernym,entrance
archways,hypernym,entryway
archways,hypernym,entry
archways,synonym,arch
archways,synonym,archway
archways,part_holonym,wall
wrench,synonym,pull
wrench,hypernym,motion
wrench,part_meronym,jaw
seat,hypernym,space
seat,hyponym,perch
seat,synonym,place
seat,synonym,butt
seat,synonym,backside
seat,synonym,buns
seat,synonym,can
seat,synonym,rear
seat,synonym,rump
seat,synonym,tail
seat,synonym,bottom
seat,synonym,behind
seat,part_holonym,torso
seat,part_holonym,trunk
seat,part_holonym,body
seat,hypernym,furniture
seat,hyponym,box
seat,hyponym,chair
seat,hyponym,sofa
seat,hyponym,couch
seat,hyponym,ottoman
seat,hyponym,bench
seat,hyponym,stool
seat,part_meronym,seat
seat,hypernym,support
seat,hyponym,cockpit
seat,hyponym,saddle
seat,part_holonym,seat
seat,hypernym,center
seat,hypernym,middle
seat,hypernym,heart
seat,hypernym,eye
seat,hypernym,part
seat,hypernym,portion
seat,part_holonym,trouser
seat,part_holonym,pant
seat,part_holonym,skirt
hat,hyponym,fedora
hat,hyponym,bonnet
hat,synonym,lid
hat,part_meronym,brim
hat,part_meronym,crown
hat,hypernym,office
hat,hypernym,part
hanging,hypernym,decoration
hanging,hypernym,ornament
hanging,hypernym,support
crest,hypernym,line
crest,hypernym,place
crest,hypernym,spot
crest,hyponym,hilltop
crest,synonym,peak
crest,synonym,crown
crest,synonym,top
crest,synonym,tip
crest,hypernym,top
crest,part_holonym,road
crest,part_holonym,route
crest,hypernym,emblem
crest,part_holonym,arms
crest,hyponym,comb
crest,hyponym,tuft
lime,part_meronym,lime
lime,hypernym,tree
lime,part_holonym,lime
engineer,hypernym,person
engineer,hypernym,individual
engineer,hypernym,someone
railway,hypernym,line
railway,hyponym,rail
railway,hyponym,tube
railway,hyponym,subway
railway,synonym,railroad
railway,hypernym,track
railway,hyponym,switch
railway,hyponym,siding
railway,part_meronym,tie
railway,part_meronym,track
railway,part_meronym,rail
railway,part_meronym,rails
railway,part_meronym,runway
railway,part_holonym,line
dispenser,hypernym,container
dispenser,hyponym,spray
robe,hypernym,garment
robe,synonym,gown
figure,hypernym,body
figure,hyponym,person
figure,synonym,shape
figure,synonym,frame
figure,part_holonym,person
figure,part_holonym,individual
figure,part_holonym,someone
figure,part_holonym,man
figure,part_holonym,human
figure,hyponym,six
figure,hyponym,6
figure,hyponym,one
figure,hyponym,1
figure,hyponym,5
figure,hyponym,fin
figure,hyponym,7
figure,hyponym,9
figure,hyponym,8
figure,hyponym,three
figure,hyponym,3
figure,hyponym,leash
figure,hyponym,two
figure,hyponym,2
figure,hyponym,four
figure,hyponym,4
figure,hypernym,model
figure,hyponym,snowman
figure,hyponym,figurine
figure,synonym,name
figure,hypernym,shape
figure,hyponym,pencil
figure,synonym,number
figure,synonym,image
figure,hypernym,decoration
figure,hypernym,ornament
figure,hyponym,marking
figure,hyponym,device
figure,hyponym,tattoo
figure,hyponym,decal
figure,hyponym,emblem
figure,synonym,design
figure,synonym,pattern
dandelions,hypernym,herb
dandelions,synonym,dandelion
cover,hypernym,covering
cover,hyponym,blind
cover,synonym,screen
cover,hypernym,bedding
cover,synonym,blanket
cover,synonym,covering
cover,synonym,binding
cover,synonym,back
cover,part_holonym,book
cover,hyponym,shell
cover,hyponym,case
cover,hyponym,crust
cover,hyponym,envelope
cover,hyponym,blanket
cover,hyponym,mantle
cover,hyponym,hood
cover,hyponym,cap
cover,hyponym,bark
cover,hyponym,scale
cover,hyponym,roof
cover,hyponym,lid
cover,synonym,top
cover,hypernym,fire
tiger,hypernym,person
tiger,hypernym,individual
tiger,hypernym,someone
tiger,hypernym,cat
key,hypernym,device
key,part_meronym,stem
key,hypernym,pitch
key,hypernym,space
key,synonym,paint
key,part_holonym,arch
key,hypernym,lever
key,hyponym,tab
veggies,hypernym,produce
veggies,hyponym,asparagus
veggies,hyponym,squash
veggies,hyponym,celery
veggies,hyponym,pumpkin
veggies,hyponym,mushroom
veggies,hyponym,onion
veggies,hyponym,greens
veggies,hyponym,green
veggies,hyponym,cucumber
veggies,synonym,vegetable
veggies,synonym,veggie
veggies,part_holonym,herb
cylinder,hyponym,roll
cylinder,hyponym,roller
cylinder,hyponym,drum
cylinder,hyponym,stem
cylinder,hyponym,pipe
cylinder,hyponym,tube
cylinder,hyponym,barrel
cylinder,part_holonym,block
cylinder,part_holonym,pump
cylinder,hypernym,container
tv,hyponym,cable
tv,synonym,television
tv,part_meronym,picture
tv,part_holonym,television
grate,part_holonym,stove
grate,part_holonym,range
grate,hypernym,barrier
sauce,hypernym,condiment
sauce,hyponym,dressing
sauce,hyponym,gravy
sauce,hyponym,mole
sauce,part_holonym,dish
audience,hyponym,house
audience,hypernym,people
pinky,hypernym,finger
lids,synonym,lid
lids,part_meronym,eyelash
lids,part_holonym,eye
lids,hypernym,top
lids,hypernym,cover
lids,part_meronym,lock
lids,part_holonym,chest
lids,part_holonym,box
lids,part_holonym,jar
lids,hyponym,fedora
lids,hyponym,bonnet
lids,synonym,hat
lids,part_meronym,brim
lids,part_meronym,crown
rooftop,hypernym,top
knuckle,part_holonym,finger
jalapeno,hypernym,pepper
jalapeno,part_meronym,chili
jalapeno,hypernym,chili
body,hyponym,figure
body,hyponym,shape
body,hyponym,frame
body,part_meronym,head
body,part_meronym,arm
body,part_meronym,fork
body,part_meronym,torso
body,part_meronym,trunk
body,part_meronym,body
body,part_meronym,neck
body,part_meronym,leg
body,hyponym,panel
body,hyponym,church
body,hyponym,clay
body,synonym,torso
body,synonym,trunk
body,part_meronym,shoulder
body,part_meronym,belly
body,part_meronym,cheek
body,part_meronym,side
body,part_meronym,chest
body,part_meronym,stomach
body,part_meronym,back
body,part_meronym,hip
body,part_meronym,middle
body,part_meronym,waist
body,part_meronym,butt
body,part_meronym,backside
body,part_meronym,buns
body,part_meronym,can
body,part_meronym,rear
body,part_meronym,rump
body,part_meronym,seat
body,part_meronym,tail
body,part_meronym,bottom
body,part_meronym,behind
body,part_holonym,body
body,hypernym,system
body,hypernym,message
body,part_holonym,address
body,part_holonym,yarn
body,hypernym,structure
body,hypernym,construction
body,hyponym,fuselage
stereo,hypernym,photograph
stereo,hypernym,photo
stereo,hypernym,picture
ski,hypernym,runner
thing,hyponym,pacifier
thing,hypernym,object
thing,hyponym,part
thing,hyponym,piece
thing,hyponym,unit
thing,hyponym,water
horns,synonym,horn
horns,hyponym,antler
horns,part_holonym,ram
horns,part_holonym,goat
horns,part_holonym,bull
horns,hypernym,alarm
horns,hypernym,device
horns,part_holonym,car
horns,part_holonym,automobile
horns,part_holonym,machine
symbols,hypernym,signal
symbols,hypernym,sign
symbols,hyponym,item
symbols,hyponym,mark
symbols,hyponym,brand
symbols,hyponym,stain
symbols,hyponym,stamp
symbols,hyponym,icon
symbols,hyponym,numeral
symbols,hyponym,number
symbols,hyponym,mantle
symbols,hyponym,nose
symbols,hyponym,marker
symbols,hyponym,marking
symbols,synonym,symbol
symbols,hyponym,emblem
guardrail,hypernym,railing
guardrail,hypernym,rail
tip,hypernym,end
tip,hypernym,terminal
tip,hyponym,beak
tip,synonym,steer
tip,synonym,wind
tip,hyponym,head
tip,synonym,point
tip,synonym,peak
tip,part_holonym,sword
tip,part_holonym,blade
tip,part_holonym,brand
tip,part_holonym,steel
tip,part_holonym,cone
tip,part_holonym,pencil
tip,part_holonym,knife
tip,hypernym,place
tip,hypernym,spot
tip,hyponym,hilltop
tip,synonym,crown
tip,synonym,crest
tip,synonym,top
goatee,hypernym,beard
goatee,hypernym,whiskers
goatee,part_holonym,chin
toothbrushes,hypernym,brush
toothbrushes,synonym,toothbrush
toothbrushes,hypernym,mustache
toothbrushes,hypernym,moustache
tape,hypernym,strip
mango,part_meronym,mango
mango,part_holonym,mango
crates,hypernym,box
crates,synonym,crate
area,hyponym,space
area,hyponym,playground
area,hyponym,block
area,hyponym,arena
area,hyponym,shrubbery
area,hyponym,corner
area,hyponym,section
area,hyponym,scene
area,hyponym,open
area,hyponym,clear
area,hyponym,center
area,hyponym,middle
area,hyponym,heart
area,hyponym,eye
area,hyponym,waist
area,hyponym,sole
area,hyponym,side
area,hyponym,palm
area,hyponym,front
area,hyponym,land
area,hyponym,lap
area,synonym,field
area,synonym,arena
area,hypernym,structure
area,hypernym,construction
area,hyponym,enclosure
area,hyponym,court
area,hyponym,courtyard
area,hyponym,patio
area,hyponym,terrace
area,hyponym,room
area,hyponym,pit
area,hyponym,box
area,hyponym,place
area,hyponym,footprint
gum,part_holonym,mouth
gum,hypernym,cement
gum,hypernym,wood
gum,hypernym,tree
apple,part_holonym,apple
apple,part_meronym,apple
jean,hypernym,trouser
jean,hypernym,pant
jean,hypernym,fabric
jean,hypernym,cloth
jean,hypernym,material
truck,hyponym,pickup
truck,hyponym,lorry
truck,hyponym,tractor
truck,hyponym,van
truck,part_meronym,bumper
truck,part_meronym,roof
truck,hypernym,cart
ostrich,hypernym,person
ostrich,hypernym,individual
ostrich,hypernym,someone
trunks,hypernym,trouser
trunks,hypernym,pant
trunks,synonym,shorts
trunks,hypernym,stalk
trunks,hypernym,stem
trunks,synonym,trunk
trunks,part_meronym,bark
trunks,part_holonym,tree
trunks,hypernym,baggage
trunks,hypernym,luggage
trunks,synonym,torso
trunks,synonym,body
trunks,part_meronym,shoulder
trunks,part_meronym,belly
trunks,part_meronym,cheek
trunks,part_meronym,side
trunks,part_meronym,chest
trunks,part_meronym,stomach
trunks,part_meronym,back
trunks,part_meronym,hip
trunks,part_meronym,middle
trunks,part_meronym,waist
trunks,part_meronym,butt
trunks,part_meronym,backside
trunks,part_meronym,buns
trunks,part_meronym,can
trunks,part_meronym,rear
trunks,part_meronym,rump
trunks,part_meronym,seat
trunks,part_meronym,tail
trunks,part_meronym,bottom
trunks,part_meronym,behind
trunks,part_holonym,body
trunks,hypernym,compartment
trunks,hyponym,boot
trunks,part_holonym,car
trunks,part_holonym,automobile
trunks,part_holonym,machine
trunks,hypernym,snout
trunks,part_holonym,elephant
paneling,hypernym,panel
paneling,synonym,pane
paneling,part_holonym,wall
glass,part_holonym,glass
glass,hypernym,container
glass,hyponym,pony
glass,hyponym,wineglass
glass,hyponym,goblet
glass,hyponym,bumper
glass,part_meronym,glass
glass,synonym,chalk
glass,synonym,ice
glass,synonym,trash
glass,hypernym,mirror
lake,hypernym,water
lake,hyponym,pond
lake,hyponym,pool
lake,part_meronym,floor
jungle,hypernym,forest
jungle,hypernym,wood
jungle,hypernym,woods
beard,hyponym,goatee
beard,hyponym,stubble
beard,synonym,whiskers
beard,part_meronym,mustache
beard,part_meronym,moustache
beard,part_holonym,face
beard,hypernym,hair
beard,hypernym,person
beard,hypernym,individual
beard,hypernym,someone
beard,part_holonym,goat
tie,hyponym,bowtie
tie,synonym,necktie
tie,hypernym,beam
tie,hyponym,bridge
tie,synonym,link
tie,hypernym,brace
tie,part_holonym,railroad
tie,part_holonym,railway
tie,hypernym,cord
tie,hyponym,string
b,synonym,barn
b,hypernym,letter
lift,hypernym,wave
lift,hypernym,device
lift,hypernym,layer
lift,hypernym,bed
lift,part_holonym,heel
lift,part_meronym,car
lift,part_holonym,building
canvas,hypernym,fabric
canvas,hypernym,cloth
canvas,hypernym,material
canvas,hyponym,tarp
canvas,hypernym,background
canvas,hypernym,tent
canvas,hyponym,top
canvas,synonym,sail
canvas,synonym,sheet
canvas,hypernym,mat
canvas,part_holonym,ring
booth,hypernym,table
booth,hypernym,closet
booth,synonym,stall
booth,synonym,kiosk
booth,hypernym,shop
booth,hypernym,store
booth,hyponym,stall
booth,hyponym,stand
poop,hypernym,stool
poop,synonym,dirt
poop,hypernym,details
poop,hypernym,rear
poop,hypernym,back
poop,synonym,tail
poop,part_holonym,ship
kite,hypernym,toy
marks,synonym,mark
marks,hypernym,symbol
marks,hyponym,spot
marks,hyponym,pin
marks,hyponym,brand
marks,hyponym,watermark
marks,hyponym,label
marks,synonym,marker
marks,synonym,marking
marks,part_meronym,bull
marks,hyponym,footprint
marks,hyponym,step
marks,hyponym,line
marks,synonym,print
marks,synonym,brand
marks,synonym,stain
marks,synonym,mug
marks,hyponym,arrow
marks,hyponym,tick
marks,hyponym,point
marks,hyponym,head
marks,synonym,sign
marks,synonym,scratch
marks,hypernym,marking
marks,synonym,cross
cd,hypernym,metal
cd,synonym,candle
glare,synonym,spotlight
rowboat,part_meronym,pin
tongue,part_holonym,mouth
tongue,synonym,knife
tongue,hypernym,cape
tongue,hypernym,flap
tongue,part_holonym,boot
tongue,part_holonym,shoe
tongue,part_holonym,bell
shadow,hypernym,shade
shadow,hypernym,scene
shadow,synonym,dark
shadow,hyponym,shade
shadow,hyponym,footprint
shadow,synonym,tail
tray,hypernym,receptacle
number,synonym,figure
number,hyponym,square
number,hyponym,root
number,hyponym,base
number,hyponym,cube
number,hyponym,stopper
number,hypernym,signal
number,hypernym,sign
number,hypernym,symbol
number,synonym,numeral
number,hypernym,company
number,hypernym,product
ferns,hyponym,brake
ferns,synonym,fern
cases,hyponym,piece
cases,hyponym,time
cases,hyponym,clip
cases,synonym,case
cases,synonym,event
cases,synonym,suit
cases,hypernym,container
cases,hyponym,sleeve
cases,hyponym,shoe
cases,hyponym,wallet
cases,hyponym,pocketbook
cases,hyponym,baggage
cases,hyponym,luggage
cases,hyponym,briefcase
cases,hypernym,person
cases,hypernym,individual
cases,hypernym,someone
cases,hypernym,adult
cases,synonym,character
cases,synonym,face
cases,hypernym,covering
cases,hypernym,cover
cases,hyponym,boot
cases,hyponym,jacket
cases,synonym,shell
cases,part_holonym,doorway
cases,part_holonym,door
cases,part_holonym,window
cases,hypernym,receptacle
cases,synonym,pillowcase
stapler,hypernym,machine
headphones,synonym,headphone
headphones,synonym,phone
clump,hyponym,tuft
clump,hyponym,knot
clump,synonym,bunch
clump,synonym,cluster
clump,synonym,ball
clump,synonym,chunk
stripes,hypernym,badge
stripes,synonym,stripe
stripes,synonym,band
stripes,part_holonym,garment
stripes,hypernym,marking
stripes,hyponym,band
stripes,synonym,streak
stripes,synonym,bar
seam,hypernym,joint
seam,synonym,wrinkle
seam,synonym,crease
seam,synonym,line
seam,part_holonym,skin
seam,synonym,bed
wheelchair,hypernym,chair
buoys,hyponym,can
buoys,synonym,buoy
chimney,hyponym,smokestack
chimney,hyponym,stack
chimney,part_meronym,fireplace
stems,synonym,root
stems,synonym,base
stems,synonym,stem
stems,hyponym,branch
stems,hyponym,bulb
stems,hyponym,cane
stems,hyponym,trunk
stems,synonym,stalk
stems,part_meronym,receptacle
stems,hypernym,cylinder
stems,part_holonym,wineglass
stems,part_holonym,pin
stems,part_holonym,handle
stems,part_holonym,grip
stems,part_holonym,key
stems,part_holonym,anchor
stems,part_holonym,nail
stems,hypernym,tube
stems,part_holonym,pipe
stems,hypernym,front
stems,synonym,bow
stems,part_holonym,vessel
wool,hypernym,fabric
wool,hypernym,cloth
wool,hypernym,material
wool,hypernym,coat
celery,hypernym,herb
celery,part_meronym,celery
celery,hypernym,vegetable
celery,hypernym,veggie
celery,part_holonym,celery
ice,hypernym,object
ice,hypernym,diamond
ice,hypernym,topping
ice,synonym,frosting
ice,synonym,icing
ice,synonym,chalk
ice,synonym,glass
ice,synonym,trash
ice,part_meronym,block
ice,hypernym,rink
airport,hypernym,field
airport,part_meronym,hangar
table,hyponym,calendar
table,hypernym,furniture
table,hyponym,booth
table,hyponym,dresser
table,hyponym,vanity
table,hyponym,console
table,hyponym,counter
table,hyponym,desk
table,hyponym,stand
table,part_meronym,leg
table,part_meronym,tabletop
table,hyponym,board
table,synonym,board
button,hypernym,switch
button,hyponym,bell
button,hypernym,badge
button,hypernym,device
empty,hypernym,container
log,hypernym,wood
log,part_holonym,ship
asparagus,hypernym,herb
asparagus,part_meronym,asparagus
asparagus,hypernym,vegetable
asparagus,hypernym,veggie
asparagus,part_holonym,asparagus
clothing,hypernym,covering
clothing,hyponym,uniform
clothing,hyponym,grey
clothing,hyponym,gray
clothing,hyponym,garment
clothing,hyponym,dress
clothing,hyponym,clothes
clothing,hyponym,attire
clothing,hyponym,black
clothing,hyponym,blue
perch,hypernym,support
perch,synonym,rod
perch,synonym,pole
perch,part_meronym,yard
perch,hypernym,seat
perch,hypernym,place
avocado,part_holonym,avocado
avocado,part_meronym,avocado
coconut,hypernym,food
coconut,part_holonym,coconut
coconut,hypernym,palm
coconut,part_meronym,coconut
fender,hypernym,barrier
fender,synonym,wing
fender,part_holonym,car
fender,part_holonym,automobile
fender,part_holonym,machine
fender,synonym,pilot
fender,part_holonym,locomotive
fender,part_holonym,engine
fender,hypernym,guard
fender,hypernym,device
match,hypernym,lighter
match,hypernym,light
match,hypernym,adult
match,hypernym,person
match,hypernym,individual
match,hypernym,someone
match,hypernym,family
match,synonym,couple
products,hyponym,cargo
products,hyponym,line
products,hyponym,number
products,synonym,product
products,part_holonym,outlet
products,hyponym,newspaper
products,hyponym,paper
products,hyponym,fruit
products,hyponym,movie
products,hyponym,picture
products,hyponym,magazine
products,hyponym,book
products,hypernym,event
products,hypernym,set
products,synonym,intersection
nostril,part_holonym,nose
skin,part_meronym,wrinkle
skin,part_meronym,crease
skin,part_meronym,seam
skin,part_meronym,line
skin,hypernym,surface
skin,part_holonym,aircraft
skin,hyponym,jacket
skin,synonym,peel
skin,hypernym,bag
layer,hyponym,lift
layer,hyponym,blanket
layer,hyponym,wall
layer,hyponym,tier
layer,hyponym,course
layer,hyponym,row
layer,hyponym,cushion
layer,synonym,bed
layer,hypernym,part
layer,hyponym,surface
layer,hyponym,mantle
layer,hyponym,crust
layer,hyponym,snow
layer,hypernym,place
layer,synonym,level
layer,hypernym,hen
layer,hypernym,structure
bamboo,hypernym,wood
taxi,hypernym,car
taxi,hypernym,automobile
taxi,hypernym,machine
taxi,synonym,cab
mane,hypernym,hair
mane,part_holonym,lion
mane,part_holonym,man
mane,part_holonym,human
grain,hypernym,speck
grain,hyponym,rice
grain,hyponym,corn
grain,synonym,cereal
grain,hypernym,leather
grain,hypernym,seed
grain,hypernym,cereal
grain,hypernym,makeup
fencing,hypernym,barrier
fencing,hyponym,hedge
fencing,hyponym,wall
fencing,synonym,fence
oval,hyponym,circle
bull,hypernym,cattle
bull,hypernym,cows
bull,part_meronym,horn
bull,hypernym,man
bull,hypernym,policeman
bull,hypernym,officer
bull,synonym,cop
bull,synonym,pig
bull,hypernym,person
bull,hypernym,individual
bull,hypernym,someone
bull,hypernym,center
bull,part_holonym,mark
coat,hyponym,raincoat
coat,hyponym,jacket
coat,hypernym,covering
coat,hyponym,paint
coat,hyponym,seal
coat,hypernym,hair
coat,hyponym,fur
coat,hyponym,wool
soldier,hyponym,tanker
soldier,hypernym,worker
dock,hypernym,enclosure
dock,hypernym,herb
dock,hypernym,platform
dock,synonym,pier
dock,hyponym,marina
dock,part_holonym,harbor
dock,part_holonym,tail
dock,hypernym,tail
rear,hypernym,formation
rear,hypernym,side
rear,hypernym,face
rear,synonym,backside
rear,hypernym,place
rear,synonym,back
rear,synonym,butt
rear,synonym,buns
rear,synonym,can
rear,synonym,rump
rear,synonym,seat
rear,synonym,tail
rear,synonym,bottom
rear,synonym,behind
rear,part_holonym,torso
rear,part_holonym,trunk
rear,part_holonym,body
rear,hyponym,tail
rear,hyponym,poop
baggage,hypernym,case
baggage,hyponym,bag
baggage,hyponym,grip
baggage,hyponym,suitcase
baggage,hyponym,satchel
baggage,hyponym,trunk
baggage,synonym,luggage
baggage,part_meronym,handle
baggage,part_meronym,grip
baggage,part_meronym,strap
baggage,hypernym,woman
daylight,synonym,day
daylight,synonym,daytime
daylight,part_holonym,day
daylight,hypernym,light
crosswalk,hypernym,path
crosswalk,synonym,crossing
brownie,hypernym,cookie
brownie,hypernym,biscuit
ledge,hypernym,ridge
ledge,synonym,shelf
cross,hypernym,structure
cross,hypernym,construction
cross,hypernym,marking
cross,synonym,mark
cross,hypernym,emblem
cross,synonym,crossing
white,hypernym,person
white,hypernym,individual
white,hypernym,someone
white,hyponym,bone
white,hyponym,chalk
white,part_holonym,egg
white,part_holonym,eggs
white,hypernym,man
white,hypernym,piece
white,hypernym,trouser
white,hypernym,pant
bruise,hyponym,mouse
roots,hyponym,carrot
roots,hyponym,radish
roots,synonym,root
roots,part_meronym,bark
roots,hypernym,point
roots,hyponym,head
roots,hyponym,home
roots,hyponym,spring
roots,synonym,base
roots,synonym,stem
roots,hypernym,number
roots,hypernym,set
roots,hyponym,father
roots,hypernym,structure
roots,part_meronym,cement
roots,part_holonym,tooth
clocks,hyponym,alarm
clocks,synonym,clock
lips,synonym,lip
lips,part_holonym,mouth
lips,hypernym,counter
lips,synonym,mouth
lips,hypernym,edge
lips,hyponym,collar
lips,synonym,brim
lips,synonym,rim
lips,part_holonym,vessel
lips,hypernym,border
root,hyponym,carrot
root,hyponym,radish
root,part_meronym,bark
root,hypernym,point
root,hyponym,head
root,hyponym,home
root,hyponym,spring
root,synonym,base
root,synonym,stem
root,hypernym,number
root,hypernym,set
root,hyponym,father
root,hypernym,structure
root,part_meronym,cement
root,part_holonym,tooth
reflections,synonym,reflection
reflections,synonym,expression
reflections,hypernym,picture
reflections,hypernym,image
reflections,hypernym,icon
lettuce,hypernym,money
lettuce,synonym,bread
lettuce,synonym,cabbage
lettuce,synonym,dough
lettuce,synonym,kale
lettuce,synonym,scratch
lettuce,synonym,sugar
lettuce,hypernym,herb
playground,hypernym,area
playground,hypernym,yard
playground,hypernym,grounds
playground,part_meronym,swing
playground,part_meronym,slide
package,synonym,bundle
package,synonym,packet
package,hypernym,container
package,hyponym,packet
package,hyponym,pack
package,hyponym,bundle
bubbles,hyponym,foam
bubbles,synonym,bubble
bubbles,hypernym,covering
necklaces,hypernym,jewelry
necklaces,hyponym,collar
necklaces,hyponym,chain
necklaces,hyponym,string
necklaces,synonym,necklace
necklaces,part_meronym,pendant
ladies,hypernym,woman
ladies,synonym,lady
waffle,hypernym,cake
placard,hypernym,sign
placard,synonym,poster
placard,synonym,bill
placard,synonym,card
straws,synonym,straw
straws,synonym,stalk
straws,synonym,stubble
straws,hypernym,yellow
straws,hypernym,tube
smoke,hyponym,cigarette
smoke,hyponym,butt
smoke,synonym,pot
smoke,synonym,grass
smoke,synonym,weed
smoke,part_meronym,pull
smoke,hypernym,pitch
smoke,synonym,heater
posts,hypernym,place
posts,synonym,post
posts,synonym,station
posts,hypernym,business
posts,hypernym,line
posts,hyponym,chair
posts,synonym,office
posts,synonym,spot
posts,synonym,place
posts,hyponym,lamppost
posts,hyponym,stump
kitten,synonym,kitty
jeans,hypernym,trouser
jeans,hypernym,pant
jeans,synonym,jean
jeans,hypernym,fabric
jeans,hypernym,cloth
jeans,hypernym,material
e,hypernym,metal
e,hypernym,letter
furniture,hyponym,nest
furniture,hyponym,closet
furniture,hyponym,table
furniture,hyponym,counter
furniture,hyponym,chest
furniture,hyponym,dresser
furniture,hyponym,lamp
furniture,hyponym,cabinet
furniture,hyponym,bookcase
furniture,hyponym,seat
appliance,hypernym,device
appliance,hyponym,dryer
parachute,hyponym,parasail
parachute,part_meronym,harness
parachute,part_meronym,canopy
individual,hyponym,child
individual,hyponym,baby
individual,hyponym,divider
individual,hyponym,case
individual,hyponym,friend
individual,hyponym,controller
individual,hyponym,ostrich
individual,hyponym,machine
individual,hyponym,counter
individual,hyponym,worker
individual,hyponym,mouse
individual,hyponym,comforter
individual,hyponym,image
individual,hyponym,female
individual,hyponym,adult
individual,hyponym,dresser
individual,hyponym,shaker
individual,hyponym,beard
individual,hyponym,ruler
individual,hyponym,man
individual,hyponym,face
individual,hyponym,player
individual,hyponym,sweater
individual,hyponym,engineer
individual,hyponym,jumper
individual,hyponym,male
individual,hyponym,blonde
individual,hyponym,slipper
individual,hyponym,tiger
individual,hyponym,match
individual,synonym,person
individual,synonym,someone
individual,part_meronym,figure
individual,part_meronym,shape
individual,part_meronym,frame
individual,hyponym,head
streets,hyponym,alley
streets,synonym,street
brim,hypernym,edge
brim,hyponym,collar
brim,synonym,rim
brim,synonym,lip
brim,part_holonym,vessel
brim,hyponym,bill
brim,hyponym,peak
brim,hyponym,visor
brim,part_holonym,hat
brim,part_holonym,lid
windowsill,hypernym,sill
harness,hypernym,support
harness,part_holonym,parachute
harness,part_meronym,bridle
harness,part_meronym,halter
nuts,hypernym,seed
nuts,hyponym,mast
nuts,synonym,nut
nuts,hypernym,block
nuts,synonym,ball
nuts,synonym,egg
numbers,hypernym,drawing
numbers,synonym,number
numbers,synonym,figure
numbers,hyponym,square
numbers,hyponym,root
numbers,hyponym,base
numbers,hyponym,cube
numbers,hyponym,stopper
numbers,hypernym,signal
numbers,hypernym,sign
numbers,hypernym,symbol
numbers,synonym,numeral
numbers,hypernym,company
numbers,hypernym,product
trees,hyponym,gum
trees,hyponym,coffee
trees,hyponym,lime
trees,hyponym,palm
trees,synonym,tree
trees,part_meronym,stump
trees,part_meronym,crown
trees,part_meronym,limb
trees,part_meronym,trunk
chunks,synonym,ball
chunks,synonym,clump
chunks,synonym,chunk
moulding,hypernym,decoration
moulding,hypernym,ornament
moulding,hyponym,thumb
moulding,hyponym,bead
moulding,hyponym,baseboard
moulding,synonym,molding
moulding,hypernym,edge
moulding,synonym,border
moulding,hypernym,sculpture
moulding,synonym,mold
moulding,hypernym,carving
remotes,hypernym,device
remotes,synonym,remote
branch,synonym,arm
branch,hypernym,stalk
branch,hypernym,stem
branch,hyponym,twig
branch,hyponym,limb
branch,part_meronym,bark
branch,hyponym,fork
branch,synonym,leg
branch,hypernym,event
branch,hypernym,stream
branch,hyponym,feeder
branch,synonym,limb
uniform,hypernym,clothing
behind,synonym,butt
behind,synonym,backside
behind,synonym,buns
behind,synonym,can
behind,synonym,rear
behind,synonym,rump
behind,synonym,seat
behind,synonym,tail
behind,synonym,bottom
behind,part_holonym,torso
behind,part_holonym,trunk
behind,part_holonym,body
sinks,hyponym,basin
sinks,synonym,sink
platter,synonym,disk
platter,synonym,disc
grip,synonym,clasp
grip,hyponym,knob
grip,synonym,handle
grip,part_meronym,stem
grip,part_holonym,umbrella
grip,part_holonym,teacup
grip,part_holonym,faucet
grip,part_holonym,cart
grip,part_holonym,baggage
grip,part_holonym,luggage
grip,part_holonym,racket
grip,part_holonym,racquet
grip,part_holonym,mug
grip,part_holonym,handlebar
grip,part_holonym,spatula
grip,part_holonym,brush
grip,part_holonym,ladle
grip,part_holonym,bat
grip,part_holonym,skillet
grip,part_holonym,briefcase
grip,hypernym,baggage
grip,hypernym,luggage
grip,synonym,bag
grip,synonym,suitcase
drop,synonym,bead
drop,hyponym,droplet
drop,synonym,dip
drop,hypernym,formation
drop,synonym,cliff
drop,hypernym,curtain
drop,hypernym,drape
drop,hypernym,mantle
suv,hypernym,car
suv,hypernym,automobile
suv,hypernym,machine
tuft,hypernym,bunch
tuft,hypernym,clump
tuft,hypernym,cluster
tuft,hypernym,crest
rump,part_holonym,bird
rump,synonym,butt
rump,synonym,backside
rump,synonym,buns
rump,synonym,can
rump,synonym,rear
rump,synonym,seat
rump,synonym,tail
rump,synonym,bottom
rump,synonym,behind
rump,part_holonym,torso
rump,part_holonym,trunk
rump,part_holonym,body
storage,hyponym,warehouse
storage,hyponym,magazine
storage,synonym,store
storage,hypernym,business
storage,hypernym,hardware
storage,part_meronym,register
storage,part_holonym,computer
cement,hypernym,concrete
cement,hyponym,gum
cement,hypernym,filling
cement,part_holonym,root
cracks,hypernym,opening
cracks,hypernym,gap
cracks,hyponym,vent
cracks,hyponym,slit
cracks,synonym,crack
cracks,synonym,gap
cracks,synonym,shot
adult,hypernym,person
adult,hypernym,individual
adult,hypernym,someone
adult,hyponym,character
adult,hyponym,case
adult,hyponym,match
adult,hyponym,man
adult,hyponym,woman
adult,hypernym,animal
rod,hyponym,kickstand
rod,hyponym,pole
rod,synonym,perch
rod,synonym,pole
rod,part_meronym,yard
pebble,hypernym,rock
pebble,hypernym,stone
tire,hypernym,hoop
tire,hypernym,ring
fries,hypernym,potato
fries,synonym,chips
fries,hyponym,monkey
fries,hyponym,toddler
fries,synonym,child
fries,synonym,kid
fries,synonym,fry
blue,hypernym,clothing
blue,hypernym,sky
tiles,hypernym,slab
tiles,synonym,tile
tiles,hypernym,man
tiles,hypernym,piece
coats,hyponym,raincoat
coats,hyponym,jacket
coats,synonym,coat
coats,hypernym,covering
coats,hyponym,paint
coats,hyponym,seal
coats,hypernym,hair
coats,hyponym,fur
coats,hyponym,wool
doll,hypernym,toy
doll,synonym,dolly
doll,hypernym,girl
doll,synonym,skirt
doll,synonym,bird
curl,synonym,roll
curl,hypernym,hair
curl,synonym,lock
circles,hypernym,oval
circles,synonym,circle
circles,hyponym,pack
circles,hyponym,company
circles,synonym,set
circles,synonym,band
circles,synonym,lot
circles,hypernym,shape
circles,synonym,lap
circles,part_holonym,road
circles,part_holonym,route
circles,synonym,rope
circles,hypernym,seating
circles,hypernym,seats
circles,part_holonym,house
circles,hyponym,disk
circles,hyponym,disc
circles,synonym,round
cyclist,synonym,bicyclist
spots,hypernym,point
spots,hyponym,end
spots,hyponym,stop
spots,hyponym,peak
spots,hyponym,crown
spots,hyponym,crest
spots,hyponym,top
spots,hyponym,tip
spots,hyponym,pool
spots,hyponym,puddle
spots,synonym,place
spots,synonym,spot
spots,hypernym,section
spots,synonym,point
spots,hypernym,marking
spots,hyponym,speck
spots,hyponym,splash
spots,hyponym,plaque
spots,synonym,patch
spots,hyponym,joint
spots,hypernym,business
spots,hypernym,line
spots,hyponym,chair
spots,synonym,post
spots,synonym,office
spots,hypernym,marker
spots,hypernym,mark
spots,hypernym,lamp
spots,synonym,spotlight
spots,hyponym,six
spots,hyponym,four
spots,synonym,stain
hangar,hypernym,structure
hangar,hypernym,construction
hangar,part_holonym,airport
walls,hypernym,partition
walls,hypernym,divider
walls,synonym,wall
walls,part_meronym,paneling
walls,part_meronym,pane
walls,part_meronym,pier
walls,part_meronym,course
walls,part_meronym,row
walls,part_meronym,arch
walls,part_meronym,archway
walls,part_meronym,doorway
walls,part_meronym,door
walls,part_holonym,hallway
walls,part_holonym,hall
walls,part_holonym,building
walls,part_holonym,room
walls,hypernym,object
walls,hypernym,formation
walls,part_holonym,cave
walls,hypernym,layer
walls,hypernym,bed
walls,hypernym,fence
walls,hypernym,fencing
pens,synonym,pen
pens,hypernym,enclosure
pens,hyponym,fold
pens,hypernym,swan
planks,synonym,board
planks,synonym,plank
planks,part_meronym,knot
planks,part_holonym,platform
spinach,hypernym,vegetable
spinach,part_meronym,spinach
spinach,hypernym,greens
spinach,hypernym,green
spinach,part_holonym,spinach
saddle,hypernym,seat
saddle,part_meronym,stirrup
saddle,hypernym,cut
saddle,part_holonym,shoe
saddle,part_holonym,bicycle
saddle,part_holonym,bike
saddle,part_holonym,wheel
saddle,part_holonym,cycle
saddle,part_holonym,back
teapot,hypernym,pot
wipers,hypernym,worker
wipers,synonym,wiper
gazebo,hypernym,building
swing,hypernym,toy
swing,part_holonym,playground
swing,hypernym,motion
swing,hypernym,shot
swing,hyponym,slice
swing,hyponym,hook
swing,synonym,cut
droplet,hypernym,drop
oranges,synonym,orange
oranges,part_holonym,orange
oranges,part_meronym,orange
ladder,hypernym,stairs
ladder,hypernym,steps
ladder,part_meronym,spoke
ladder,part_meronym,rung
ladder,hypernym,level
ladder,hypernym,stage
ladder,hypernym,point
walk,synonym,walking
walk,hypernym,carriage
walk,hyponym,foot
walk,hypernym,path
walk,hyponym,sidewalk
walk,hyponym,pavement
walk,hyponym,boardwalk
walk,synonym,walkway
binding,synonym,dressing
binding,synonym,cover
binding,synonym,back
binding,part_holonym,book
ashtray,hypernym,receptacle
countertop,hypernym,tabletop
countertop,part_holonym,counter
round,synonym,cycle
round,hypernym,path
round,hypernym,route
round,hypernym,part
round,hypernym,section
round,hyponym,bottom
round,hyponym,top
round,hypernym,track
round,hypernym,course
round,hypernym,portion
round,synonym,rung
round,hyponym,disk
round,hyponym,disc
round,synonym,circle
vines,hyponym,squash
vines,hyponym,ivy
vines,hyponym,potato
vines,hyponym,kiwi
vines,hyponym,grape
vines,synonym,vine
pots,hypernym,vessel
pots,hyponym,teapot
pots,hyponym,urn
pots,hyponym,kettle
pots,synonym,pot
pots,synonym,toilet
pots,synonym,can
pots,synonym,commode
pots,synonym,stool
pots,part_holonym,bathroom
pots,part_holonym,bath
pots,part_holonym,toilet
pots,part_holonym,can
pots,hypernym,container
pots,hyponym,planter
pots,synonym,flock
pots,synonym,lot
pots,synonym,mountain
pots,synonym,pile
pots,synonym,raft
pots,synonym,stack
pots,synonym,kitty
pots,hypernym,belly
pots,synonym,grass
pots,synonym,weed
pots,synonym,smoke
tricks,hypernym,device
tricks,synonym,trick
tricks,hypernym,customer
roof,hyponym,dome
roof,part_holonym,building
roof,hyponym,hood
roof,part_holonym,truck
roof,part_holonym,car
roof,part_holonym,automobile
roof,part_holonym,machine
roof,part_holonym,bus
roof,part_holonym,coach
roof,hypernym,covering
roof,hypernym,cover
roof,part_holonym,cave
roof,hypernym,control
roof,synonym,ceiling
roof,synonym,cap
stem,synonym,root
stem,synonym,base
stem,hyponym,branch
stem,hyponym,bulb
stem,hyponym,cane
stem,hyponym,trunk
stem,synonym,stalk
stem,part_meronym,receptacle
stem,hypernym,cylinder
stem,part_holonym,wineglass
stem,part_holonym,pin
stem,part_holonym,handle
stem,part_holonym,grip
stem,part_holonym,key
stem,part_holonym,anchor
stem,part_holonym,nail
stem,hypernym,tube
stem,part_holonym,pipe
stem,hypernym,front
stem,synonym,bow
stem,part_holonym,vessel
blueberries,hypernym,shrub
blueberries,hypernym,bush
blueberries,synonym,blueberry
blueberries,hypernym,berry
peach,part_meronym,peach
peach,hypernym,woman
peach,synonym,dish
peach,part_holonym,peach
peach,hypernym,pink
cleat,part_holonym,cleats
cleat,hypernym,strip
coach,hypernym,car
coach,synonym,carriage
coach,hypernym,carriage
coach,hyponym,stage
coach,part_meronym,box
coach,synonym,bus
coach,part_meronym,window
coach,part_meronym,roof
spectacles,hyponym,goggles
spectacles,hyponym,sunglasses
spectacles,hyponym,shades
spectacles,synonym,eyeglasses
spectacles,synonym,glasses
spectacles,part_meronym,bridge
spectacles,part_holonym,frame
spectacles,synonym,spectacle
spectacles,hypernym,display
down,hypernym,feather
down,hypernym,hair
down,synonym,pile
bikini,hypernym,swimsuit
players,hyponym,seed
players,hyponym,server
players,synonym,player
players,hyponym,ham
players,hyponym,star
players,hyponym,plant
players,hypernym,person
players,hypernym,individual
players,hypernym,someone
noodles,hypernym,pasta
noodles,synonym,noodle
noodles,synonym,bean
noodles,synonym,dome
pane,hyponym,window
pane,part_holonym,window
pane,hypernym,panel
pane,synonym,paneling
pane,part_holonym,wall
pane,synonym,dot
tusks,synonym,tusk
tusks,hypernym,tooth
tusks,part_holonym,elephant
valve,hypernym,structure
valve,part_holonym,heart
valve,part_holonym,pump
valve,hypernym,device
valve,hypernym,control
valve,hypernym,controller
valve,hypernym,shell
angel,part_meronym,wing
book,hyponym,text
book,hyponym,booklet
book,hyponym,brochure
book,hyponym,folder
book,hyponym,pamphlet
book,part_meronym,signature
book,hypernym,product
book,hyponym,notebook
book,part_meronym,binding
book,part_meronym,cover
book,part_meronym,back
book,part_meronym,spine
book,hyponym,card
book,part_meronym,text
book,hypernym,section
book,part_holonym,text
foot,part_meronym,heel
foot,part_meronym,toe
foot,part_meronym,sole
foot,part_holonym,leg
foot,part_holonym,man
foot,part_holonym,human
foot,part_holonym,yard
foot,hypernym,bottom
foot,hyponym,paw
foot,hyponym,hoof
foot,hypernym,support
foot,hyponym,bed
foot,synonym,foundation
foot,synonym,base
foot,part_holonym,structure
foot,part_holonym,construction
foot,hypernym,walk
foot,hypernym,meter
salami,hypernym,sausage
frame,part_meronym,spectacles
frame,part_meronym,eyeglasses
frame,part_meronym,glasses
frame,hypernym,photograph
frame,hypernym,photo
frame,hypernym,picture
frame,hypernym,body
frame,hyponym,person
frame,synonym,figure
frame,synonym,shape
frame,part_holonym,person
frame,part_holonym,individual
frame,part_holonym,someone
frame,part_holonym,man
frame,part_holonym,human
frame,hypernym,part
frame,hypernym,section
frame,part_meronym,bottom
frame,part_meronym,top
frame,hypernym,drawing
frame,part_holonym,strip
frame,hypernym,system
frame,synonym,skeleton
frame,hyponym,hoop
frame,part_holonym,ship
frame,part_holonym,building
frame,part_holonym,aircraft
shell,synonym,shield
shell,hypernym,covering
shell,hypernym,cover
shell,part_holonym,egg
shell,part_holonym,eggs
shell,hyponym,boot
shell,hyponym,jacket
shell,synonym,case
shell,hypernym,shield
shell,hyponym,shoe
shell,synonym,plate
shell,synonym,scale
shell,hyponym,valve
shell,hyponym,seashell
tools,hyponym,tap
tools,hyponym,comb
tools,hyponym,fork
tools,hyponym,ram
tools,synonym,tool
tools,hypernym,way
tools,synonym,instrument
antelope,hyponym,gazelle
antelope,hyponym,wildebeest
brush,hypernym,vegetation
brush,hyponym,brake
brush,hyponym,toothbrush
brush,part_meronym,bristle
brush,part_meronym,handle
brush,part_meronym,grip
brush,hypernym,tail
pavilion,hypernym,tent
pavilion,synonym,marquee
wastebasket,hypernym,container
cucumber,hypernym,melon
cucumber,part_meronym,cucumber
cucumber,hypernym,vegetable
cucumber,hypernym,veggie
cucumber,part_holonym,cucumber
mitten,hypernym,glove
toaster,hypernym,friend
vegetable,hypernym,produce
vegetable,hyponym,asparagus
vegetable,hyponym,squash
vegetable,hyponym,celery
vegetable,hyponym,pumpkin
vegetable,hyponym,mushroom
vegetable,hyponym,onion
vegetable,hyponym,greens
vegetable,hyponym,green
vegetable,hyponym,cucumber
vegetable,synonym,veggie
vegetable,part_holonym,herb
vegetable,hypernym,herb
vegetable,hyponym,spinach
tarp,hypernym,canvas
tub,hypernym,vessel
tub,synonym,bathtub
tub,synonym,bath
tub,part_holonym,bathroom
tub,part_holonym,bath
hats,hyponym,fedora
hats,hyponym,bonnet
hats,synonym,hat
hats,synonym,lid
hats,part_meronym,brim
hats,part_meronym,crown
hats,hypernym,office
hats,hypernym,part
graphic,hypernym,picture
graphic,hypernym,image
graphic,hypernym,icon
undershirt,synonym,vest
bears,synonym,bear
wiper,hypernym,worker
tips,hypernym,end
tips,hypernym,terminal
tips,hyponym,beak
tips,synonym,tip
tips,synonym,steer
tips,synonym,wind
tips,hyponym,head
tips,synonym,point
tips,synonym,peak
tips,part_holonym,sword
tips,part_holonym,blade
tips,part_holonym,brand
tips,part_holonym,steel
tips,part_holonym,cone
tips,part_holonym,pencil
tips,part_holonym,knife
tips,hypernym,place
tips,hypernym,spot
tips,hyponym,hilltop
tips,synonym,crown
tips,synonym,crest
tips,synonym,top
flags,hypernym,emblem
flags,hyponym,colors
flags,hyponym,banner
flags,hyponym,streamer
flags,synonym,flag
flags,synonym,pin
flags,hypernym,tail
flags,part_holonym,deer
flags,part_holonym,dog
gold,hypernym,yellow
cupcakes,hypernym,cake
cupcakes,synonym,cupcake
surface,hyponym,screen
surface,hyponym,ground
surface,hyponym,face
surface,hyponym,board
surface,hyponym,bed
surface,hyponym,skin
surface,hyponym,level
surface,hyponym,side
surface,hyponym,inside
surface,hyponym,interior
surface,hyponym,end
surface,hyponym,outside
surface,hypernym,layer
surface,hyponym,floor
surface,part_meronym,water
surface,part_meronym,opening
surface,part_meronym,gap
surface,synonym,open
surface,hypernym,device
surface,hyponym,flap
surface,hyponym,flaps
surface,hyponym,stabilizer
surface,hyponym,wing
potato,hyponym,fries
potato,hyponym,chips
potato,part_meronym,jacket
potato,part_holonym,potato
potato,hypernym,vine
potato,part_meronym,potato
hook,hypernym,curve
hook,hyponym,anchor
hook,synonym,claw
hook,hypernym,swing
sweater,hypernym,garment
sweater,hyponym,cardigan
sweater,synonym,jumper
sweater,hypernym,person
sweater,hypernym,individual
sweater,hypernym,someone
pipe,hypernym,tube
pipe,part_meronym,bowl
pipe,part_meronym,stem
pipe,hyponym,drain
pipe,hyponym,line
pipe,hyponym,elbow
pipe,synonym,piping
pipe,part_meronym,spout
pipe,hypernym,cylinder
pipe,synonym,tube
pipe,hypernym,wind
wires,synonym,wire
wires,hypernym,conductor
wires,hypernym,message
wires,hyponym,cable
sconce,hypernym,shelter
sconce,hypernym,light
sconce,hypernym,bracket
cap,hypernym,top
cap,hypernym,cover
cap,hyponym,hubcap
cap,hypernym,covering
cap,synonym,hood
cap,part_holonym,plant
cap,hypernym,control
cap,synonym,ceiling
cap,synonym,roof
cap,synonym,crown
cap,synonym,jacket
cap,part_holonym,column
cap,part_holonym,pillar
forest,hypernym,vegetation
forest,hyponym,jungle
forest,synonym,wood
forest,synonym,woods
forest,hypernym,land
forest,hypernym,earth
forest,hypernym,ground
leafs,hyponym,pad
leafs,hyponym,frond
leafs,hyponym,greenery
leafs,hyponym,pitcher
leafs,hyponym,scale
leafs,hyponym,blade
leafs,synonym,leaf
leafs,synonym,foliage
leafs,hypernym,sheet
leafs,hyponym,page
leafs,hypernym,section
male,hypernym,animal
male,hyponym,steer
male,hypernym,person
male,hypernym,individual
male,hypernym,someone
male,hyponym,man
male,hyponym,boy
pickles,hypernym,relish
pickles,synonym,pickle
pickles,synonym,hole
pickles,synonym,jam
path,hypernym,course
path,synonym,way
path,hypernym,way
path,hyponym,pathway
path,hyponym,walk
path,hyponym,walkway
path,hyponym,lane
path,hyponym,crossing
path,hyponym,crosswalk
path,hypernym,line
path,hyponym,track
path,hyponym,pattern
path,hyponym,way
path,hyponym,round
path,synonym,route
path,hyponym,steps
path,hyponym,belt
path,hyponym,trail
path,synonym,track
path,synonym,course
brochure,hypernym,book
brochure,synonym,booklet
brochure,synonym,folder
brochure,synonym,pamphlet
cups,hypernym,container
cups,hyponym,goblet
cups,hyponym,teacup
cups,synonym,cup
cups,hypernym,hole
cups,hypernym,trophy
greens,hypernym,vegetable
greens,hypernym,veggie
greens,hyponym,spinach
greens,synonym,green
greens,synonym,park
greens,synonym,jet
sheet,hypernym,paper
sheet,hyponym,signature
sheet,hyponym,leaf
sheet,hyponym,stamp
sheet,hypernym,shape
sheet,synonym,plane
sheet,hypernym,newspaper
sheet,synonym,rag
sheet,hyponym,panel
sheet,hyponym,chalkboard
sheet,hyponym,plate
sheet,hyponym,board
sheet,hypernym,line
sheet,part_holonym,ship
sheet,synonym,sail
sheet,synonym,canvas
sock,hypernym,hose
yard,part_meronym,foot
yard,part_holonym,perch
yard,part_holonym,rod
yard,part_holonym,pole
yard,part_holonym,chain
yard,hypernym,field
yard,hyponym,backyard
yard,hyponym,playground
yard,hyponym,garden
yard,synonym,grounds
yard,hypernym,enclosure
sub,hypernym,sandwich
sub,synonym,wedge
skateboarders,hypernym,skater
skateboarders,synonym,skateboarder
top,hypernym,part
top,hyponym,crown
top,hyponym,cap
top,hyponym,head
top,hypernym,side
top,hypernym,face
top,hyponym,rooftop
top,hyponym,crest
top,hyponym,desktop
top,hypernym,place
top,hypernym,spot
top,hyponym,hilltop
top,synonym,peak
top,synonym,crown
top,synonym,crest
top,synonym,tip
top,hypernym,round
top,part_holonym,frame
top,hypernym,level
top,hypernym,stage
top,hypernym,point
top,hypernym,platform
top,part_holonym,ship
top,hypernym,toy
top,hypernym,covering
top,hyponym,lid
top,synonym,cover
top,hyponym,halter
top,hyponym,blouse
top,hypernym,canvas
orange,part_holonym,orange
orange,part_meronym,orange
waterway,hypernym,water
waterway,hyponym,ditch
waterway,hypernym,way
waterway,hyponym,canal
gear,hypernym,wheel
gear,part_meronym,tooth
gear,synonym,train
gear,part_holonym,engine
gear,hyponym,park
gear,hypernym,equipment
gear,hyponym,outfit
helmets,synonym,helmet
helmets,part_meronym,visor
tunnel,hyponym,subway
tunnel,hypernym,hole
pickle,hypernym,relish
pickle,synonym,hole
pickle,synonym,jam
logs,hypernym,wood
logs,synonym,log
logs,part_holonym,ship
necks,synonym,neck
necks,part_holonym,body
necks,hypernym,land
necks,hypernym,earth
necks,hypernym,ground
necks,hypernym,cut
necks,hypernym,part
necks,hypernym,portion
necks,hypernym,opening
necks,part_meronym,collar
necks,part_holonym,garment
bundle,synonym,package
bundle,synonym,packet
bundle,hypernym,package
bundle,hyponym,pack
bundle,hyponym,bale
bundle,hypernym,money
bundle,synonym,pile
eggs,synonym,egg
eggs,part_meronym,shell
eggs,part_meronym,yolk
eggs,part_meronym,white
eggs,synonym,ball
eggs,synonym,nut
tea,hypernym,beverage
tea,hypernym,drink
tea,hypernym,meal
tea,hypernym,shrub
tea,hypernym,bush
tea,part_meronym,tea
tea,hypernym,herb
tea,part_holonym,tea
pitch,hyponym,key
pitch,hypernym,throw
pitch,hyponym,curve
pitch,hyponym,heater
pitch,hyponym,smoke
pitch,hyponym,ball
pitch,hypernym,place
pitch,hypernym,slope
pitch,hypernym,motion
pitch,hyponym,rock
door,hyponym,screen
door,part_meronym,lock
door,part_holonym,doorway
door,part_holonym,door
door,hypernym,entrance
door,hypernym,entryway
door,hypernym,entry
door,synonym,doorway
door,part_meronym,case
door,part_meronym,door
door,part_holonym,wall
door,hypernym,structure
door,hypernym,construction
door,hypernym,room
fences,hypernym,barrier
fences,hyponym,hedge
fences,hyponym,wall
fences,synonym,fence
fences,synonym,fencing
car,hyponym,wagon
car,hyponym,jeep
car,hyponym,sedan
car,hyponym,cab
car,hyponym,taxi
car,hyponym,racer
car,hyponym,minivan
car,hyponym,bus
car,hyponym,ambulance
car,synonym,automobile
car,synonym,machine
car,part_meronym,bumper
car,part_meronym,window
car,part_meronym,fin
car,part_meronym,hood
car,part_meronym,bonnet
car,part_meronym,trunk
car,part_meronym,roof
car,part_meronym,horn
car,part_meronym,fender
car,part_meronym,wing
car,part_meronym,gun
car,hyponym,caboose
car,hyponym,coach
car,hyponym,carriage
car,hyponym,van
car,hypernym,compartment
car,part_holonym,lift
antlers,hypernym,horn
antlers,synonym,antler
antlers,part_holonym,deer
gloves,synonym,glove
gloves,synonym,mitt
gloves,hyponym,mitten
gloves,part_meronym,thumb
gloves,part_meronym,finger
gravel,hypernym,rock
gravel,hypernym,stone
gravel,hyponym,shingle
hairs,hyponym,beard
hairs,hyponym,coat
hairs,hyponym,mane
hairs,hyponym,eyebrow
hairs,hyponym,lock
hairs,hyponym,curl
hairs,hyponym,bush
hairs,hyponym,down
hairs,hyponym,pile
hairs,hyponym,eyelash
hairs,synonym,hair
hairs,part_meronym,part
hairs,synonym,whisker
hairs,hypernym,fabric
hairs,hypernym,cloth
hairs,hypernym,material
hairs,hyponym,whisker
hairs,hyponym,bristle
keyboard,hypernym,device
keyboard,hyponym,keypad
keyboard,part_holonym,piano
keyboard,part_holonym,computer
keyboard,part_holonym,terminal
keyboard,hypernym,holder
helicopter,part_meronym,blade
helicopter,part_meronym,vane
rivets,hypernym,decoration
rivets,hypernym,ornament
rivets,synonym,stud
rivets,synonym,rivet
rivets,hypernym,pin
brackets,hypernym,set
brackets,synonym,bracket
brackets,hypernym,support
brackets,hyponym,truss
brackets,hyponym,console
brackets,hyponym,sconce
trolley,synonym,tram
kitchen,hypernym,room
kitchen,hyponym,caboose
kitchen,part_holonym,home
pads,hypernym,paper
pads,hyponym,notepad
pads,synonym,pad
pads,synonym,tablet
pads,hypernym,leaf
pads,hypernym,foliage
pads,hypernym,block
pads,hypernym,padding
pads,hyponym,mattress
pads,hyponym,panel
pads,hyponym,mat
pads,hypernym,platform
pads,hypernym,structure
pads,part_holonym,paw
pads,part_holonym,finger
bow,hypernym,knot
bow,hypernym,stick
bow,hypernym,front
bow,synonym,stem
bow,part_holonym,vessel
bow,hypernym,arm
bow,part_meronym,limb
bow,hypernym,curve
bow,hyponym,rainbow
bow,hypernym,motion
bow,hypernym,decoration
bow,hypernym,ornament
bristles,synonym,bristle
bristles,part_holonym,brush
bristles,hypernym,hair
grapes,synonym,grape
grapes,part_holonym,grape
grapes,hypernym,vine
grapes,part_meronym,grape
grapes,hypernym,shot
grease,hypernym,oil
grease,synonym,dirt
grease,synonym,soil
grease,synonym,stain
stains,synonym,stain
stains,hypernym,color
stains,synonym,dirt
stains,synonym,soil
stains,synonym,grease
stains,hypernym,symbol
stains,synonym,mark
stains,synonym,brand
stains,synonym,spot
ribs,hypernym,support
ribs,hyponym,thread
ribs,part_holonym,umbrella
ribs,part_holonym,wing
ribs,hypernym,bone
ribs,hypernym,cut
ribs,hypernym,structure
ribs,hyponym,vein
ribs,hypernym,molding
ribs,hypernym,moulding
dinner,hypernym,meal
gap,synonym,spread
gap,hypernym,space
gap,hyponym,hole
gap,hyponym,crack
gap,hyponym,mouth
gap,hyponym,window
gap,hyponym,pocket
gap,synonym,opening
gap,part_holonym,surface
gap,hypernym,opening
gap,synonym,crack
balcony,hypernym,structure
balcony,hypernym,construction
balcony,part_meronym,box
balcony,part_meronym,handrail
link,hyponym,bridge
link,synonym,tie
link,hypernym,shape
link,hyponym,joint
link,part_holonym,chain
link,hypernym,line
controls,synonym,control
controls,hyponym,valve
controls,hyponym,switch
controls,hyponym,dial
controls,synonym,controller
controls,hyponym,ceiling
controls,hyponym,roof
controls,hyponym,cap
controls,hyponym,floor
controls,hyponym,base
olives,hypernym,fruit
olives,synonym,olive
olives,part_holonym,olive
olives,part_meronym,olive
olives,hypernym,wood
olives,hypernym,relish
barrel,hypernym,tube
barrel,part_holonym,gun
barrel,hypernym,vessel
barrel,hyponym,butt
barrel,part_meronym,hoop
barrel,part_meronym,ring
barrel,part_meronym,tap
barrel,hypernym,cylinder
barrel,synonym,drum
soil,synonym,dirt
soil,synonym,stain
soil,synonym,grease
soil,hypernym,earth
soil,hypernym,ground
soil,hyponym,sand
soil,hyponym,clay
soil,hyponym,mold
soil,hyponym,mud
soil,hypernym,object
soil,hyponym,bottom
soil,hyponym,turf
soil,synonym,land
soil,synonym,ground
comforter,hypernym,person
comforter,hypernym,individual
comforter,hypernym,someone
comforter,hypernym,bedding
comforter,hyponym,duvet
comforter,synonym,quilt
comforter,hypernym,device
comforter,synonym,pacifier
l,hypernym,letter
cork,hypernym,bark
cork,hypernym,plug
cork,hypernym,stopper
cork,hypernym,float
h,hypernym,letter
9,hypernym,figure
napkin,hyponym,bib
napkin,hypernym,garment
napkin,synonym,diaper
dials,hypernym,face
dials,synonym,dial
dials,hypernym,control
dials,hypernym,controller
dials,hypernym,indicator
slope,hypernym,formation
slope,hyponym,coast
slope,hyponym,hillside
slope,hyponym,bank
slope,hyponym,mountainside
slope,synonym,side
slope,hyponym,pitch
boarder,hypernym,pupil
curtains,hypernym,blind
curtains,hypernym,screen
curtains,hyponym,drop
curtains,synonym,curtain
curtains,synonym,drape
curtains,synonym,mantle
curtains,hypernym,barrier
policeman,hyponym,bull
policeman,hyponym,cop
policeman,hyponym,pig
policeman,synonym,officer
asphalt,hypernym,pavement
canister,part_meronym,shot
canister,hypernym,container
canister,synonym,tin
torso,synonym,trunk
torso,synonym,body
torso,part_meronym,shoulder
torso,part_meronym,belly
torso,part_meronym,cheek
torso,part_meronym,side
torso,part_meronym,chest
torso,part_meronym,stomach
torso,part_meronym,back
torso,part_meronym,hip
torso,part_meronym,middle
torso,part_meronym,waist
torso,part_meronym,butt
torso,part_meronym,backside
torso,part_meronym,buns
torso,part_meronym,can
torso,part_meronym,rear
torso,part_meronym,rump
torso,part_meronym,seat
torso,part_meronym,tail
torso,part_meronym,bottom
torso,part_meronym,behind
torso,part_holonym,body
tissue,hyponym,band
tissue,hypernym,paper
weather,hyponym,wave
weather,hyponym,sunshine
weather,hyponym,wind
pajamas,hypernym,trouser
pajamas,hypernym,pant
mast,hypernym,nut
mast,hypernym,pole
park,synonym,green
park,hypernym,stadium
park,hypernym,bowl
park,hypernym,arena
park,part_meronym,diamond
park,part_meronym,dugout
park,part_meronym,stand
park,hypernym,lot
park,hypernym,gear
pier,hypernym,platform
pier,synonym,dock
pier,hypernym,support
pier,part_holonym,wall
pier,part_holonym,bridge
bandana,hypernym,handkerchief
bandana,synonym,bandanna
headlights,hypernym,light
headlights,synonym,headlight
headlights,synonym,headlamp
part,hyponym,item
part,hyponym,point
part,hyponym,detail
part,hyponym,base
part,hyponym,butt
part,hyponym,unit
part,synonym,portion
part,hypernym,object
part,hyponym,neck
part,hyponym,section
part,hyponym,bulb
part,hyponym,waist
part,hyponym,spine
part,hyponym,seat
part,hyponym,toe
part,hyponym,heel
part,hyponym,limb
part,hyponym,piece
part,part_holonym,unit
part,hypernym,thing
part,hyponym,corner
part,hyponym,slice
part,hyponym,strip
part,synonym,piece
part,hyponym,outside
part,hyponym,distance
part,hyponym,air
part,hyponym,side
part,hyponym,inside
part,hyponym,interior
part,hyponym,belt
part,hyponym,sign
part,hyponym,house
part,hyponym,layer
part,hyponym,bottom
part,hyponym,top
part,hyponym,place
part,hyponym,hat
part,synonym,office
part,synonym,character
part,hyponym,cut
part,hyponym,way
part,part_holonym,net
part,hyponym,frame
part,hyponym,end
part,hyponym,round
part,hyponym,half
part,hyponym,middle
part,hyponym,game
part,synonym,section
part,hypernym,line
part,part_holonym,hair
part,hypernym,air
part,hyponym,support
balloons,synonym,balloon
balloons,part_meronym,envelope
balloons,hypernym,toy
trousers,hypernym,garment
trousers,hyponym,white
trousers,hyponym,slacks
trousers,hyponym,sweatpants
trousers,hyponym,cords
trousers,hyponym,jean
trousers,hyponym,shorts
trousers,hyponym,trunks
trousers,synonym,trouser
trousers,synonym,pant
trousers,part_meronym,zipper
trousers,part_meronym,trouser
trousers,part_meronym,lap
trousers,part_meronym,leg
trousers,part_meronym,seat
trousers,part_holonym,trouser
trousers,part_holonym,pant
doors,hyponym,screen
doors,synonym,door
doors,part_meronym,lock
doors,part_holonym,doorway
doors,part_holonym,door
doors,hypernym,entrance
doors,hypernym,entryway
doors,hypernym,entry
doors,synonym,doorway
doors,part_meronym,case
doors,part_meronym,door
doors,part_holonym,wall
doors,hypernym,structure
doors,hypernym,construction
doors,hypernym,room
shrubs,hyponym,pepper
shrubs,hyponym,tea
shrubs,hyponym,broom
shrubs,hyponym,blueberry
shrubs,hyponym,box
shrubs,hyponym,rose
shrubs,synonym,shrub
shrubs,synonym,bush
floor,hypernym,level
floor,synonym,flooring
floor,part_holonym,hallway
floor,part_holonym,hall
floor,part_holonym,room
floor,hypernym,structure
floor,hypernym,construction
floor,synonym,level
floor,part_holonym,building
floor,hypernym,control
floor,synonym,base
floor,hypernym,land
floor,hypernym,earth
floor,hypernym,ground
floor,hypernym,surface
floor,part_holonym,lake
floor,part_holonym,cave
floor,hypernym,right
floor,hypernym,hall
floor,hypernym,room
arrows,hypernym,mark
arrows,synonym,arrow
arrows,part_meronym,point
arrows,part_meronym,head
arrows,hypernym,missile
arrows,part_meronym,vane
women,hypernym,adult
women,hypernym,female
women,hyponym,baggage
women,hyponym,girl
women,hyponym,lady
women,hyponym,peach
women,hyponym,dish
women,hyponym,cat
women,synonym,woman
women,hypernym,cleaner
pasture,synonym,grass
sand,hypernym,soil
sand,hypernym,dirt
watermark,hypernym,line
watermark,hypernym,marker
watermark,hypernym,marking
watermark,hypernym,mark
stores,hypernym,outlet
stores,hyponym,booth
stores,synonym,shop
stores,synonym,store
stores,part_meronym,storefront
stores,hyponym,base
stores,hypernym,hardware
stores,synonym,storage
stores,part_meronym,register
stores,part_holonym,computer
stores,hyponym,warehouse
stores,hyponym,magazine
blades,hypernym,leaf
blades,hypernym,foliage
blades,synonym,blade
blades,hypernym,ribbon
blades,hypernym,thread
blades,hypernym,arm
blades,synonym,sword
blades,synonym,brand
blades,synonym,steel
blades,part_meronym,point
blades,part_meronym,tip
blades,part_meronym,peak
blades,part_meronym,blade
blades,hypernym,structure
blades,hyponym,vane
blades,hypernym,runner
blades,hyponym,paddle
blades,synonym,vane
blades,part_holonym,propeller
blades,part_holonym,propellor
blades,part_holonym,helicopter
blades,part_holonym,turbine
blades,part_holonym,oar
blades,part_holonym,windmill
blades,part_holonym,sword
blades,part_holonym,blade
blades,part_holonym,brand
blades,part_holonym,steel
blades,part_holonym,spatula
blades,part_holonym,scissors
blades,part_holonym,knife
stone,hyponym,sill
stone,hyponym,pebble
stone,hyponym,boulder
stone,synonym,rock
stone,hypernym,material
stone,hypernym,stuff
stone,hyponym,gravel
stone,hyponym,marble
stone,part_holonym,jewelry
stone,synonym,pit
red,hyponym,cherry
hair,hyponym,beard
hair,hyponym,coat
hair,hyponym,mane
hair,hyponym,eyebrow
hair,hyponym,lock
hair,hyponym,curl
hair,hyponym,bush
hair,hyponym,down
hair,hyponym,pile
hair,hyponym,eyelash
hair,part_meronym,part
hair,synonym,whisker
hair,hypernym,fabric
hair,hypernym,cloth
hair,hypernym,material
hair,hyponym,whisker
hair,hyponym,bristle
canoe,hyponym,kayak
canoe,hyponym,dugout
kayak,hypernym,canoe
decal,hypernym,design
decal,hypernym,pattern
decal,hypernym,figure
boulder,hypernym,rock
boulder,hypernym,stone
burger,hypernym,sandwich
burger,synonym,hamburger
burger,part_meronym,hamburger
pillar,hypernym,shape
pillar,synonym,column
pillar,synonym,tower
pillar,hypernym,friend
pillar,hypernym,structure
pillar,hypernym,construction
pillar,hyponym,pile
pillar,part_meronym,pedestal
pillar,part_meronym,cap
band,hyponym,pack
band,hyponym,company
band,synonym,set
band,synonym,circle
band,synonym,lot
band,part_meronym,section
band,hypernym,stripe
band,hypernym,streak
band,hypernym,bar
band,hyponym,collar
band,synonym,stripe
band,part_holonym,garment
band,hypernym,range
band,hypernym,strip
band,hyponym,sweatband
band,hyponym,strap
band,hyponym,headband
band,hyponym,wristband
band,hyponym,armband
band,hyponym,hoop
band,hyponym,ring
band,hyponym,bracelet
band,hyponym,weed
band,hypernym,tissue
band,hypernym,jewelry
band,synonym,ring
band,hypernym,belt
band,hypernym,loop
conductor,hypernym,material
conductor,hypernym,stuff
conductor,hyponym,silver
conductor,hypernym,device
conductor,hyponym,cable
conductor,hyponym,line
conductor,hyponym,cord
conductor,hyponym,wire
conductor,hyponym,bus
alarm,hypernym,device
alarm,hyponym,horn
alarm,hypernym,signal
alarm,hypernym,sign
alarm,hypernym,clock
badge,hypernym,emblem
badge,hyponym,insignia
badge,hyponym,button
badge,hyponym,stripe
badge,hyponym,stripes
athlete,hyponym,swimmer
athlete,hyponym,skier
athlete,hyponym,jumper
athlete,hyponym,skater
athlete,hyponym,runner
eyelashes,hypernym,hair
eyelashes,synonym,eyelash
eyelashes,part_holonym,lid
colors,hypernym,flag
colors,hypernym,emblem
colors,hyponym,shade
colors,synonym,color
colors,hypernym,material
colors,hypernym,stuff
colors,hyponym,indicator
colors,hyponym,paint
colors,hyponym,stain
boxes,hypernym,container
boxes,hyponym,carton
boxes,hyponym,chest
boxes,hyponym,crate
boxes,hyponym,mailbox
boxes,synonym,box
boxes,part_meronym,lid
boxes,part_meronym,base
boxes,hypernym,compartment
boxes,part_holonym,balcony
boxes,synonym,corner
boxes,hypernym,rectangle
boxes,hypernym,shrub
boxes,hypernym,bush
boxes,hypernym,area
boxes,part_holonym,diamond
boxes,hypernym,seat
boxes,part_holonym,coach
rv,hyponym,camper
wristband,hypernym,band
wristband,part_holonym,sleeve
wristband,part_holonym,arm
wristband,synonym,bracelet
monitor,hypernym,display
monitor,part_holonym,computer
monitor,part_holonym,television
packages,synonym,package
packages,synonym,bundle
packages,synonym,packet
packages,hypernym,container
packages,hyponym,packet
packages,hyponym,pack
packages,hyponym,bundle
slipper,hypernym,person
slipper,hypernym,individual
slipper,hypernym,someone
slipper,hyponym,snowboarder
television,hyponym,cable
television,part_meronym,picture
television,part_meronym,monitor
television,part_meronym,television
television,part_meronym,tv
television,synonym,tv
television,part_holonym,television
guy,hypernym,man
guy,synonym,cat
guy,hypernym,image
guy,hypernym,brace
guy,part_holonym,tent
carafe,hypernym,bottle
packets,synonym,package
packets,synonym,bundle
packets,synonym,packet
packets,hypernym,message
packets,hypernym,package
packets,hyponym,deck
packets,hypernym,boat
hilltop,hypernym,peak
hilltop,hypernym,crown
hilltop,hypernym,crest
hilltop,hypernym,top
hilltop,hypernym,tip
candies,hyponym,rock
candies,synonym,candy
supplies,hyponym,stocking
tail,hyponym,dock
tail,hyponym,flag
tail,hyponym,brush
tail,part_meronym,dock
tail,hypernym,end
tail,synonym,butt
tail,synonym,backside
tail,synonym,buns
tail,synonym,can
tail,synonym,rear
tail,synonym,rump
tail,synonym,seat
tail,synonym,bottom
tail,synonym,behind
tail,part_holonym,torso
tail,part_holonym,trunk
tail,part_holonym,body
tail,synonym,shadow
tail,part_holonym,coin
tail,hypernym,rear
tail,hypernym,back
tail,part_meronym,stabilizer
tail,part_holonym,fuselage
tail,synonym,poop
tail,part_holonym,ship
steel,hypernym,metal
steel,hypernym,arm
steel,synonym,sword
steel,synonym,blade
steel,synonym,brand
steel,part_meronym,point
steel,part_meronym,tip
steel,part_meronym,peak
steel,part_meronym,blade
forearm,hypernym,limb
forearm,part_holonym,arm
stroller,hypernym,pedestrian
stroller,synonym,carriage
hump,hyponym,belly
hump,synonym,bump
muffins,synonym,muffin
fans,hypernym,device
fans,synonym,fan
runway,hypernym,bar
runway,synonym,track
runway,synonym,rail
runway,synonym,rails
runway,part_holonym,railroad
runway,part_holonym,railway
runway,hypernym,slide
runway,hypernym,platform
runway,part_holonym,strip
runway,part_holonym,field
overpass,hypernym,bridge
creases,synonym,fold
creases,synonym,crease
creases,synonym,wrinkle
creases,synonym,seam
creases,synonym,line
creases,part_holonym,skin
creases,hypernym,sticker
drawings,hypernym,artwork
drawings,hypernym,art
drawings,hypernym,graphics
drawings,hyponym,frame
drawings,synonym,drawing
drawings,hyponym,silhouette
drawings,hyponym,numbers
drawings,hypernym,drain
drawings,hypernym,pull
brace,hypernym,support
brace,hypernym,two
brace,hypernym,2
brace,synonym,couple
brace,synonym,pair
brace,hypernym,set
brace,hypernym,rope
brace,part_meronym,strap
brace,hyponym,tie
brace,hyponym,guy
guard,hypernym,device
guard,hyponym,fender
guard,hypernym,step
saucer,hyponym,point
saucer,hyponym,dot
saucer,synonym,disk
saucer,synonym,disc
saucer,synonym,dish
saucer,hypernym,disk
saucer,hypernym,disc
line,hypernym,formation
line,hyponym,row
line,hypernym,mark
line,hypernym,print
line,hypernym,shape
line,hyponym,edge
line,hyponym,curve
line,hypernym,text
line,hyponym,head
line,hyponym,words
line,part_holonym,letter
line,hyponym,front
line,hypernym,conductor
line,synonym,cable
line,part_holonym,cable
line,hyponym,stream
line,synonym,course
line,hyponym,path
line,hyponym,route
line,hyponym,crest
line,hyponym,track
line,hyponym,course
line,hyponym,watermark
line,hyponym,part
line,hyponym,side
line,hyponym,horizon
line,hyponym,skyline
line,synonym,wrinkle
line,synonym,crease
line,synonym,seam
line,part_holonym,skin
line,hypernym,pipe
line,hypernym,piping
line,hypernym,road
line,hypernym,route
line,part_meronym,railroad
line,part_meronym,railway
line,hypernym,connector
line,hyponym,family
line,synonym,blood
line,hyponym,rope
line,hyponym,cord
line,hyponym,sheet
line,hyponym,lanyard
line,hyponym,post
line,hyponym,office
line,hyponym,spot
line,hyponym,place
line,hyponym,game
line,hyponym,land
line,synonym,business
line,hyponym,sideline
line,hyponym,baseline
line,hyponym,scratch
line,hyponym,link
line,hyponym,lens
line,hypernym,product
line,hypernym,carrier
line,hyponym,railway
line,hyponym,railroad
line,hyponym,signature
line,synonym,air
line,synonym,note
connector,hyponym,jumper
connector,hyponym,line
connector,hyponym,patch
connector,hyponym,ground
connector,hyponym,earth
cabinets,hypernym,furniture
cabinets,hyponym,dresser
cabinets,synonym,cabinet
cabinets,part_meronym,shelf
cabinets,hypernym,compartment
cabinets,synonym,console
signature,hypernym,name
signature,hypernym,way
signature,hypernym,air
signature,hypernym,line
signature,hypernym,sheet
signature,part_holonym,book
strings,hypernym,section
strings,hypernym,cord
strings,synonym,string
strings,synonym,train
strings,hypernym,tie
strings,hyponym,beads
strings,hypernym,necklace
strings,synonym,chain
van,hypernym,car
van,hypernym,camper
van,hypernym,truck
van,hyponym,wagon
cleaner,hyponym,shampoo
cleaner,hyponym,soap
cleaner,hyponym,woman
knobs,synonym,knob
knobs,hypernym,handle
knobs,hypernym,grip
knobs,hyponym,doorknob
knobs,hyponym,stop
knobs,hypernym,decoration
knobs,hypernym,ornament
silver,hypernym,conductor
silver,hypernym,gray
silver,hypernym,grey
silver,hypernym,silverware
silver,hypernym,trophy
bumps,synonym,bump
bumps,hyponym,belly
bumps,synonym,hump
bumps,hyponym,jar
bumps,hyponym,tap
bumps,hyponym,belt
pencils,synonym,pencil
pencils,part_meronym,rubber
pencils,part_meronym,point
pencils,part_meronym,tip
pencils,part_meronym,peak
pencils,hypernym,figure
pears,synonym,pear
pears,part_holonym,pear
pears,part_meronym,pear
shampoo,hypernym,cleaner
store,hypernym,outlet
store,hyponym,booth
store,synonym,shop
store,part_meronym,storefront
store,hyponym,base
store,hypernym,hardware
store,synonym,storage
store,part_meronym,register
store,part_holonym,computer
store,hyponym,warehouse
store,hyponym,magazine
cluster,hyponym,tuft
cluster,hyponym,knot
cluster,synonym,bunch
cluster,synonym,clump
product,hyponym,cargo
product,hyponym,line
product,hyponym,number
product,part_holonym,outlet
product,hyponym,newspaper
product,hyponym,paper
product,hyponym,fruit
product,hyponym,movie
product,hyponym,picture
product,hyponym,magazine
product,hyponym,book
product,hypernym,event
product,hypernym,set
product,synonym,intersection
guys,hypernym,man
guys,synonym,guy
guys,synonym,cat
guys,hypernym,image
guys,hypernym,brace
guys,part_holonym,tent
entryway,hyponym,opening
entryway,hyponym,arch
entryway,hyponym,archway
entryway,hyponym,doorway
entryway,hyponym,door
entryway,synonym,entrance
entryway,synonym,entry
distance,hyponym,way
distance,hyponym,piece
distance,hypernym,part
distance,hyponym,leg
distance,hyponym,gauge
distance,synonym,space
distance,hypernym,point
greenery,hypernym,leaf
greenery,hypernym,foliage
awning,hypernym,canopy
head,part_meronym,skull
head,part_meronym,face
head,part_meronym,ear
head,part_meronym,muzzle
head,part_holonym,body
head,part_holonym,animal
head,hyponym,father
head,hypernym,formation
head,hypernym,top
head,hypernym,root
head,hypernym,word
head,hypernym,point
head,hypernym,tip
head,hypernym,peak
head,hypernym,individual
head,hyponym,point
head,hypernym,object
head,hypernym,foam
head,hypernym,front
head,synonym,forefront
head,hypernym,mark
head,synonym,point
head,part_holonym,arrow
head,hypernym,line
head,hyponym,title
head,hypernym,structure
head,part_holonym,coin
head,part_holonym,ram
head,part_holonym,hammer
head,hypernym,toilet
head,hypernym,can
head,hypernym,bathroom
head,part_holonym,pin
head,part_holonym,bolt
head,part_holonym,screw
head,part_holonym,nail
head,part_holonym,drum
walking,synonym,walk
crease,synonym,fold
crease,synonym,wrinkle
crease,synonym,seam
crease,synonym,line
crease,part_holonym,skin
crease,hypernym,sticker
way,hyponym,drape
way,hyponym,signature
way,hyponym,road
way,hyponym,tooth
way,hyponym,instrument
way,hyponym,tool
way,hyponym,wings
way,hypernym,path
way,hypernym,route
way,hyponym,course
way,hypernym,course
way,synonym,path
way,hyponym,path
way,hyponym,route
way,hyponym,lane
way,hyponym,stairway
way,hyponym,staircase
way,hyponym,waterway
way,part_meronym,roadside
way,hyponym,parking
way,hyponym,seating
way,hyponym,seats
way,synonym,room
way,hypernym,distance
way,hypernym,portion
way,hypernym,part
details,hypernym,information
details,hyponym,poop
details,synonym,detail
details,synonym,item
details,synonym,point
details,hypernym,part
details,hypernym,portion
blossoms,hyponym,floret
blossoms,hyponym,bud
blossoms,synonym,flower
blossoms,synonym,bloom
blossoms,synonym,peak
frames,synonym,frame
frames,part_meronym,spectacles
frames,part_meronym,eyeglasses
frames,part_meronym,glasses
frames,hypernym,photograph
frames,hypernym,photo
frames,hypernym,picture
frames,hypernym,body
frames,hyponym,person
frames,synonym,figure
frames,synonym,shape
frames,part_holonym,person
frames,part_holonym,individual
frames,part_holonym,someone
frames,part_holonym,man
frames,part_holonym,human
frames,hypernym,part
frames,hypernym,section
frames,part_meronym,bottom
frames,part_meronym,top
frames,hypernym,drawing
frames,part_holonym,strip
frames,hypernym,system
frames,synonym,skeleton
frames,hyponym,hoop
frames,part_holonym,ship
frames,part_holonym,building
frames,part_holonym,aircraft
lighter,hypernym,device
lighter,hyponym,match
lighter,synonym,light
lighter,hypernym,boat
lighter,synonym,barge
judge,hyponym,umpire
deer,part_meronym,antler
deer,part_meronym,flag
tissues,hyponym,band
tissues,synonym,tissue
tissues,hypernym,paper
bagel,hypernym,bun
bagel,hypernym,roll
basil,hypernym,herb
plaid,hypernym,fabric
plaid,hypernym,cloth
plaid,hypernym,material
road,hypernym,way
road,hyponym,line
road,hyponym,roadway
road,hyponym,highway
road,hyponym,driveway
road,hyponym,track
road,synonym,route
road,part_meronym,curve
road,part_meronym,shoulder
road,part_meronym,intersection
road,part_meronym,crossing
road,part_meronym,circle
road,part_meronym,crown
road,part_meronym,crest
monument,hypernym,structure
monument,hypernym,construction
monument,hyponym,plaque
rag,synonym,tag
rag,hypernym,newspaper
rag,hypernym,paper
rag,synonym,sheet
duck,part_meronym,duck
duck,part_holonym,duck
duck,hypernym,fabric
duck,hypernym,cloth
duck,hypernym,material
silverware,hyponym,silver
hotdogs,synonym,hotdog
hotdogs,hypernym,sandwich
hotdogs,part_meronym,hotdog
hotdogs,part_meronym,dog
hotdogs,hypernym,sausage
hotdogs,synonym,dog
hotdogs,part_holonym,hotdog
photo,hyponym,stereo
photo,hyponym,shot
photo,hyponym,scene
photo,hyponym,frame
photo,hyponym,print
photo,synonym,photograph
photo,synonym,picture
dial,hypernym,face
dial,hypernym,control
dial,hypernym,controller
dial,hypernym,indicator
sails,synonym,sail
sails,synonym,canvas
sails,synonym,sheet
sails,hypernym,structure
sails,hypernym,construction
earrings,hypernym,jewelry
earrings,synonym,earring
vegetation,hyponym,brush
vegetation,hyponym,shrubbery
vegetation,hyponym,forest
vegetation,hyponym,wood
vegetation,hyponym,woods
vegetation,hyponym,growth
vegetation,hyponym,stand
vegetation,hyponym,garden
vegetation,hyponym,bush
vegetation,hypernym,growth
computers,hypernym,machine
computers,hyponym,server
computers,hyponym,website
computers,synonym,computer
computers,part_meronym,storage
computers,part_meronym,store
computers,part_meronym,hardware
computers,part_meronym,keyboard
computers,part_meronym,monitor
computers,part_meronym,chip
computers,part_meronym,bus
computers,part_holonym,platform
computers,synonym,calculator
sculpture,hyponym,statue
sculpture,hyponym,marble
sculpture,hyponym,carving
sculpture,hyponym,mobile
sculpture,hyponym,mold
sculpture,hyponym,molding
sculpture,hyponym,moulding
sculpture,hypernym,art
sculpture,synonym,carving
artwork,hyponym,drawing
artwork,synonym,art
artwork,synonym,graphics
patterns,hypernym,structure
patterns,synonym,shape
patterns,synonym,pattern
patterns,hypernym,decoration
patterns,hypernym,ornament
patterns,hyponym,marking
patterns,hyponym,device
patterns,hyponym,tattoo
patterns,hyponym,decal
patterns,hyponym,emblem
patterns,synonym,design
patterns,synonym,figure
patterns,hypernym,model
patterns,hypernym,path
patterns,hypernym,route
braid,hypernym,trim
equipment,hyponym,gear
equipment,hyponym,material
equipment,hyponym,satellite
port,hyponym,harbor
port,hypernym,opening
port,hypernym,side
vein,hypernym,formation
human,hyponym,man
human,synonym,man
human,part_meronym,figure
human,part_meronym,shape
human,part_meronym,frame
human,part_meronym,face
human,part_meronym,foot
human,part_meronym,hand
human,part_meronym,mitt
human,part_meronym,paw
human,part_meronym,arm
human,part_meronym,mane
tights,hypernym,hose
feeder,hyponym,mouth
feeder,hypernym,branch
feeder,hypernym,machine
feeder,hypernym,device
feeder,hypernym,animal
faces,hyponym,mug
faces,synonym,face
faces,part_meronym,jaw
faces,part_meronym,chin
faces,part_meronym,cheek
faces,part_meronym,eye
faces,part_meronym,eyebrow
faces,part_meronym,beard
faces,part_meronym,whiskers
faces,part_meronym,forehead
faces,part_meronym,mouth
faces,part_meronym,nose
faces,part_holonym,head
faces,part_holonym,man
faces,part_holonym,human
faces,hyponym,light
faces,synonym,expression
faces,hypernym,surface
faces,part_holonym,racket
faces,part_holonym,racquet
faces,hypernym,person
faces,hypernym,individual
faces,hypernym,someone
faces,hyponym,top
faces,hyponym,front
faces,hyponym,bottom
faces,hyponym,underside
faces,hyponym,rear
faces,hyponym,backside
faces,synonym,side
faces,hyponym,muzzle
faces,part_holonym,animal
faces,hypernym,front
faces,hyponym,dial
faces,part_holonym,watch
faces,synonym,case
faces,synonym,cheek
cycle,synonym,round
cycle,synonym,bicycle
cycle,synonym,bike
cycle,synonym,wheel
cycle,part_meronym,chain
cycle,part_meronym,handlebar
cycle,part_meronym,saddle
cycle,part_meronym,kickstand
cycle,part_meronym,pedal
crib,synonym,cot
crib,synonym,pony
crib,hypernym,bin
crib,part_holonym,crib
crib,hypernym,cards
crib,part_meronym,crib
pen,hypernym,enclosure
pen,hyponym,fold
pen,hypernym,swan
thumbnail,hypernym,fingernail
thumbnail,part_holonym,thumb
steer,synonym,tip
steer,synonym,wind
steer,hypernym,male
steer,hypernym,cattle
steer,hypernym,cows
easel,hypernym,tripod
picture,hyponym,graphic
picture,hyponym,reflection
picture,hyponym,foil
picture,synonym,image
picture,synonym,icon
picture,hyponym,mural
picture,hyponym,icon
picture,hyponym,landscape
picture,synonym,painting
picture,hypernym,image
picture,synonym,scene
picture,hypernym,product
picture,hypernym,show
picture,synonym,movie
picture,part_meronym,scene
picture,part_meronym,shot
picture,part_holonym,television
picture,hyponym,portrait
picture,hyponym,stereo
picture,hyponym,shot
picture,hyponym,scene
picture,hyponym,frame
picture,hyponym,print
picture,synonym,photograph
picture,synonym,photo
wreath,hyponym,crown
wreath,synonym,garland
curtain,hypernym,blind
curtain,hypernym,screen
curtain,hyponym,drop
curtain,synonym,drape
curtain,synonym,mantle
curtain,hypernym,barrier
containers,hyponym,vessel
containers,hyponym,bank
containers,hyponym,wastebasket
containers,hyponym,bag
containers,hyponym,handbag
containers,hyponym,pocketbook
containers,hyponym,purse
containers,hyponym,case
containers,hyponym,bin
containers,hyponym,pot
containers,hyponym,cup
containers,hyponym,canister
containers,hyponym,tin
containers,hyponym,spoon
containers,hyponym,dispenser
containers,hyponym,can
containers,hyponym,trough
containers,hyponym,basket
containers,hyponym,box
containers,hyponym,shaker
containers,hyponym,package
containers,hyponym,bowl
containers,hyponym,receptacle
containers,hyponym,dish
containers,hyponym,cylinder
containers,hyponym,drawer
containers,hyponym,empty
containers,hyponym,envelope
containers,hyponym,glass
containers,hyponym,pan
containers,hyponym,mold
containers,synonym,container
spires,hypernym,tower
spires,synonym,steeple
spires,synonym,spire
lantern,hypernym,lamp
stand,hypernym,support
stand,synonym,base
stand,synonym,pedestal
stand,hypernym,place
stand,hypernym,vegetation
stand,hypernym,table
stand,hyponym,tripod
stand,synonym,rack
stand,hypernym,stop
stand,hyponym,landscape
stand,hypernym,booth
stand,synonym,stall
stand,hyponym,bleachers
stand,part_holonym,park
stand,part_holonym,stadium
stand,part_holonym,bowl
stand,part_holonym,arena
stand,hypernym,platform
system,hyponym,exhaust
system,hyponym,scaffolding
system,hypernym,group
system,hyponym,structure
system,hyponym,body
system,hyponym,frame
system,hypernym,structure
system,hyponym,lattice
system,hyponym,calendar
system,hyponym,design
system,synonym,arrangement
system,hyponym,skeleton
siding,hypernym,railroad
siding,hypernym,railway
cantaloupe,part_meronym,cantaloupe
cantaloupe,part_holonym,cantaloupe
pear,part_holonym,pear
pear,part_meronym,pear
construction,synonym,building
construction,synonym,expression
construction,hyponym,arch
construction,hyponym,floor
construction,hyponym,level
construction,hyponym,balcony
construction,hyponym,platform
construction,hyponym,cross
construction,hyponym,building
construction,hyponym,porch
construction,hyponym,shelter
construction,hyponym,column
construction,hyponym,pillar
construction,hyponym,hangar
construction,hyponym,mound
construction,hyponym,hill
construction,hyponym,corner
construction,hyponym,bridge
construction,hyponym,monument
construction,hyponym,stadium
construction,hyponym,bowl
construction,hyponym,arena
construction,hyponym,tower
construction,hyponym,area
construction,hyponym,door
construction,hyponym,partition
construction,hyponym,divider
construction,hyponym,sail
construction,hyponym,fountain
construction,hyponym,body
construction,hyponym,signboard
construction,hyponym,sign
construction,synonym,structure
construction,part_meronym,plate
construction,part_meronym,foundation
construction,part_meronym,base
construction,part_meronym,foot
construction,hypernym,business
construction,part_meronym,painting
construction,part_meronym,plumbing
construction,part_meronym,roofing
ducks,synonym,duck
ducks,part_meronym,duck
ducks,part_holonym,duck
ducks,hypernym,fabric
ducks,hypernym,cloth
ducks,hypernym,material
cigarette,hypernym,smoke
cigarette,hyponym,joint
cigarette,hyponym,stick
cigarette,synonym,butt
arms,hyponym,hardware
arms,part_meronym,arm
arms,part_meronym,crest
arms,hypernym,limb
arms,synonym,arm
arms,part_meronym,wrist
arms,part_meronym,hand
arms,part_meronym,mitt
arms,part_meronym,paw
arms,part_meronym,forearm
arms,part_meronym,elbow
arms,part_holonym,body
arms,part_holonym,man
arms,part_holonym,human
arms,synonym,branch
arms,synonym,limb
arms,hypernym,instrument
arms,hyponym,bow
arms,hyponym,gun
arms,hyponym,missile
arms,hyponym,knife
arms,hyponym,sword
arms,hyponym,blade
arms,hyponym,brand
arms,hyponym,steel
arms,part_holonym,arms
arms,hypernym,armrest
arms,part_holonym,armchair
arms,synonym,sleeve
arms,part_meronym,cuff
arms,part_meronym,wristband
arms,part_holonym,garment
rose,hypernym,shrub
rose,hypernym,bush
rose,part_meronym,hip
rose,hypernym,wine
rose,hypernym,pink
eye,part_meronym,eyeball
eye,part_meronym,lid
eye,part_meronym,lens
eye,part_holonym,face
eye,hypernym,area
eye,hyponym,seat
eye,synonym,center
eye,synonym,middle
eye,synonym,heart
eye,hypernym,hole
eye,part_holonym,needle
brick,hypernym,ceramic
pull,hyponym,drawing
pull,hypernym,device
pull,synonym,wrench
pull,part_holonym,smoke
cable,hypernym,wire
cable,hypernym,conductor
cable,synonym,line
cable,part_holonym,cable
cable,hypernym,rope
cable,hypernym,television
cable,part_meronym,cable
cable,part_meronym,line
remote,hypernym,device
cell,hypernym,compartment
cell,synonym,cellphone
cell,hypernym,room
cell,hyponym,cooler
cell,hyponym,tank
toes,synonym,toe
toes,part_meronym,toenail
toes,part_holonym,foot
toes,hypernym,covering
toes,part_holonym,hoof
toes,hypernym,part
toes,hypernym,portion
pizza,hypernym,dish
earphones,synonym,headphone
earphones,synonym,phone
student,synonym,pupil
w,hypernym,metal
w,hypernym,letter
herbs,hyponym,dock
herbs,hyponym,vegetable
herbs,hyponym,lettuce
herbs,hyponym,eggplant
herbs,hyponym,basil
herbs,hyponym,strawberry
herbs,hyponym,cilantro
herbs,hyponym,tomato
herbs,hyponym,celery
herbs,hyponym,pineapple
herbs,hyponym,banana
herbs,hyponym,asparagus
herbs,hyponym,parsley
herbs,hyponym,dandelion
herbs,hyponym,carrot
herbs,synonym,herb
herbs,part_meronym,vegetable
herbs,part_meronym,veggie
herbs,hypernym,seasoning
herbs,hyponym,tea
view,hyponym,forefront
view,hyponym,light
view,hyponym,background
view,hyponym,ground
view,hyponym,coast
view,hyponym,foreground
view,synonym,scene
view,hypernym,range
view,hyponym,eyes
view,hyponym,pole
view,hypernym,message
view,hyponym,side
view,hypernym,design
view,synonym,horizon
wineglass,hypernym,glass
wineglass,part_meronym,stem
spoke,hypernym,support
spoke,synonym,rung
spoke,part_holonym,ladder
shot,hypernym,missile
shot,hyponym,grape
shot,hyponym,ball
shot,part_holonym,canister
shot,hyponym,swing
shot,hyponym,cut
shot,synonym,crack
shot,hyponym,gun
shot,hypernym,photograph
shot,hypernym,photo
shot,hypernym,picture
shot,synonym,scene
shot,part_holonym,movie
shot,part_holonym,picture
wave,hypernym,motion
wave,hyponym,surf
wave,hyponym,wake
wave,hyponym,ripple
wave,hyponym,roller
wave,hyponym,roll
wave,hyponym,lift
wave,hyponym,flap
wave,hypernym,curve
wave,hypernym,weather
wave,hypernym,woman
baseball,hyponym,ball
baseball,hypernym,ball
pedestrian,hyponym,stroller
hammer,part_meronym,head
shield,hyponym,plate
shield,hyponym,scale
shield,hyponym,shell
shield,synonym,shell
bloom,hyponym,floret
bloom,hyponym,bud
bloom,synonym,flower
bloom,synonym,peak
nozzle,hypernym,spout
nozzle,synonym,nose
nozzle,hypernym,nose
nozzle,synonym,beak
nozzle,synonym,snout
garment,hypernym,clothing
garment,hyponym,vest
garment,hyponym,skirt
garment,hyponym,suit
garment,hyponym,trouser
garment,hyponym,pant
garment,hyponym,gown
garment,hyponym,diaper
garment,hyponym,napkin
garment,hyponym,jumpsuit
garment,hyponym,robe
garment,hyponym,hose
garment,hyponym,shirt
garment,hyponym,sweater
garment,hyponym,jumper
garment,hyponym,weeds
garment,hyponym,scarf
garment,hyponym,fur
garment,hyponym,swimsuit
garment,hyponym,veil
garment,part_meronym,skirt
garment,part_meronym,shoulder
garment,part_meronym,liner
garment,part_meronym,lining
garment,part_meronym,pocket
garment,part_meronym,neck
garment,part_meronym,sleeve
garment,part_meronym,arm
garment,part_meronym,band
garment,part_meronym,stripe
magazines,synonym,magazine
magazines,hypernym,product
magazines,part_holonym,camera
magazines,hypernym,storage
magazines,hypernym,store
magazines,synonym,clip
magazines,part_holonym,gun
meatball,hypernym,dish
seats,hypernym,room
seats,hypernym,way
seats,hyponym,circle
seats,hyponym,stall
seats,synonym,seating
seats,hypernym,space
seats,hyponym,perch
seats,synonym,seat
seats,synonym,place
seats,synonym,butt
seats,synonym,backside
seats,synonym,buns
seats,synonym,can
seats,synonym,rear
seats,synonym,rump
seats,synonym,tail
seats,synonym,bottom
seats,synonym,behind
seats,part_holonym,torso
seats,part_holonym,trunk
seats,part_holonym,body
seats,hypernym,furniture
seats,hyponym,box
seats,hyponym,chair
seats,hyponym,sofa
seats,hyponym,couch
seats,hyponym,ottoman
seats,hyponym,bench
seats,hyponym,stool
seats,part_meronym,seat
seats,hypernym,support
seats,hyponym,cockpit
seats,hyponym,saddle
seats,part_holonym,seat
seats,hypernym,center
seats,hypernym,middle
seats,hypernym,heart
seats,hypernym,eye
seats,hypernym,part
seats,hypernym,portion
seats,part_holonym,trouser
seats,part_holonym,pant
seats,part_holonym,skirt
designs,synonym,design
designs,hypernym,arrangement
designs,hypernym,system
designs,synonym,pattern
designs,hypernym,decoration
designs,hypernym,ornament
designs,hyponym,marking
designs,hyponym,device
designs,hyponym,tattoo
designs,hyponym,decal
designs,hyponym,emblem
designs,synonym,figure
designs,hypernym,goal
designs,hypernym,end
designs,hyponym,view
waterfall,hypernym,water
waterfall,part_holonym,river
ridge,hyponym,bank
ridge,hyponym,ledge
ridge,hyponym,shelf
ridge,hyponym,bar
ridge,hypernym,formation
ridge,hypernym,beam
mask,hypernym,covering
slat,hypernym,strip
slat,hyponym,fin
pillowcase,synonym,case
wake,hypernym,event
wake,hypernym,wave
wake,hypernym,watch
heater,hypernym,device
heater,hyponym,radiator
heater,hyponym,stove
heater,hypernym,pitch
heater,synonym,smoke
cupboards,synonym,cupboard
cupboards,synonym,closet
pig,hypernym,policeman
pig,hypernym,officer
pig,synonym,bull
pig,synonym,cop
pig,hypernym,mold
garbage,hypernym,message
garbage,hyponym,trash
garbage,hypernym,receptacle
poles,hypernym,rod
poles,hyponym,mast
poles,synonym,pole
poles,hypernym,view
poles,synonym,perch
poles,synonym,rod
poles,part_meronym,yard
poles,synonym,terminal
poles,part_holonym,battery
poles,hypernym,end
poles,hypernym,terminal
poles,part_holonym,magnet
headboard,hypernym,panel
sign,synonym,mark
sign,hyponym,poster
sign,hyponym,placard
sign,hyponym,bill
sign,hyponym,card
sign,hyponym,signpost
sign,hyponym,indicator
sign,hyponym,symbol
sign,hyponym,beam
sign,hyponym,number
sign,hyponym,alarm
sign,synonym,signal
sign,hypernym,structure
sign,hypernym,construction
sign,hyponym,scoreboard
sign,hyponym,billboard
sign,hyponym,shingle
sign,synonym,signboard
sign,hypernym,part
sign,synonym,house
sign,hypernym,grounds
sign,hypernym,motion
bus,synonym,coach
bus,part_meronym,window
bus,part_meronym,roof
bus,hypernym,conductor
bus,part_holonym,computer
bus,hypernym,car
bus,hypernym,automobile
bus,hypernym,machine
highway,hypernym,road
highway,hypernym,route
highway,hyponym,freeway
buildings,hypernym,structure
buildings,hypernym,construction
buildings,hyponym,skyscraper
buildings,hyponym,hotel
buildings,hyponym,hall
buildings,hyponym,gazebo
buildings,hyponym,rink
buildings,hyponym,house
buildings,hyponym,restaurant
buildings,hyponym,center
buildings,synonym,building
buildings,part_meronym,floor
buildings,part_meronym,level
buildings,part_meronym,skeleton
buildings,part_meronym,frame
buildings,part_meronym,stairway
buildings,part_meronym,staircase
buildings,part_meronym,wall
buildings,part_meronym,window
buildings,part_meronym,court
buildings,part_meronym,courtyard
buildings,part_meronym,room
buildings,part_meronym,corner
buildings,part_meronym,lift
buildings,part_meronym,wing
buildings,part_meronym,hall
buildings,part_meronym,roof
buildings,part_meronym,stud
buildings,synonym,construction
buildings,hypernym,business
buildings,part_meronym,painting
buildings,part_meronym,plumbing
buildings,part_meronym,roofing
scale,hypernym,leaf
scale,hypernym,foliage
scale,hypernym,chip
scale,hypernym,indicator
scale,hypernym,shield
scale,hyponym,shoe
scale,synonym,plate
scale,synonym,shell
scale,hypernym,covering
scale,hypernym,cover
fist,hypernym,hand
fist,hypernym,mitt
fist,hypernym,paw
slopes,hypernym,formation
slopes,hyponym,coast
slopes,hyponym,hillside
slopes,hyponym,bank
slopes,hyponym,mountainside
slopes,synonym,slope
slopes,synonym,side
slopes,hyponym,pitch
bill,hypernym,instrument
bill,part_meronym,rider
bill,hyponym,tab
bill,synonym,note
bill,hypernym,ad
bill,hypernym,advertisement
bill,hypernym,advertising
bill,synonym,flyer
bill,hypernym,sign
bill,synonym,poster
bill,synonym,placard
bill,synonym,card
bill,hyponym,menu
bill,hyponym,card
bill,hypernym,brim
bill,synonym,peak
bill,synonym,visor
bill,hypernym,mouth
bill,synonym,beak
bill,part_holonym,bird
minivan,hypernym,car
minivan,hypernym,automobile
minivan,hypernym,machine
moped,hypernym,motorbike
hole,hypernym,opening
hole,hypernym,gap
hole,hyponym,vent
hole,hyponym,eye
hole,hyponym,cup
hole,hyponym,manhole
hole,hypernym,space
hole,hyponym,pit
hole,hyponym,kettle
hole,hyponym,tunnel
hole,synonym,jam
hole,synonym,pickle
hole,hypernym,mouth
bottom,hypernym,side
bottom,hypernym,face
bottom,hyponym,heel
bottom,hyponym,sole
bottom,hyponym,underbelly
bottom,hyponym,base
bottom,synonym,underside
bottom,hypernym,part
bottom,hyponym,foot
bottom,synonym,butt
bottom,synonym,backside
bottom,synonym,buns
bottom,synonym,can
bottom,synonym,rear
bottom,synonym,rump
bottom,synonym,seat
bottom,synonym,tail
bottom,synonym,behind
bottom,part_holonym,torso
bottom,part_holonym,trunk
bottom,part_holonym,body
bottom,hypernym,round
bottom,part_holonym,frame
bottom,synonym,bed
bottom,hypernym,land
bottom,hypernym,ground
bottom,hypernym,soil
zucchini,part_meronym,zucchini
zucchini,part_holonym,zucchini
windows,hyponym,skylight
windows,synonym,window
windows,part_meronym,case
windows,part_meronym,pane
windows,part_meronym,window
windows,part_holonym,building
windows,hypernym,opening
windows,part_holonym,car
windows,part_holonym,automobile
windows,part_holonym,machine
windows,part_holonym,bus
windows,part_holonym,coach
windows,hypernym,panel
windows,hypernym,gap
windows,hypernym,pane
windows,part_holonym,window
windows,hypernym,display
windows,hyponym,foreground
windows,hyponym,panel
fire,hyponym,battery
fire,hyponym,cover
fire,synonym,flame
fire,hypernym,fireplace
rain,hyponym,shower
dash,synonym,bolt
moustache,hyponym,toothbrush
moustache,synonym,mustache
moustache,part_holonym,beard
moustache,part_holonym,whiskers
pencil,part_meronym,rubber
pencil,part_meronym,point
pencil,part_meronym,tip
pencil,part_meronym,peak
pencil,hypernym,figure
donut,synonym,doughnut
towers,hypernym,structure
towers,hypernym,construction
towers,hyponym,silo
towers,hyponym,pylon
towers,hyponym,steeple
towers,hyponym,spire
towers,hyponym,lighthouse
towers,synonym,tower
towers,hypernym,shape
towers,synonym,column
towers,synonym,pillar
towers,hypernym,boat
customer,hyponym,trick
cliffs,hypernym,formation
cliffs,synonym,cliff
cliffs,synonym,drop
lights,hyponym,sunlight
lights,hyponym,sunshine
lights,hyponym,sun
lights,hyponym,beam
lights,hyponym,streamer
lights,hyponym,daylight
lights,synonym,light
lights,hyponym,headlight
lights,hyponym,headlamp
lights,hyponym,sconce
lights,hypernym,view
lights,hypernym,scene
lights,hypernym,friend
lights,synonym,lighting
lights,hypernym,expression
lights,hypernym,face
lights,hyponym,stoplight
lights,hypernym,device
lights,hyponym,match
lights,synonym,lighter
streetlight,hypernym,lamp
streetlight,part_meronym,lamppost
words,hypernym,text
words,synonym,row
words,hypernym,line
words,hyponym,head
words,synonym,word
words,hypernym,information
words,part_meronym,text
cans,hypernym,container
cans,synonym,can
cans,synonym,tin
cans,hypernym,buoy
cans,synonym,butt
cans,synonym,backside
cans,synonym,buns
cans,synonym,rear
cans,synonym,rump
cans,synonym,seat
cans,synonym,tail
cans,synonym,bottom
cans,synonym,behind
cans,part_holonym,torso
cans,part_holonym,trunk
cans,part_holonym,body
cans,synonym,toilet
cans,synonym,commode
cans,synonym,pot
cans,synonym,stool
cans,part_holonym,bathroom
cans,part_holonym,bath
cans,part_holonym,toilet
cans,part_holonym,can
cans,hypernym,room
cans,hyponym,restroom
cans,hyponym,closet
cans,hyponym,head
cans,synonym,bathroom
cans,part_meronym,toilet
cans,part_meronym,can
cans,part_meronym,commode
cans,part_meronym,pot
cans,part_meronym,stool
statue,hypernym,sculpture
day,hyponym,date
day,part_meronym,day
day,part_meronym,daytime
day,part_meronym,daylight
day,part_meronym,night
day,part_meronym,dark
day,hypernym,time
day,synonym,daytime
day,synonym,daylight
day,part_holonym,day
mailbox,hypernym,box
coin,hyponym,crown
coin,hyponym,eagle
coin,part_meronym,head
coin,part_meronym,tail
warehouse,hypernym,storage
warehouse,hypernym,store
suitcases,hypernym,baggage
suitcases,hypernym,luggage
suitcases,synonym,bag
suitcases,synonym,grip
suitcases,synonym,suitcase
driver,hyponym,racer
driver,hypernym,worker
driver,hypernym,wood
suspenders,synonym,brace
suspenders,part_meronym,strap
tabletop,hyponym,countertop
tabletop,part_holonym,table
bra,part_meronym,strap
hill,hyponym,mound
hill,part_meronym,hillside
hill,hypernym,structure
hill,hypernym,construction
hill,synonym,mound
hill,part_holonym,diamond
hill,part_holonym,infield
lamb,hypernym,meat
racks,hyponym,carrier
racks,synonym,rack
racks,hypernym,cut
racks,synonym,wheel
racks,hypernym,support
racks,hyponym,tripod
racks,synonym,stand
mattress,hypernym,pad
mattress,hyponym,tick
mattress,hyponym,pallet
mattress,part_holonym,bed
pond,hypernym,lake
pond,synonym,pool
rolls,synonym,roll
rolls,hyponym,card
rolls,hypernym,wave
rolls,synonym,roller
rolls,synonym,curl
rolls,hypernym,bread
rolls,hyponym,croissant
rolls,hyponym,bagel
rolls,synonym,bun
rolls,hypernym,cylinder
rolls,hyponym,bolt
rolls,hypernym,throw
rolls,synonym,bowl
sheets,synonym,sheet
sheets,hypernym,paper
sheets,hyponym,signature
sheets,hyponym,leaf
sheets,hyponym,stamp
sheets,hypernym,shape
sheets,synonym,plane
sheets,hypernym,newspaper
sheets,synonym,rag
sheets,hyponym,panel
sheets,hyponym,chalkboard
sheets,hyponym,plate
sheets,hyponym,board
sheets,hypernym,line
sheets,part_holonym,ship
sheets,synonym,sail
sheets,synonym,canvas
seashell,hypernym,shell
foreleg,part_meronym,elbow
branches,synonym,branch
branches,synonym,arm
branches,hypernym,stalk
branches,hypernym,stem
branches,hyponym,twig
branches,hyponym,limb
branches,part_meronym,bark
branches,hyponym,fork
branches,synonym,leg
branches,hypernym,event
branches,hypernym,stream
branches,hyponym,feeder
branches,synonym,limb
staircase,hypernym,way
staircase,hyponym,ramp
staircase,hyponym,flight
staircase,hyponym,stairs
staircase,hyponym,steps
staircase,hyponym,escalator
staircase,synonym,stairway
staircase,part_meronym,step
staircase,part_meronym,stair
staircase,part_holonym,building
terminal,hypernym,station
terminal,synonym,pole
terminal,part_holonym,battery
terminal,hyponym,tip
terminal,hyponym,pole
terminal,hyponym,point
terminal,hyponym,heel
terminal,hyponym,destination
terminal,hyponym,goal
terminal,synonym,end
terminal,part_meronym,keyboard
airplane,hyponym,jet
airplane,hyponym,airliner
airplane,synonym,aeroplane
airplane,synonym,plane
airplane,part_meronym,fuselage
airplane,part_meronym,windshield
airplane,part_meronym,windscreen
airplane,part_meronym,gun
airplane,part_meronym,wing
airplane,part_meronym,hood
airplane,part_meronym,bonnet
screws,synonym,screw
screws,hypernym,propeller
screws,hypernym,propellor
screws,part_holonym,ship
screws,hyponym,bolt
screws,part_meronym,thread
screws,part_meronym,head
jewelry,hyponym,clip
jewelry,hyponym,pin
jewelry,hyponym,ring
jewelry,hyponym,band
jewelry,hyponym,bead
jewelry,hyponym,necklace
jewelry,hyponym,earring
jewelry,hyponym,bracelet
jewelry,part_meronym,stone
numerals,hypernym,symbol
numerals,synonym,numeral
numerals,synonym,number
pack,hyponym,deck
pack,hypernym,package
pack,hyponym,nest
pack,synonym,ring
pack,hypernym,set
pack,hypernym,circle
pack,hypernym,band
pack,hypernym,lot
pack,hyponym,loop
pack,hypernym,bundle
sunglasses,hypernym,spectacles
sunglasses,hypernym,eyeglasses
sunglasses,hypernym,glasses
sunglasses,synonym,shades
leggings,hypernym,garment
sprinkles,hypernym,shower
sprinkles,synonym,sprinkle
throw,hyponym,pitch
throw,hypernym,motion
throw,hypernym,bedding
throw,hyponym,roll
center,hypernym,area
center,hyponym,seat
center,synonym,middle
center,synonym,heart
center,synonym,eye
center,part_holonym,outfield
center,hypernym,building
center,hypernym,point
center,hyponym,bull
center,hyponym,stuff
center,synonym,meat
center,hypernym,object
center,hypernym,formation
center,hypernym,place
center,hypernym,outlet
center,synonym,plaza
cut,hypernym,portion
cut,hypernym,part
cut,hypernym,step
cut,synonym,slice
cut,hypernym,meat
cut,hyponym,leg
cut,hyponym,side
cut,hyponym,joint
cut,hyponym,rack
cut,hyponym,saddle
cut,hyponym,shoulder
cut,hyponym,neck
cut,hyponym,steak
cut,synonym,track
cut,hypernym,canal
cut,hypernym,shot
cut,synonym,swing
cut,part_holonym,cards
cut,hypernym,opening
cut,hyponym,section
cut,hyponym,clip
cut,hyponym,trim
cut,hyponym,haircut
destination,hypernym,end
destination,hypernym,terminal
destination,synonym,goal
destination,hypernym,goal
destination,synonym,address
destination,part_holonym,letter
laptops,synonym,laptop
umbrella,hypernym,canopy
umbrella,part_meronym,panel
umbrella,part_meronym,handle
umbrella,part_meronym,grip
jacket,hypernym,coat
jacket,hyponym,sack
jacket,hyponym,jumper
jacket,hyponym,parka
jacket,hyponym,blazer
jacket,hypernym,wrap
jacket,hypernym,wrapper
jacket,synonym,crown
jacket,synonym,cap
jacket,hypernym,peel
jacket,hypernym,skin
jacket,part_holonym,potato
jacket,hypernym,shell
jacket,hypernym,case
night,synonym,dark
night,part_holonym,day
night,hypernym,dark
wrap,synonym,wrapper
wrap,hypernym,sandwich
wrap,part_meronym,tortilla
wrap,hypernym,covering
wrap,hyponym,jacket
wrap,hyponym,envelope
palm,hypernym,area
palm,part_holonym,hand
palm,part_holonym,mitt
palm,part_holonym,paw
palm,hypernym,tree
palm,hyponym,coconut
palm,synonym,decoration
palm,synonym,medal
palm,synonym,ribbon
patches,hypernym,marking
patches,hyponym,speck
patches,hyponym,splash
patches,hyponym,plaque
patches,synonym,spot
patches,synonym,patch
patches,hyponym,garden
patches,hyponym,bed
patches,hypernym,time
patches,synonym,piece
patches,hypernym,connector
patches,hypernym,dressing
patches,hyponym,truss
patches,synonym,bandage
diaper,hypernym,garment
diaper,synonym,napkin
diaper,hypernym,fabric
diaper,hypernym,cloth
diaper,hypernym,material
jet,hypernym,airplane
jet,hypernym,aeroplane
jet,hypernym,plane
jet,hyponym,spray
jet,synonym,green
jet,synonym,fountain
pitcher,hyponym,fireman
pitcher,hypernym,vessel
pitcher,hypernym,leaf
pitcher,hypernym,foliage
pitcher,synonym,mound
parrot,hypernym,bird
cart,hypernym,wagon
cart,hyponym,truck
cart,part_meronym,handle
cart,part_meronym,grip
restroom,hypernym,toilet
restroom,hypernym,can
restroom,hypernym,bathroom
prong,hyponym,tine
prong,part_holonym,buckle
prong,part_holonym,fork
dust,hypernym,trash
dust,synonym,debris
dust,hypernym,material
dust,hypernym,stuff
dot,hypernym,disk
dot,hypernym,disc
dot,hypernym,saucer
dot,synonym,point
dot,synonym,pane
bridge,hypernym,structure
bridge,hypernym,construction
bridge,hyponym,overpass
bridge,part_meronym,arch
bridge,part_meronym,pier
bridge,part_holonym,nose
bridge,hypernym,cards
bridge,hypernym,support
bridge,hypernym,plate
bridge,hypernym,link
bridge,hypernym,tie
bridge,part_holonym,spectacles
bridge,part_holonym,eyeglasses
bridge,part_holonym,glasses
noodle,hypernym,pasta
noodle,synonym,bean
noodle,synonym,dome
ribbons,hypernym,object
ribbons,hyponym,blade
ribbons,synonym,ribbon
ribbons,synonym,thread
ribbons,synonym,decoration
ribbons,synonym,medal
ribbons,synonym,palm
ribbons,hypernym,strip
case,hyponym,piece
case,hyponym,time
case,hyponym,clip
case,synonym,event
case,synonym,suit
case,hypernym,container
case,hyponym,sleeve
case,hyponym,shoe
case,hyponym,wallet
case,hyponym,pocketbook
case,hyponym,baggage
case,hyponym,luggage
case,hyponym,briefcase
case,hypernym,person
case,hypernym,individual
case,hypernym,someone
case,hypernym,adult
case,synonym,character
case,synonym,face
case,hypernym,covering
case,hypernym,cover
case,hyponym,boot
case,hyponym,jacket
case,synonym,shell
case,part_holonym,doorway
case,part_holonym,door
case,part_holonym,window
case,hypernym,receptacle
case,synonym,pillowcase
pony,hypernym,horse
pony,synonym,crib
pony,hypernym,glass
purse,hypernym,container
purse,synonym,bag
purse,synonym,handbag
purse,synonym,pocketbook
purse,part_meronym,clasp
purse,hypernym,bag
opening,hypernym,space
opening,hyponym,hole
opening,hyponym,crack
opening,hyponym,mouth
opening,hyponym,window
opening,hyponym,pocket
opening,synonym,gap
opening,part_holonym,surface
opening,hyponym,cut
opening,hypernym,motion
opening,hyponym,vent
opening,hyponym,slit
opening,hyponym,gap
opening,hyponym,neck
opening,hyponym,port
opening,hyponym,spout
opening,hyponym,lattice
opening,hyponym,exit
opening,hyponym,outlet
opening,hyponym,bell
opening,hyponym,muzzle
opening,hypernym,entrance
opening,hypernym,entryway
opening,hypernym,entry
prints,synonym,print
prints,hyponym,footprint
prints,hyponym,step
prints,hyponym,line
prints,synonym,mark
prints,hypernym,fabric
prints,hypernym,cloth
prints,hypernym,material
prints,hypernym,photograph
prints,hypernym,photo
prints,hypernym,picture
scaffolding,hypernym,system
surfers,hypernym,swimmer
surfers,synonym,surfer
surfers,synonym,surfboarder
course,hyponym,shop
course,hyponym,stream
course,synonym,line
course,hypernym,way
course,hyponym,way
course,hyponym,path
course,hypernym,line
course,hyponym,round
course,hyponym,steps
course,hyponym,belt
course,hyponym,trail
course,synonym,path
course,synonym,track
course,hyponym,section
course,hyponym,dessert
course,part_holonym,meal
course,hypernym,layer
course,hypernym,bed
course,synonym,row
course,part_holonym,wall
course,hyponym,track
studs,hypernym,man
studs,synonym,stud
studs,hypernym,decoration
studs,hypernym,ornament
studs,synonym,rivet
studs,part_holonym,building
polish,hypernym,shine
polish,hyponym,glaze
handlebars,hypernym,bar
handlebars,synonym,handlebar
handlebars,part_meronym,handle
handlebars,part_meronym,grip
handlebars,part_holonym,bicycle
handlebars,part_holonym,bike
handlebars,part_holonym,wheel
handlebars,part_holonym,cycle
ivy,hypernym,vine
ruler,hypernym,person
ruler,hypernym,individual
ruler,hypernym,someone
liquid,hyponym,alcohol
liquid,hyponym,beverage
liquid,hyponym,drink
liquid,hyponym,water
design,hypernym,arrangement
design,hypernym,system
design,synonym,pattern
design,hypernym,decoration
design,hypernym,ornament
design,hyponym,marking
design,hyponym,device
design,hyponym,tattoo
design,hyponym,decal
design,hyponym,emblem
design,synonym,figure
design,hypernym,goal
design,hypernym,end
design,hyponym,view
muzzle,hypernym,opening
muzzle,hyponym,point
muzzle,part_holonym,gun
muzzle,hypernym,face
muzzle,part_meronym,snout
muzzle,part_holonym,head
bands,hyponym,pack
bands,hyponym,company
bands,synonym,set
bands,synonym,circle
bands,synonym,band
bands,synonym,lot
bands,part_meronym,section
bands,hypernym,stripe
bands,hypernym,streak
bands,hypernym,bar
bands,hyponym,collar
bands,synonym,stripe
bands,part_holonym,garment
bands,hypernym,range
bands,hypernym,strip
bands,hyponym,sweatband
bands,hyponym,strap
bands,hyponym,headband
bands,hyponym,wristband
bands,hyponym,armband
bands,hyponym,hoop
bands,hyponym,ring
bands,hyponym,bracelet
bands,hyponym,weed
bands,hypernym,tissue
bands,hypernym,jewelry
bands,synonym,ring
bands,hypernym,belt
bands,hypernym,loop
company,hyponym,number
company,hypernym,set
company,hypernym,circle
company,hypernym,band
company,hypernym,lot
company,hypernym,unit
surfer,hypernym,swimmer
surfer,synonym,surfboarder
keys,hypernym,device
keys,synonym,key
keys,part_meronym,stem
keys,hypernym,pitch
keys,hypernym,space
keys,synonym,paint
keys,part_holonym,arch
keys,hypernym,lever
keys,hyponym,tab
crust,hypernym,layer
crust,hyponym,plate
crust,hypernym,covering
crust,hypernym,cover
crumb,hypernym,bite
carts,hypernym,wagon
carts,synonym,cart
carts,hyponym,truck
carts,part_meronym,handle
carts,part_meronym,grip
escalator,hypernym,stairway
escalator,hypernym,staircase
gazelle,hypernym,antelope
needles,synonym,needle
needles,part_meronym,point
needles,part_meronym,eye
bags,hypernym,container
bags,hyponym,pouch
bags,hyponym,sack
bags,hyponym,skin
bags,hyponym,backpack
bags,hyponym,envelope
bags,hyponym,purse
bags,synonym,bag
bags,hyponym,home
bags,hyponym,plate
bags,synonym,base
bags,part_holonym,diamond
bags,part_holonym,infield
bags,synonym,handbag
bags,synonym,pocketbook
bags,synonym,purse
bags,part_meronym,clasp
bags,hypernym,baggage
bags,hypernym,luggage
bags,synonym,grip
bags,synonym,suitcase
bags,synonym,udder
bags,part_holonym,cow
bags,synonym,dish
sandals,hypernym,shoe
sandals,synonym,sandal
petals,synonym,petal
pole,hypernym,rod
pole,hyponym,mast
pole,hypernym,view
pole,synonym,perch
pole,synonym,rod
pole,part_meronym,yard
pole,synonym,terminal
pole,part_holonym,battery
pole,hypernym,end
pole,hypernym,terminal
pole,part_holonym,magnet
foreground,hypernym,view
foreground,hypernym,scene
foreground,hypernym,window
foreground,part_holonym,screen
harbor,hypernym,port
harbor,part_meronym,dock
fish,part_meronym,fin
fish,hypernym,food
fish,hyponym,salmon
fish,hypernym,person
fish,hypernym,individual
fish,hypernym,someone
suit,hypernym,garment
suit,synonym,case
covering,hyponym,shell
covering,hyponym,case
covering,hyponym,crust
covering,hyponym,envelope
covering,hyponym,blanket
covering,hyponym,mantle
covering,hyponym,hood
covering,hyponym,cap
covering,hyponym,bark
covering,hyponym,scale
covering,hyponym,roof
covering,synonym,cover
covering,hyponym,screen
covering,hyponym,cover
covering,hyponym,coat
covering,hyponym,toe
covering,hyponym,finger
covering,hyponym,top
covering,hyponym,drape
covering,hyponym,bubble
covering,hyponym,wrap
covering,hyponym,wrapper
covering,hyponym,clothing
covering,hyponym,mask
covering,hyponym,flap
covering,hyponym,folder
covering,hyponym,thumb
covering,hyponym,canopy
covering,hyponym,dressing
covering,hyponym,painting
covering,hyponym,lining
ambulance,hypernym,car
ambulance,hypernym,automobile
ambulance,hypernym,machine
money,hyponym,bread
money,hyponym,cabbage
money,hyponym,dough
money,hyponym,kale
money,hyponym,lettuce
money,hyponym,scratch
money,hyponym,sugar
money,hyponym,pile
money,hyponym,bundle
shells,synonym,shell
shells,synonym,shield
shells,hypernym,covering
shells,hypernym,cover
shells,part_holonym,egg
shells,part_holonym,eggs
shells,hyponym,boot
shells,hyponym,jacket
shells,synonym,case
shells,hypernym,shield
shells,hyponym,shoe
shells,synonym,plate
shells,synonym,scale
shells,hyponym,valve
shells,hyponym,seashell
shops,hypernym,outlet
shops,hyponym,booth
shops,synonym,shop
shops,synonym,store
shops,part_meronym,storefront
shops,hyponym,pottery
shops,hypernym,course
scene,hypernym,area
scene,hyponym,light
scene,hyponym,dark
scene,hyponym,shadow
scene,hyponym,stage
scene,hyponym,background
scene,hyponym,ground
scene,hyponym,coast
scene,hyponym,foreground
scene,synonym,view
scene,hypernym,photograph
scene,hypernym,photo
scene,hypernym,picture
scene,synonym,shot
scene,part_holonym,movie
scene,part_holonym,picture
scene,synonym,picture
scene,hypernym,set
scene,hyponym,backdrop
exit,hypernym,opening
exit,synonym,outlet
mustard,hypernym,condiment
outside,hypernym,part
outside,hyponym,outdoors
outside,hyponym,open
outside,hypernym,surface
butt,hypernym,part
butt,hypernym,portion
butt,synonym,goat
butt,synonym,backside
butt,synonym,buns
butt,synonym,can
butt,synonym,rear
butt,synonym,rump
butt,synonym,seat
butt,synonym,tail
butt,synonym,bottom
butt,synonym,behind
butt,part_holonym,torso
butt,part_holonym,trunk
butt,part_holonym,body
butt,hypernym,smoke
butt,hyponym,joint
butt,hyponym,stick
butt,synonym,cigarette
butt,hypernym,joint
butt,hypernym,barrel
tables,hyponym,calendar
tables,synonym,table
tables,hypernym,furniture
tables,hyponym,booth
tables,hyponym,dresser
tables,hyponym,vanity
tables,hyponym,console
tables,hyponym,counter
tables,hyponym,desk
tables,hyponym,stand
tables,part_meronym,leg
tables,part_meronym,tabletop
tables,hyponym,board
tables,synonym,board
reflector,hypernym,device
reflector,hyponym,mirror
mirror,hypernym,reflector
mirror,hyponym,glass
moon,hypernym,object
moon,hypernym,light
moon,hypernym,satellite
sticker,synonym,spine
sticker,hypernym,label
sticker,hypernym,knife
sticker,hyponym,crease
drink,hypernym,portion
drink,hyponym,toast
drink,hyponym,float
drink,hypernym,food
drink,hypernym,liquid
drink,hyponym,mixer
drink,hyponym,cooler
drink,hyponym,coffee
drink,hyponym,chocolate
drink,hyponym,tea
drink,hyponym,alcohol
drink,hyponym,milk
drink,synonym,beverage
drink,hypernym,water
beds,hyponym,couch
beds,hyponym,sack
beds,hyponym,cot
beds,synonym,bed
beds,part_meronym,mattress
beds,part_holonym,bedroom
beds,hypernym,patch
beds,synonym,bottom
beds,synonym,seam
beds,hyponym,lift
beds,hyponym,blanket
beds,hyponym,wall
beds,hyponym,tier
beds,hyponym,course
beds,hyponym,row
beds,hyponym,cushion
beds,synonym,layer
beds,hypernym,surface
beds,hypernym,foundation
beds,hypernym,base
beds,hypernym,foot
shoelaces,hypernym,lace
shoelaces,synonym,shoelace
shoelaces,part_holonym,shoe
mousepad,hypernym,mat
elephant,part_meronym,trunk
elephant,part_meronym,tusk
elephant,hypernym,emblem
satellite,hypernym,equipment
satellite,hyponym,moon
beads,hypernym,string
beads,hypernym,jewelry
beads,synonym,bead
beads,synonym,drop
beads,hypernym,molding
beads,hypernym,moulding
plumbing,part_holonym,construction
plumbing,part_holonym,building
bracelet,hypernym,band
bracelet,synonym,wristband
bracelet,hypernym,jewelry
bracelet,part_meronym,clasp
rainbow,hypernym,bow
rainbow,part_holonym,sky
tires,hypernym,hoop
tires,hypernym,ring
tires,synonym,tire
spokes,hypernym,support
spokes,synonym,spoke
spokes,synonym,rung
spokes,part_holonym,ladder
headband,hypernym,band
wedge,hypernym,triangle
wedge,hypernym,sandwich
wedge,synonym,sub
wedge,hypernym,heel
wedge,hypernym,iron
wedge,hypernym,block
rows,hypernym,line
rows,hyponym,terrace
rows,synonym,row
rows,synonym,words
rows,hypernym,strip
rows,hypernym,layer
rows,hypernym,bed
rows,synonym,course
rows,part_holonym,wall
rows,part_meronym,feather
beams,hypernym,signal
beams,hypernym,sign
beams,synonym,beam
beams,hypernym,piece
beams,hyponym,ridge
beams,hyponym,tie
beams,hyponym,shore
beams,hypernym,light
beams,hypernym,side
label,hypernym,brand
label,hypernym,marker
label,hypernym,marking
label,hypernym,mark
label,hyponym,tag
label,hyponym,sticker
freezer,hypernym,fridge
jersey,hypernym,shirt
slacks,hypernym,trouser
slacks,hypernym,pant
slacks,hypernym,debris
slacks,hypernym,dust
slacks,hypernym,cord
stickers,synonym,spine
stickers,synonym,sticker
stickers,hypernym,label
stickers,hypernym,knife
stickers,hyponym,crease
machine,hypernym,device
machine,hyponym,calculator
machine,hyponym,stapler
machine,hyponym,shovel
machine,hyponym,stamp
machine,hyponym,motor
machine,hyponym,feeder
machine,hyponym,computer
machine,hyponym,printer
machine,hypernym,person
machine,hypernym,individual
machine,hypernym,someone
machine,hyponym,wheel
machine,hyponym,block
machine,hyponym,lever
machine,hyponym,wagon
machine,hyponym,jeep
machine,hyponym,sedan
machine,hyponym,cab
machine,hyponym,taxi
machine,hyponym,racer
machine,hyponym,minivan
machine,hyponym,bus
machine,hyponym,ambulance
machine,synonym,car
machine,synonym,automobile
machine,part_meronym,bumper
machine,part_meronym,window
machine,part_meronym,fin
machine,part_meronym,hood
machine,part_meronym,bonnet
machine,part_meronym,trunk
machine,part_meronym,roof
machine,part_meronym,horn
machine,part_meronym,fender
machine,part_meronym,wing
machine,part_meronym,gun
knees,synonym,knee
knees,part_holonym,leg
knees,hypernym,joint
image,hyponym,picture
image,hyponym,graphic
image,hyponym,reflection
image,hyponym,foil
image,synonym,picture
image,synonym,icon
image,hypernym,model
image,synonym,figure
image,hypernym,person
image,hypernym,individual
image,hypernym,someone
image,hypernym,set
image,synonym,range
molding,hypernym,decoration
molding,hypernym,ornament
molding,hyponym,thumb
molding,hyponym,bead
molding,hyponym,baseboard
molding,synonym,moulding
molding,hypernym,edge
molding,synonym,border
molding,hypernym,sculpture
molding,synonym,mold
molding,hypernym,carving
handkerchief,hyponym,bandanna
handkerchief,hyponym,bandana
crowd,hyponym,flock
crowd,hyponym,jam
crowd,synonym,bunch
bagels,hypernym,bun
bagels,hypernym,roll
bagels,synonym,bagel
column,hypernym,tube
column,hypernym,shape
column,synonym,tower
column,synonym,pillar
column,part_holonym,newspaper
column,part_holonym,paper
column,hypernym,structure
column,hypernym,construction
column,hyponym,pile
column,part_meronym,pedestal
column,part_meronym,cap
column,hypernym,text
pepper,part_meronym,pepper
pepper,hypernym,shrub
pepper,hypernym,bush
pepper,hyponym,jalapeno
pepper,hypernym,seasoning
pepper,part_holonym,pepper
beef,hypernym,cattle
beef,hypernym,cows
beef,hypernym,meat
beef,hyponym,hamburger
beef,part_holonym,cattle
beef,part_holonym,cows
wine,hypernym,alcohol
wine,hyponym,rose
trophy,hyponym,silver
trophy,hyponym,cup
hut,hypernym,shelter
hut,synonym,shack
haircut,hypernym,cut
advertisement,hyponym,bill
advertisement,hyponym,flyer
advertisement,hyponym,trailer
advertisement,synonym,ad
advertisement,synonym,advertising
group,hyponym,man
group,hyponym,arrangement
group,hyponym,people
group,hyponym,system
group,hyponym,cloud
group,hypernym,unit
group,hypernym,set
wagon,hyponym,cart
wagon,hyponym,lorry
wagon,hyponym,tram
wagon,hypernym,van
wagon,hypernym,car
wagon,hypernym,automobile
wagon,hypernym,machine
rice,hypernym,grain
rice,hypernym,cereal
space,hyponym,space
space,hyponym,opening
space,hyponym,gap
space,hyponym,hole
space,hyponym,pocket
space,hyponym,enclosure
space,hyponym,compartment
space,hypernym,area
space,hyponym,key
space,hyponym,paint
space,hyponym,seat
space,hyponym,place
space,hypernym,space
space,hypernym,character
space,synonym,distance
space,synonym,place
cone,part_meronym,point
cone,part_meronym,tip
cone,part_meronym,peak
marker,hypernym,symbol
marker,hyponym,spot
marker,hyponym,pin
marker,hyponym,brand
marker,hyponym,watermark
marker,hyponym,label
marker,synonym,marking
marker,synonym,mark
land,hypernym,object
land,hyponym,bottom
land,hyponym,turf
land,synonym,ground
land,synonym,soil
land,part_holonym,land
land,hyponym,plain
land,hyponym,field
land,hyponym,island
land,hyponym,forest
land,hyponym,floor
land,hyponym,cape
land,hyponym,neck
land,synonym,earth
land,part_holonym,earth
land,part_holonym,globe
land,part_meronym,land
land,hypernym,area
land,hypernym,field
land,hypernym,arena
land,hypernym,people
land,hypernym,business
land,hypernym,line
emblem,hypernym,design
emblem,hypernym,pattern
emblem,hypernym,figure
emblem,hyponym,colors
emblem,hyponym,crest
emblem,hyponym,flag
emblem,hyponym,device
emblem,hypernym,symbol
emblem,hyponym,elephant
emblem,hyponym,donkey
emblem,hyponym,dove
emblem,hyponym,badge
emblem,hyponym,eagle
goblet,hypernym,glass
goblet,hypernym,cup
bricks,hypernym,ceramic
bricks,synonym,brick
rink,hypernym,building
rink,hyponym,ice
business,hyponym,house
business,hyponym,carrier
business,hyponym,chain
business,hyponym,field
business,hyponym,storage
business,hyponym,construction
business,hyponym,building
business,hyponym,advertising
business,part_holonym,market
business,hyponym,post
business,hyponym,office
business,hyponym,spot
business,hyponym,place
business,hyponym,game
business,hyponym,land
business,synonym,line
business,hypernym,object
business,hypernym,people
baby,hypernym,child
baby,hypernym,kid
baby,hypernym,person
baby,hypernym,individual
baby,hypernym,someone
baby,synonym,child
baby,hypernym,girl
carton,hypernym,box
skateboarder,hypernym,skater
labels,synonym,label
labels,hypernym,brand
labels,hypernym,marker
labels,hypernym,marking
labels,hypernym,mark
labels,hyponym,tag
labels,hyponym,sticker
spectator,hypernym,pump
tangerine,part_meronym,tangerine
tangerine,part_holonym,tangerine
surfboard,hypernym,board
snowboarders,hypernym,slipper
snowboarders,synonym,snowboarder
crack,hypernym,opening
crack,hypernym,gap
crack,hyponym,vent
crack,hyponym,slit
crack,synonym,gap
crack,synonym,shot
lighting,synonym,light
bone,hyponym,tooth
bone,hyponym,jaw
bone,hyponym,skull
bone,part_meronym,socket
bone,hypernym,white
luggage,hypernym,case
luggage,hyponym,bag
luggage,hyponym,grip
luggage,hyponym,suitcase
luggage,hyponym,satchel
luggage,hyponym,trunk
luggage,synonym,baggage
luggage,part_meronym,handle
luggage,part_meronym,grip
luggage,part_meronym,strap
blanket,hypernym,bedding
blanket,synonym,cover
blanket,hypernym,covering
blanket,hypernym,cover
blanket,synonym,mantle
blanket,hypernym,layer
blanket,hypernym,bed
pancakes,hypernym,cake
pancakes,hyponym,tortilla
pancakes,synonym,pancake
air,hypernym,part
air,hyponym,note
air,hypernym,wind
air,part_holonym,earth
air,part_holonym,globe
air,hyponym,part
air,hyponym,signature
air,synonym,line
air,hyponym,flight
peaks,synonym,peak
peaks,synonym,flower
peaks,synonym,bloom
peaks,hypernym,level
peaks,hypernym,stage
peaks,hypernym,point
peaks,synonym,top
peaks,hypernym,place
peaks,hypernym,spot
peaks,hyponym,hilltop
peaks,synonym,crown
peaks,synonym,crest
peaks,synonym,tip
peaks,hyponym,head
peaks,synonym,point
peaks,part_holonym,sword
peaks,part_holonym,blade
peaks,part_holonym,brand
peaks,part_holonym,steel
peaks,part_holonym,cone
peaks,part_holonym,pencil
peaks,part_holonym,knife
peaks,hyponym,crown
peaks,hypernym,brim
peaks,synonym,bill
peaks,synonym,visor
jump,hyponym,spring
speakers,synonym,speaker
one,hypernym,figure
one,synonym,1
one,hypernym,unit
disk,hyponym,point
disk,hyponym,dot
disk,synonym,disc
disk,synonym,saucer
disk,hypernym,plate
disk,hypernym,circle
disk,hypernym,round
disk,hyponym,saucer
disk,synonym,platter
taillight,hypernym,lamp
range,hyponym,pallet
range,hyponym,horizon
range,hyponym,view
range,hypernym,formation
range,synonym,chain
range,hyponym,band
range,hypernym,set
range,synonym,image
range,synonym,stove
range,part_meronym,grate
mist,hypernym,fog
lemon,part_holonym,lemon
lemon,hypernym,yellow
lemon,part_meronym,lemon
lemon,hypernym,relish
message,hyponym,wire
message,hyponym,packet
message,hyponym,entry
message,hyponym,body
message,hyponym,information
message,hyponym,view
message,hyponym,garbage
scratches,synonym,scratch
scratches,synonym,slit
scratches,synonym,dent
scratches,hypernym,money
scratches,synonym,bread
scratches,synonym,cabbage
scratches,synonym,dough
scratches,synonym,kale
scratches,synonym,lettuce
scratches,synonym,sugar
scratches,hypernym,line
scratches,hypernym,hand
scratches,synonym,mark
cloth,hyponym,wool
cloth,hyponym,cord
cloth,hyponym,jean
cloth,hyponym,duck
cloth,hyponym,print
cloth,hyponym,diaper
cloth,hyponym,plaid
cloth,hyponym,canvas
cloth,hyponym,hair
cloth,hyponym,canopy
cloth,hyponym,net
cloth,hyponym,mesh
cloth,hyponym,lace
cloth,synonym,fabric
cloth,synonym,material
cloth,part_meronym,edging
officer,hypernym,man
officer,hypernym,holder
officer,hyponym,bull
officer,hyponym,cop
officer,hyponym,pig
officer,synonym,policeman
container,hyponym,vessel
container,hyponym,bank
container,hyponym,wastebasket
container,hyponym,bag
container,hyponym,handbag
container,hyponym,pocketbook
container,hyponym,purse
container,hyponym,case
container,hyponym,bin
container,hyponym,pot
container,hyponym,cup
container,hyponym,canister
container,hyponym,tin
container,hyponym,spoon
container,hyponym,dispenser
container,hyponym,can
container,hyponym,trough
container,hyponym,basket
container,hyponym,box
container,hyponym,shaker
container,hyponym,package
container,hyponym,bowl
container,hyponym,receptacle
container,hyponym,dish
container,hyponym,cylinder
container,hyponym,drawer
container,hyponym,empty
container,hyponym,envelope
container,hyponym,glass
container,hyponym,pan
container,hyponym,mold
level,synonym,tier
level,hyponym,peak
level,hyponym,top
level,hyponym,plane
level,hyponym,ladder
level,synonym,stage
level,synonym,point
level,hypernym,indicator
level,hypernym,surface
level,hyponym,platform
level,hyponym,floor
level,hyponym,flooring
level,hypernym,place
level,synonym,layer
level,hypernym,structure
level,hypernym,construction
level,synonym,floor
level,part_holonym,building
half,hypernym,part
half,hypernym,section
half,part_holonym,basketball
half,part_holonym,football
crossing,hypernym,water
crossing,part_holonym,stream
crossing,hypernym,point
crossing,hyponym,corner
crossing,synonym,intersection
crossing,part_holonym,road
crossing,part_holonym,route
crossing,hypernym,path
crossing,synonym,crosswalk
crossing,synonym,cross
railings,hypernym,barrier
railings,hyponym,guardrail
railings,hyponym,bar
railings,synonym,railing
railings,synonym,rail
railings,part_holonym,handrail
railings,hypernym,material
seeds,hypernym,fruit
seeds,hyponym,bean
seeds,hyponym,grain
seeds,hyponym,nut
seeds,hyponym,coffee
seeds,synonym,seed
seeds,part_meronym,meat
seeds,hypernym,player
olive,hypernym,fruit
olive,part_holonym,olive
olive,part_meronym,olive
olive,hypernym,wood
olive,hypernym,relish
spice,hypernym,seasoning
spice,hyponym,bite
mom,hypernym,mother
1,hypernym,figure
1,synonym,one
sneakers,hypernym,shoe
sneakers,synonym,sneaker
snowboard,hypernym,board
pendant,part_holonym,necklace
pendant,synonym,chandelier
front,hypernym,side
front,hypernym,face
front,hyponym,forefront
front,hyponym,head
front,hypernym,line
front,part_holonym,field
front,hyponym,nose
front,hyponym,storefront
front,hyponym,facade
front,hyponym,face
front,hyponym,bow
front,hyponym,stem
front,hypernym,area
front,hypernym,field
front,hypernym,arena
front,hypernym,place
blonde,hypernym,person
blonde,hypernym,individual
blonde,hypernym,someone
shine,hyponym,polish
ornaments,hyponym,molding
ornaments,hyponym,moulding
ornaments,hyponym,decor
ornaments,hyponym,fin
ornaments,hyponym,garnish
ornaments,hyponym,graffiti
ornaments,hyponym,hanging
ornaments,hyponym,bow
ornaments,hyponym,stud
ornaments,hyponym,rivet
ornaments,hyponym,design
ornaments,hyponym,pattern
ornaments,hyponym,figure
ornaments,hyponym,knob
ornaments,synonym,decoration
ornaments,synonym,ornament
shoulders,synonym,shoulder
shoulders,part_holonym,torso
shoulders,part_holonym,trunk
shoulders,part_holonym,body
shoulders,hypernym,cut
shoulders,part_holonym,garment
shoulders,hypernym,edge
shoulders,part_holonym,road
shoulders,part_holonym,route
beak,hypernym,mouth
beak,synonym,bill
beak,part_holonym,bird
beak,hypernym,tip
beak,hypernym,nose
beak,synonym,nozzle
beak,synonym,snout
flames,synonym,fire
flames,synonym,flame
slice,hypernym,portion
slice,hypernym,part
slice,synonym,piece
slice,synonym,cut
slice,hypernym,swing
slice,hypernym,piece
slice,hyponym,section
slice,hypernym,spatula
pictures,hyponym,graphic
pictures,hyponym,reflection
pictures,hyponym,foil
pictures,synonym,picture
pictures,synonym,image
pictures,synonym,icon
pictures,hyponym,mural
pictures,hyponym,icon
pictures,hyponym,landscape
pictures,synonym,painting
pictures,hypernym,image
pictures,synonym,scene
pictures,hypernym,product
pictures,hypernym,show
pictures,synonym,movie
pictures,part_meronym,scene
pictures,part_meronym,shot
pictures,part_holonym,television
pictures,hyponym,portrait
pictures,hyponym,stereo
pictures,hyponym,shot
pictures,hyponym,scene
pictures,hyponym,frame
pictures,hyponym,print
pictures,synonym,photograph
pictures,synonym,photo
netting,hypernym,net
netting,hypernym,mesh
radish,part_holonym,radish
radish,hypernym,radish
radish,hypernym,root
radish,hyponym,radish
radish,part_meronym,radish
groove,hyponym,track
copyright,hypernym,papers
nest,hypernym,pack
nest,hypernym,ring
nest,hypernym,furniture
footstep,synonym,step
footstep,hypernym,step
sheeps,hyponym,ram
sheeps,synonym,sheep
pot,hypernym,vessel
pot,hyponym,teapot
pot,hyponym,urn
pot,hyponym,kettle
pot,synonym,toilet
pot,synonym,can
pot,synonym,commode
pot,synonym,stool
pot,part_holonym,bathroom
pot,part_holonym,bath
pot,part_holonym,toilet
pot,part_holonym,can
pot,hypernym,container
pot,hyponym,planter
pot,synonym,flock
pot,synonym,lot
pot,synonym,mountain
pot,synonym,pile
pot,synonym,raft
pot,synonym,stack
pot,synonym,kitty
pot,hypernym,belly
pot,synonym,grass
pot,synonym,weed
pot,synonym,smoke
arch,hypernym,curve
arch,hypernym,entrance
arch,hypernym,entryway
arch,hypernym,entry
arch,synonym,archway
arch,part_holonym,wall
arch,hypernym,structure
arch,hypernym,construction
arch,part_meronym,key
arch,part_holonym,bridge
pattern,hypernym,structure
pattern,synonym,shape
pattern,hypernym,decoration
pattern,hypernym,ornament
pattern,hyponym,marking
pattern,hyponym,device
pattern,hyponym,tattoo
pattern,hyponym,decal
pattern,hyponym,emblem
pattern,synonym,design
pattern,synonym,figure
pattern,hypernym,model
pattern,hypernym,path
pattern,hypernym,route
benches,hypernym,seat
benches,hyponym,pew
benches,synonym,bench
benches,synonym,terrace
benches,part_holonym,court
benches,part_holonym,team
8,hypernym,figure
tab,hypernym,bill
tab,hypernym,key
tab,hypernym,strip
tab,synonym,tablet
tractor,hypernym,truck
windshield,hypernym,screen
windshield,synonym,windscreen
windshield,part_holonym,airplane
windshield,part_holonym,aeroplane
windshield,part_holonym,plane
snacks,hypernym,meal
snacks,synonym,bite
snacks,synonym,snack
tool,hyponym,tap
tool,hyponym,comb
tool,hyponym,fork
tool,hyponym,ram
tool,hypernym,way
tool,synonym,instrument
socks,hypernym,hose
socks,synonym,sock
patio,hypernym,area
patio,synonym,terrace
patio,part_holonym,garden
woods,hypernym,vegetation
woods,hyponym,jungle
woods,synonym,forest
woods,synonym,wood
woods,hyponym,olive
woods,hyponym,knot
woods,hyponym,pine
woods,hyponym,log
woods,hyponym,gum
woods,hyponym,bamboo
woods,hyponym,cherry
woods,hypernym,wind
woods,hyponym,spoon
woods,hyponym,driver
information,hypernym,message
information,hyponym,material
information,hyponym,word
information,hyponym,details
information,hyponym,stuff
information,hyponym,grounds
information,hyponym,background
food,hyponym,beverage
food,hyponym,drink
food,hyponym,water
food,hyponym,yolk
food,part_meronym,food
food,hyponym,chocolate
food,hyponym,cheese
food,hyponym,pasta
food,hyponym,meat
food,hyponym,fish
food,hyponym,produce
food,hyponym,yogurt
food,hyponym,butter
food,hyponym,coconut
food,part_holonym,food
growth,hyponym,vegetation
growth,hypernym,vegetation
growth,hypernym,object
walkway,hypernym,path
walkway,hyponym,sidewalk
walkway,hyponym,pavement
walkway,hyponym,boardwalk
walkway,synonym,walk
feet,synonym,foot
feet,part_meronym,heel
feet,part_meronym,toe
feet,part_meronym,sole
feet,part_holonym,leg
feet,part_holonym,man
feet,part_holonym,human
feet,part_holonym,yard
feet,hypernym,bottom
feet,hyponym,paw
feet,hyponym,hoof
feet,hypernym,support
feet,hyponym,bed
feet,synonym,foundation
feet,synonym,base
feet,part_holonym,structure
feet,part_holonym,construction
feet,hypernym,walk
feet,hypernym,meter
cabinet,hypernym,furniture
cabinet,hyponym,dresser
cabinet,part_meronym,shelf
cabinet,hypernym,compartment
cabinet,synonym,console
three,hypernym,figure
three,synonym,3
three,synonym,leash
ocean,hypernym,water
ocean,synonym,sea
panel,hypernym,sheet
panel,hyponym,paneling
panel,hyponym,pane
panel,hyponym,headboard
panel,hyponym,footboard
panel,hyponym,window
panel,hypernym,body
panel,hypernym,pad
panel,part_holonym,umbrella
panel,hypernym,window
panel,hyponym,dashboard
panel,synonym,board
fruits,hyponym,seed
fruits,hyponym,berry
fruits,hyponym,ear
fruits,hyponym,spike
fruits,hyponym,olive
fruits,hyponym,hip
fruits,synonym,fruit
fruits,hypernym,product
courtyard,hypernym,area
courtyard,synonym,court
courtyard,part_holonym,building
cracker,hypernym,bread
fox,hypernym,fur
candlestick,hypernym,holder
cushion,hypernym,muffler
cushion,hypernym,layer
cushion,hypernym,bed
cushion,hypernym,padding
cushion,hyponym,headrest
cushion,hyponym,pillow
toe,part_meronym,toenail
toe,part_holonym,foot
toe,hypernym,covering
toe,part_holonym,hoof
toe,hypernym,part
toe,hypernym,portion
towels,synonym,towel
buckle,part_meronym,prong
hoofs,hypernym,foot
hoofs,synonym,hoof
hoofs,part_meronym,toe
hoofs,part_meronym,hoof
hoofs,part_holonym,hoof
sack,hypernym,bag
sack,synonym,pouch
sack,synonym,pocket
sack,hypernym,jacket
sack,hypernym,bed
sack,hypernym,dress
tails,hyponym,dock
tails,hyponym,flag
tails,hyponym,brush
tails,synonym,tail
tails,part_meronym,dock
tails,hypernym,end
tails,synonym,butt
tails,synonym,backside
tails,synonym,buns
tails,synonym,can
tails,synonym,rear
tails,synonym,rump
tails,synonym,seat
tails,synonym,bottom
tails,synonym,behind
tails,part_holonym,torso
tails,part_holonym,trunk
tails,part_holonym,body
tails,synonym,shadow
tails,part_holonym,coin
tails,hypernym,rear
tails,hypernym,back
tails,part_meronym,stabilizer
tails,part_holonym,fuselage
tails,synonym,poop
tails,part_holonym,ship
cafe,hypernym,restaurant
cage,hypernym,enclosure
cage,hypernym,net
sneaker,hypernym,shoe
sweatpants,hypernym,trouser
sweatpants,hypernym,pant
latch,hypernym,lock
switches,hypernym,control
switches,hypernym,controller
switches,hyponym,button
switches,synonym,switch
switches,hypernym,railroad
switches,hypernym,railway
switches,hyponym,cane
goal,hyponym,design
goal,hyponym,destination
goal,hyponym,object
goal,synonym,end
goal,hypernym,end
goal,hypernym,terminal
goal,synonym,destination
goal,hyponym,net
goal,hyponym,basket
goal,hyponym,hoop
goal,part_meronym,bar
markings,hypernym,symbol
markings,hyponym,spot
markings,hyponym,pin
markings,hyponym,brand
markings,hyponym,watermark
markings,hyponym,label
markings,synonym,marker
markings,synonym,marking
markings,synonym,mark
markings,hypernym,design
markings,hypernym,pattern
markings,hypernym,figure
markings,hyponym,stripe
markings,hyponym,streak
markings,hyponym,bar
markings,hyponym,cross
markings,hyponym,mark
markings,hyponym,patch
markings,hypernym,decoration
n,hypernym,letter
tanker,hypernym,soldier
boat,hypernym,vessel
boat,hyponym,ferry
boat,hyponym,tower
boat,hyponym,cutter
boat,hyponym,packet
boat,hyponym,barge
boat,hyponym,lighter
boat,hypernym,dish
parts,hyponym,item
parts,hyponym,point
parts,hyponym,detail
parts,hyponym,base
parts,hyponym,butt
parts,hyponym,unit
parts,synonym,part
parts,synonym,portion
parts,hypernym,object
parts,hyponym,neck
parts,hyponym,section
parts,hyponym,bulb
parts,hyponym,waist
parts,hyponym,spine
parts,hyponym,seat
parts,hyponym,toe
parts,hyponym,heel
parts,hyponym,limb
parts,hyponym,piece
parts,part_holonym,unit
parts,hypernym,thing
parts,hyponym,corner
parts,hyponym,slice
parts,hyponym,strip
parts,synonym,piece
parts,hyponym,outside
parts,hyponym,distance
parts,hyponym,air
parts,hyponym,side
parts,hyponym,inside
parts,hyponym,interior
parts,hyponym,belt
parts,hyponym,sign
parts,hyponym,house
parts,hyponym,layer
parts,hyponym,bottom
parts,hyponym,top
parts,hyponym,place
parts,hyponym,hat
parts,synonym,office
parts,synonym,character
parts,hyponym,cut
parts,hyponym,way
parts,part_holonym,net
parts,hyponym,frame
parts,hyponym,end
parts,hyponym,round
parts,hyponym,half
parts,hyponym,middle
parts,hyponym,game
parts,synonym,section
parts,hypernym,line
parts,part_holonym,hair
parts,hypernym,air
parts,hyponym,support
skyline,hypernym,outline
skyline,hypernym,line
skyline,synonym,horizon
insignia,hypernym,badge
insignia,hyponym,wings
lanes,hypernym,way
lanes,synonym,lane
lanes,hypernym,path
lanes,hyponym,alley
dugout,hypernym,shelter
dugout,part_holonym,park
dugout,hypernym,canoe
ad,hyponym,bill
ad,hyponym,flyer
ad,hyponym,trailer
ad,synonym,advertisement
ad,synonym,advertising
fringe,hypernym,edge
fringe,hypernym,edging
river,hypernym,stream
river,part_meronym,waterfall
arches,hypernym,curve
arches,synonym,arch
arches,hypernym,entrance
arches,hypernym,entryway
arches,hypernym,entry
arches,synonym,archway
arches,part_holonym,wall
arches,hypernym,structure
arches,hypernym,construction
arches,part_meronym,key
arches,part_holonym,bridge
skies,hyponym,blue
skies,synonym,sky
skies,part_meronym,cloud
skies,part_meronym,rainbow
skies,part_holonym,earth
skies,part_holonym,globe
dough,hyponym,pastry
dough,hypernym,money
dough,synonym,bread
dough,synonym,cabbage
dough,synonym,kale
dough,synonym,lettuce
dough,synonym,scratch
dough,synonym,sugar
duvet,hypernym,quilt
duvet,hypernym,comforter
marquee,hypernym,tent
marquee,synonym,pavilion
marquee,hypernym,canopy
fireplace,hyponym,fire
fireplace,part_meronym,mantel
fireplace,part_meronym,mantle
fireplace,part_holonym,chimney
leaves,hyponym,pad
leaves,hyponym,frond
leaves,hyponym,greenery
leaves,hyponym,pitcher
leaves,hyponym,scale
leaves,hyponym,blade
leaves,synonym,leaf
leaves,synonym,foliage
leaves,hypernym,sheet
leaves,hyponym,page
leaves,hypernym,section
leaves,synonym,leave
strip,hypernym,part
strip,hypernym,piece
strip,hyponym,row
strip,hyponym,ribbon
strip,hyponym,band
strip,hyponym,ring
strip,hyponym,tape
strip,hyponym,tab
strip,hypernym,field
strip,part_meronym,runway
strip,hypernym,cartoon
strip,part_meronym,frame
strip,part_holonym,newspaper
strip,part_holonym,paper
strip,hyponym,cleat
strip,hyponym,toothpick
strip,hyponym,slat
horse,hyponym,pony
horse,hyponym,bay
horse,hyponym,plug
horse,hyponym,poster
flaps,hypernym,surface
flaps,synonym,flap
flaps,part_holonym,wing
flaps,hypernym,covering
flaps,hyponym,tongue
flaps,hyponym,lap
flaps,hypernym,wave
toast,hypernym,bread
toast,hypernym,drink
attire,hypernym,clothing
attire,hyponym,costume
attire,hyponym,outfit
attire,synonym,dress
sky,hyponym,blue
sky,part_meronym,cloud
sky,part_meronym,rainbow
sky,part_holonym,earth
sky,part_holonym,globe
mud,hypernym,soil
mud,hypernym,dirt
mud,synonym,clay
knee,part_holonym,leg
knee,hypernym,joint
notebook,hypernym,book
garland,hyponym,crown
garland,synonym,wreath
hangers,hypernym,worker
hangers,synonym,hanger
hangers,hypernym,support
hangers,hyponym,strap
blueberry,hypernym,shrub
blueberry,hypernym,bush
blueberry,hypernym,berry
paper,hypernym,material
paper,hypernym,stuff
paper,hyponym,card
paper,hyponym,sheet
paper,hyponym,cardboard
paper,hyponym,tissue
paper,hyponym,wallpaper
paper,hyponym,pad
paper,hyponym,tablet
paper,hyponym,newspaper
paper,hyponym,rag
paper,synonym,newspaper
paper,part_meronym,column
paper,part_meronym,strip
paper,hypernym,product
ketchup,hypernym,condiment
scissors,part_meronym,blade
tourists,synonym,tourist
veil,hypernym,garment
shaker,hypernym,person
shaker,hypernym,individual
shaker,hypernym,someone
shaker,hypernym,container
yolk,part_holonym,egg
yolk,part_holonym,eggs
yolk,hypernym,food
stars,hyponym,sun
stars,synonym,star
stars,hypernym,player
stars,hypernym,character
dashboard,part_holonym,vehicle
dashboard,hypernym,board
dashboard,hypernym,panel
whiskers,hyponym,goatee
whiskers,hyponym,stubble
whiskers,synonym,beard
whiskers,part_meronym,mustache
whiskers,part_meronym,moustache
whiskers,part_holonym,face
whiskers,synonym,hair
whiskers,synonym,whisker
whiskers,hypernym,hair
field,hyponym,yard
field,hyponym,grounds
field,hyponym,lawn
field,part_meronym,front
field,hypernym,business
field,hyponym,front
field,hyponym,land
field,hyponym,lap
field,synonym,area
field,synonym,arena
field,hyponym,diamond
field,hyponym,arena
field,hyponym,court
field,part_holonym,stadium
field,part_holonym,bowl
field,part_holonym,arena
field,hypernym,land
field,hypernym,earth
field,hypernym,ground
field,synonym,plain
field,hypernym,set
field,hyponym,airport
field,hyponym,strip
field,part_meronym,runway
field,part_meronym,apron
parsley,hypernym,herb
display,synonym,show
display,hypernym,show
display,hyponym,parade
display,synonym,exhibit
display,hyponym,float
display,hyponym,spectacle
display,hyponym,board
display,hyponym,screen
display,hyponym,window
display,hyponym,monitor
claws,synonym,claw
claws,hyponym,anchor
claws,synonym,hook
busses,synonym,bus
busses,synonym,coach
busses,part_meronym,window
busses,part_meronym,roof
busses,hypernym,conductor
busses,part_holonym,computer
busses,hypernym,car
busses,hypernym,automobile
busses,hypernym,machine
limb,hyponym,leg
limb,hyponym,arm
limb,hyponym,forearm
limb,hyponym,thigh
limb,part_meronym,stump
limb,hypernym,branch
limb,hyponym,stick
limb,part_holonym,tree
limb,hypernym,edge
limb,hypernym,border
limb,hypernym,part
limb,hypernym,portion
limb,part_holonym,bow
limb,synonym,arm
limb,synonym,branch
backpack,hypernym,bag
stomach,hyponym,underbelly
stomach,synonym,belly
stomach,part_holonym,torso
stomach,part_holonym,trunk
stomach,part_holonym,body
daisy,hypernym,flower
fence,hypernym,barrier
fence,hyponym,hedge
fence,hyponym,wall
fence,synonym,fencing
rods,hyponym,kickstand
rods,hyponym,pole
rods,synonym,rod
rods,synonym,perch
rods,synonym,pole
rods,part_meronym,yard
bushes,hyponym,pepper
bushes,hyponym,tea
bushes,hyponym,broom
bushes,hyponym,blueberry
bushes,hyponym,box
bushes,hyponym,rose
bushes,synonym,shrub
bushes,synonym,bush
bushes,hypernym,wild
bushes,hypernym,vegetation
bushes,hypernym,hair
wings,hypernym,way
wings,hypernym,insignia
wings,hyponym,halter
wings,synonym,wing
wings,part_holonym,bird
wings,part_holonym,angel
wings,part_holonym,bat
wings,hypernym,surface
wings,part_meronym,flap
wings,part_meronym,flaps
wings,part_holonym,airplane
wings,part_holonym,aeroplane
wings,part_holonym,plane
wings,hypernym,stage
wings,hypernym,formation
wings,hypernym,place
wings,hypernym,portion
wings,hypernym,barrier
wings,synonym,fender
wings,part_holonym,car
wings,part_holonym,automobile
wings,part_holonym,machine
wings,part_holonym,building
uniforms,hypernym,clothing
uniforms,synonym,uniform
trash,hyponym,debris
trash,hyponym,dust
trash,hyponym,litter
trash,hypernym,garbage
trash,synonym,chalk
trash,synonym,glass
trash,synonym,ice
umpire,hypernym,judge
bangs,hypernym,bump
bangs,synonym,belt
bangs,synonym,fringe
bangs,synonym,boot
ipod,hypernym,stereo
straw,synonym,stalk
straw,synonym,stubble
straw,hypernym,yellow
straw,hypernym,tube
plunger,hypernym,swimmer
rim,hypernym,edge
rim,hypernym,hoop
rim,hypernym,ring
rim,part_holonym,wheel
rim,hyponym,collar
rim,synonym,brim
rim,synonym,lip
rim,part_holonym,vessel
tracks,hypernym,line
tracks,hyponym,round
tracks,hyponym,steps
tracks,hyponym,belt
tracks,hyponym,trail
tracks,synonym,path
tracks,synonym,track
tracks,synonym,course
tracks,hypernym,grounds
tracks,synonym,trail
tracks,hyponym,railroad
tracks,hyponym,railway
tracks,hypernym,course
tracks,synonym,cut
tracks,hypernym,belt
tracks,hypernym,path
tracks,hypernym,route
tracks,hypernym,groove
tracks,hypernym,bar
tracks,synonym,rail
tracks,synonym,rails
tracks,synonym,runway
tracks,part_holonym,railroad
tracks,part_holonym,railway
tracks,hypernym,road
snowflake,part_holonym,snow
frisbee,hypernym,disk
frisbee,hypernym,disc
frisbee,hypernym,toy
stairs,hypernym,stairway
stairs,hypernym,staircase
stairs,hyponym,ladder
stairs,synonym,steps
stairs,hypernym,support
stairs,synonym,step
stairs,synonym,stair
stairs,part_holonym,stairway
stairs,part_holonym,staircase
end,hyponym,tip
end,hyponym,pole
end,hyponym,point
end,hyponym,heel
end,hyponym,destination
end,hyponym,goal
end,synonym,terminal
end,hypernym,point
end,hyponym,tail
end,hyponym,design
end,hyponym,object
end,synonym,goal
end,hypernym,part
end,hypernym,section
end,hypernym,surface
end,hypernym,place
end,hypernym,spot
end,part_holonym,address
end,part_holonym,yarn
prongs,hyponym,tine
prongs,synonym,prong
prongs,part_holonym,buckle
prongs,part_holonym,fork
parasol,hypernym,shade
apron,part_meronym,bib
apron,hypernym,stage
apron,part_holonym,field
animal,hyponym,adult
animal,hyponym,male
animal,hyponym,game
animal,hyponym,feeder
animal,hyponym,female
animal,hyponym,racer
animal,part_meronym,face
animal,part_meronym,head
bleachers,hypernym,stand
bleachers,hypernym,worker
bleachers,synonym,bleacher
subway,hypernym,railway
subway,hypernym,railroad
subway,synonym,tube
subway,hypernym,tunnel
carpet,hyponym,runner
carpet,synonym,rug
carpet,synonym,carpeting
carpet,part_meronym,edging
circle,hypernym,oval
circle,hyponym,pack
circle,hyponym,company
circle,synonym,set
circle,synonym,band
circle,synonym,lot
circle,hypernym,shape
circle,synonym,lap
circle,part_holonym,road
circle,part_holonym,route
circle,synonym,rope
circle,hypernym,seating
circle,hypernym,seats
circle,part_holonym,house
circle,hyponym,disk
circle,hyponym,disc
circle,synonym,round
backdrop,hypernym,scene
backdrop,synonym,background
blazer,hypernym,jacket
monitors,synonym,monitor
monitors,hypernym,display
monitors,part_holonym,computer
monitors,part_holonym,television
mountain,part_meronym,mountainside
mountain,synonym,flock
mountain,synonym,lot
mountain,synonym,pile
mountain,synonym,pot
mountain,synonym,raft
mountain,synonym,stack
seal,hypernym,device
seal,synonym,stamp
seal,hypernym,fur
seal,hypernym,stamp
seal,hypernym,coat
seal,hyponym,washer
spectators,synonym,spectator
spectators,hypernym,pump
ox,hypernym,cattle
ox,hypernym,cows
lid,part_meronym,eyelash
lid,part_holonym,eye
lid,hypernym,top
lid,hypernym,cover
lid,part_meronym,lock
lid,part_holonym,chest
lid,part_holonym,box
lid,part_holonym,jar
lid,hyponym,fedora
lid,hyponym,bonnet
lid,synonym,hat
lid,part_meronym,brim
lid,part_meronym,crown
reflection,synonym,expression
reflection,hypernym,picture
reflection,hypernym,image
reflection,hypernym,icon
chili,hypernym,dish
chili,hyponym,jalapeno
chili,part_holonym,jalapeno
entry,hypernym,message
entry,hyponym,opening
entry,hyponym,arch
entry,hyponym,archway
entry,hyponym,doorway
entry,hyponym,door
entry,synonym,entrance
entry,synonym,entryway
padding,hyponym,cushion
padding,hyponym,pad
elbow,part_holonym,arm
elbow,hypernym,curve
elbow,hypernym,pipe
elbow,hypernym,piping
elbow,part_holonym,sleeve
elbow,hypernym,joint
elbow,part_holonym,foreleg
bike,hyponym,motorbike
bike,synonym,motorcycle
bike,part_meronym,kickstand
bike,synonym,bicycle
bike,synonym,wheel
bike,synonym,cycle
bike,part_meronym,chain
bike,part_meronym,handlebar
bike,part_meronym,saddle
bike,part_meronym,pedal
plane,hyponym,jet
plane,hyponym,airliner
plane,synonym,airplane
plane,synonym,aeroplane
plane,part_meronym,fuselage
plane,part_meronym,windshield
plane,part_meronym,windscreen
plane,part_meronym,gun
plane,part_meronym,wing
plane,part_meronym,hood
plane,part_meronym,bonnet
plane,hypernym,shape
plane,synonym,sheet
plane,hypernym,level
plane,hypernym,stage
plane,hypernym,point
pedestrians,hyponym,stroller
pedestrians,synonym,pedestrian
passenger,synonym,rider
lapel,hypernym,lap
rock,hyponym,sill
rock,hyponym,pebble
rock,hyponym,boulder
rock,synonym,stone
rock,hypernym,material
rock,hypernym,stuff
rock,hyponym,gravel
rock,hyponym,marble
rock,hypernym,candy
rock,hypernym,pitch
pit,hypernym,hole
pit,synonym,stone
pit,hypernym,enclosure
pit,hyponym,cockpit
pit,hypernym,area
pit,part_holonym,house
strap,part_holonym,baggage
strap,part_holonym,luggage
strap,hypernym,hanger
strap,hypernym,band
strap,part_holonym,teddy
strap,part_holonym,brace
strap,part_holonym,bra
shape,hyponym,curve
shape,hyponym,circle
shape,hyponym,square
shape,hyponym,plane
shape,hyponym,sheet
shape,hyponym,triangle
shape,hyponym,link
shape,hyponym,column
shape,hyponym,tower
shape,hyponym,pillar
shape,hyponym,line
shape,hyponym,figure
shape,hypernym,body
shape,hyponym,person
shape,synonym,figure
shape,synonym,frame
shape,part_holonym,person
shape,part_holonym,individual
shape,part_holonym,someone
shape,part_holonym,man
shape,part_holonym,human
shape,hypernym,structure
shape,synonym,pattern
racer,hypernym,driver
racer,hypernym,car
racer,hypernym,automobile
racer,hypernym,machine
racer,part_meronym,cockpit
racer,hypernym,animal
office,hyponym,place
office,hyponym,hat
office,synonym,part
office,hypernym,business
office,hypernym,line
office,hyponym,chair
office,synonym,post
office,synonym,spot
office,synonym,place
stick,hyponym,spindle
stick,hyponym,bow
stick,hypernym,limb
stick,hypernym,lever
stick,hypernym,butter
stick,hypernym,leg
stick,synonym,pin
stick,hypernym,cigarette
stick,hypernym,butt
stick,synonym,joint
gun,hypernym,arm
gun,hyponym,piece
gun,part_meronym,clip
gun,part_meronym,magazine
gun,part_meronym,barrel
gun,part_meronym,muzzle
gun,part_holonym,battery
gun,hypernym,shot
gun,hypernym,pump
gun,hypernym,pedal
gun,part_holonym,airplane
gun,part_holonym,aeroplane
gun,part_holonym,plane
gun,part_holonym,car
gun,part_holonym,automobile
gun,part_holonym,machine
blood,hyponym,family
blood,hyponym,side
blood,synonym,line
blood,hypernym,people
dogs,hyponym,toy
dogs,hyponym,puppy
dogs,synonym,dog
dogs,part_meronym,flag
dogs,synonym,heel
dogs,hypernym,sausage
dogs,synonym,hotdog
dogs,part_holonym,hotdog
dogs,hypernym,stop
dogs,hypernym,support
hydrant,hypernym,faucet
hydrant,synonym,tap
hydrant,hyponym,plug
divider,hypernym,person
divider,hypernym,individual
divider,hypernym,someone
divider,hypernym,structure
divider,hypernym,construction
divider,hyponym,wall
divider,hyponym,screen
divider,synonym,partition
jug,hypernym,bottle
fold,synonym,crease
fold,hyponym,flock
fold,synonym,flock
fold,hypernym,structure
fold,hypernym,pen
zipper,part_holonym,trouser
zipper,part_holonym,pant
zipper,part_holonym,cardigan
zipper,part_holonym,dress
zipper,part_holonym,skirt
trains,synonym,train
trains,synonym,string
trains,part_holonym,gown
trains,synonym,gear
trains,part_holonym,engine
father,hypernym,root
father,hypernym,title
father,hypernym,head
hills,hyponym,mound
hills,synonym,hill
hills,part_meronym,hillside
hills,hypernym,structure
hills,hypernym,construction
hills,synonym,mound
hills,part_holonym,diamond
hills,part_holonym,infield
corn,hypernym,cereal
corn,part_meronym,ear
corn,part_meronym,spike
corn,part_meronym,corn
corn,hypernym,grain
corn,part_holonym,corn
wrapper,hypernym,covering
wrapper,hyponym,jacket
wrapper,hyponym,envelope
wrapper,synonym,wrap
jelly,hypernym,treat
heads,synonym,head
heads,part_meronym,skull
heads,part_meronym,face
heads,part_meronym,ear
heads,part_meronym,muzzle
heads,part_holonym,body
heads,part_holonym,animal
heads,hyponym,father
heads,hypernym,formation
heads,hypernym,top
heads,hypernym,root
heads,hypernym,word
heads,hypernym,point
heads,hypernym,tip
heads,hypernym,peak
heads,hypernym,individual
heads,hyponym,point
heads,hypernym,object
heads,hypernym,foam
heads,hypernym,front
heads,synonym,forefront
heads,hypernym,mark
heads,synonym,point
heads,part_holonym,arrow
heads,hypernym,line
heads,hyponym,title
heads,hypernym,structure
heads,part_holonym,coin
heads,part_holonym,ram
heads,part_holonym,hammer
heads,hypernym,toilet
heads,hypernym,can
heads,hypernym,bathroom
heads,part_holonym,pin
heads,part_holonym,bolt
heads,part_holonym,screw
heads,part_holonym,nail
heads,part_holonym,drum
sail,synonym,canvas
sail,synonym,sheet
sail,hypernym,structure
sail,hypernym,construction
facade,hypernym,front
pad,hypernym,paper
pad,hyponym,notepad
pad,synonym,tablet
pad,hypernym,leaf
pad,hypernym,foliage
pad,hypernym,block
pad,hypernym,padding
pad,hyponym,mattress
pad,hyponym,panel
pad,hyponym,mat
pad,hypernym,platform
pad,hypernym,structure
pad,part_holonym,paw
pad,part_holonym,finger
gauge,hypernym,distance
jeep,hypernym,car
jeep,hypernym,automobile
jeep,hypernym,machine
dip,hypernym,condiment
dip,synonym,drop
dip,hypernym,candle
r,hypernym,letter
spoons,hypernym,container
spoons,synonym,spoon
spoons,hypernym,wood
shakers,hypernym,person
shakers,hypernym,individual
shakers,hypernym,someone
shakers,synonym,shaker
shakers,hypernym,container
tarmac,hypernym,pavement
scoreboard,hypernym,signboard
scoreboard,hypernym,sign
scoreboard,hypernym,board
x,synonym,10
x,hypernym,letter
barrels,hypernym,tube
barrels,synonym,barrel
barrels,part_holonym,gun
barrels,hypernym,vessel
barrels,hyponym,butt
barrels,part_meronym,hoop
barrels,part_meronym,ring
barrels,part_meronym,tap
barrels,hypernym,cylinder
barrels,synonym,drum
boy,hypernym,male
boy,hyponym,cub
boy,hypernym,man
boy,synonym,son
hedge,hypernym,fence
hedge,hypernym,fencing
shrimp,part_holonym,shrimp
shrimp,part_meronym,shrimp
manhole,hypernym,hole
trail,hypernym,path
trail,hypernym,track
trail,hypernym,course
trail,hyponym,slot
trail,hypernym,grounds
trail,synonym,track
eyebrow,hypernym,hair
eyebrow,part_holonym,face
hearts,synonym,heart
hearts,synonym,pump
hearts,part_meronym,valve
hearts,hypernym,area
hearts,hyponym,seat
hearts,synonym,center
hearts,synonym,middle
hearts,synonym,eye
hearts,hyponym,stuff
hearts,synonym,meat
hotdog,hypernym,sandwich
hotdog,part_meronym,hotdog
hotdog,part_meronym,dog
hotdog,hypernym,sausage
hotdog,synonym,dog
hotdog,part_holonym,hotdog
donuts,synonym,doughnut
donuts,synonym,donut
scooter,hypernym,vessel
fruit,hyponym,seed
fruit,hyponym,berry
fruit,hyponym,ear
fruit,hyponym,spike
fruit,hyponym,olive
fruit,hyponym,hip
fruit,hypernym,product
card,hypernym,paper
card,hypernym,cardboard
card,hypernym,sign
card,synonym,poster
card,synonym,placard
card,synonym,bill
card,hypernym,book
card,hypernym,bill
card,synonym,menu
card,hypernym,roll
card,synonym,board
inside,hypernym,part
inside,synonym,interior
inside,hypernym,surface
inside,hyponym,belly
tooth,hypernym,bone
tooth,hyponym,tusk
tooth,part_meronym,stump
tooth,part_meronym,crown
tooth,part_meronym,root
tooth,part_holonym,comb
tooth,hypernym,structure
tooth,hypernym,way
tooth,part_holonym,gear
limes,synonym,lime
limes,part_meronym,lime
limes,hypernym,tree
limes,part_holonym,lime
burners,synonym,burner
piano,part_meronym,keyboard
relish,hypernym,condiment
relish,hyponym,olive
relish,hyponym,pickle
relish,hyponym,lemon
grapefruit,part_meronym,grapefruit
grapefruit,part_holonym,grapefruit
silo,hypernym,tower
stop,hyponym,stand
stop,hypernym,place
stop,hypernym,spot
stop,synonym,point
stop,hypernym,knob
stop,part_holonym,camera
stop,hyponym,dog
stop,hyponym,plug
stop,hyponym,stopper
stop,synonym,block
peaches,synonym,peach
peaches,part_meronym,peach
peaches,hypernym,woman
peaches,synonym,dish
peaches,part_holonym,peach
peaches,hypernym,pink
island,hypernym,land
island,hypernym,earth
island,hypernym,ground
railroad,hypernym,line
railroad,hyponym,rail
railroad,hyponym,tube
railroad,hyponym,subway
railroad,synonym,railway
railroad,hypernym,track
railroad,hyponym,switch
railroad,hyponym,siding
railroad,part_meronym,tie
railroad,part_meronym,track
railroad,part_meronym,rail
railroad,part_meronym,rails
railroad,part_meronym,runway
railroad,part_holonym,line
locomotive,synonym,engine
locomotive,part_meronym,fender
locomotive,part_meronym,pilot
tram,hypernym,wagon
tram,synonym,trolley
bat,part_meronym,wing
bat,hypernym,racket
bat,hypernym,racquet
bat,part_meronym,handle
bat,part_meronym,grip
bat,hyponym,paddle
bulbs,hypernym,stalk
bulbs,hypernym,stem
bulbs,hyponym,onion
bulbs,synonym,bulb
bulbs,synonym,lightbulb
bulbs,hypernym,part
bulbs,hypernym,portion
bulbs,hypernym,structure
fingers,hyponym,thumb
fingers,hyponym,pinky
fingers,synonym,finger
fingers,part_meronym,knuckle
fingers,part_meronym,pad
fingers,part_meronym,fingernail
fingers,part_holonym,hand
fingers,part_holonym,mitt
fingers,part_holonym,paw
fingers,hypernym,covering
fingers,part_holonym,glove
brake,hypernym,fern
brake,hypernym,brush
toppings,hypernym,garnish
toppings,hyponym,frosting
toppings,hyponym,icing
toppings,hyponym,ice
toppings,hyponym,glaze
toppings,synonym,topping
toppings,part_holonym,dish
rectangle,hyponym,square
rectangle,hyponym,box
fern,hyponym,brake
horses,hyponym,pony
horses,hyponym,bay
horses,hyponym,plug
horses,hyponym,poster
horses,synonym,horse
shack,hypernym,shelter
shack,synonym,hut
bin,hypernym,container
bin,hyponym,crib
bin,hypernym,number
peel,hyponym,jacket
peel,synonym,skin
route,hypernym,line
route,hyponym,track
route,hyponym,pattern
route,hyponym,way
route,hyponym,round
route,synonym,path
route,hypernym,way
route,hyponym,line
route,hyponym,roadway
route,hyponym,highway
route,hyponym,driveway
route,synonym,road
route,part_meronym,curve
route,part_meronym,shoulder
route,part_meronym,intersection
route,part_meronym,crossing
route,part_meronym,circle
route,part_meronym,crown
route,part_meronym,crest
graffiti,hypernym,decoration
graffiti,hypernym,ornament
toenail,hypernym,nail
toenail,part_holonym,toe
meter,synonym,m
meter,hyponym,speedometer
meter,hyponym,foot
meter,synonym,time
dryer,hypernym,appliance
bead,hypernym,jewelry
bead,synonym,drop
bead,hypernym,molding
bead,hypernym,moulding
nose,hyponym,snout
nose,hyponym,beak
nose,hyponym,nozzle
nose,part_meronym,bridge
nose,part_meronym,nostril
nose,part_holonym,face
nose,hypernym,front
nose,part_holonym,missile
nose,part_holonym,aircraft
nose,hypernym,symbol
nose,hypernym,spout
nose,synonym,nozzle
sedan,hypernym,car
sedan,hypernym,automobile
sedan,hypernym,machine
sedan,hypernym,litter
wallet,hypernym,case
wallet,synonym,pocketbook
tee,hypernym,support
seed,hypernym,fruit
seed,hyponym,bean
seed,hyponym,grain
seed,hyponym,nut
seed,hyponym,coffee
seed,part_meronym,meat
seed,hypernym,player
sugar,hypernym,money
sugar,synonym,bread
sugar,synonym,cabbage
sugar,synonym,dough
sugar,synonym,kale
sugar,synonym,lettuce
sugar,synonym,scratch
poster,hypernym,sign
poster,synonym,placard
poster,synonym,bill
poster,synonym,card
poster,hypernym,worker
poster,hypernym,horse
background,hypernym,view
background,hypernym,scene
background,synonym,ground
background,hypernym,information
background,hyponym,canvas
background,hypernym,screen
background,synonym,desktop
background,synonym,backdrop
shelf,hypernym,support
shelf,hyponym,bookshelf
shelf,hyponym,mantel
shelf,hyponym,mantle
shelf,part_holonym,closet
shelf,part_holonym,market
shelf,part_holonym,bookcase
shelf,part_holonym,cabinet
shelf,part_holonym,counter
shelf,part_holonym,chest
shelf,part_holonym,dresser
shelf,hypernym,ridge
shelf,synonym,ledge
vanity,hypernym,table
vanity,synonym,dresser
pumpkin,hypernym,squash
pumpkin,part_meronym,pumpkin
pumpkin,hypernym,vegetable
pumpkin,hypernym,veggie
pumpkin,part_holonym,pumpkin
shrubbery,hypernym,area
shrubbery,hypernym,vegetation
cabin,hypernym,compartment
cabin,part_holonym,liner
cabin,hypernym,house
cabin,part_holonym,aircraft
rocks,hyponym,sill
rocks,hyponym,pebble
rocks,hyponym,boulder
rocks,synonym,rock
rocks,synonym,stone
rocks,hypernym,material
rocks,hypernym,stuff
rocks,hyponym,gravel
rocks,hyponym,marble
rocks,hypernym,candy
rocks,hypernym,pitch
bib,part_holonym,apron
bib,hypernym,napkin
supports,synonym,support
supports,hyponym,anchor
supports,hyponym,foundation
supports,hyponym,base
supports,hyponym,foot
supports,hyponym,pedestal
supports,hyponym,hanging
supports,hypernym,part
supports,hypernym,device
supports,hyponym,shelf
supports,hyponym,hanger
supports,hyponym,bar
supports,hyponym,stirrup
supports,hyponym,harness
supports,hyponym,pier
supports,hyponym,step
supports,hyponym,stair
supports,hyponym,seat
supports,hyponym,perch
supports,hyponym,backboard
supports,hyponym,stand
supports,hyponym,dog
supports,hyponym,tee
supports,hyponym,bridge
supports,hyponym,back
supports,hyponym,backrest
supports,hyponym,leg
supports,hyponym,brace
supports,hyponym,rack
supports,hyponym,bracket
supports,hyponym,spoke
pile,hyponym,stack
pile,synonym,mound
pile,synonym,flock
pile,synonym,lot
pile,synonym,mountain
pile,synonym,pot
pile,synonym,raft
pile,synonym,stack
pile,hypernym,money
pile,synonym,bundle
pile,hypernym,hair
pile,synonym,down
pile,hypernym,battery
pile,hypernym,column
pile,hypernym,pillar
pile,hypernym,thread
pile,hypernym,yarn
objects,hyponym,head
objects,hyponym,unit
objects,hyponym,ice
objects,hyponym,stuff
objects,hyponym,part
objects,hyponym,portion
objects,hyponym,moon
objects,hyponym,wall
objects,hyponym,ribbon
objects,hyponym,thread
objects,hyponym,land
objects,hyponym,earth
objects,hyponym,ground
objects,hyponym,formation
objects,hyponym,vehicle
objects,hyponym,lot
objects,hyponym,growth
objects,hyponym,soil
objects,synonym,object
objects,hypernym,goal
objects,hypernym,end
objects,hyponym,thing
objects,hyponym,business
objects,hyponym,point
objects,hyponym,center
blankets,hypernym,bedding
blankets,synonym,blanket
blankets,synonym,cover
blankets,hypernym,covering
blankets,hypernym,cover
blankets,synonym,mantle
blankets,hypernym,layer
blankets,hypernym,bed
swan,hyponym,pen
fedora,hypernym,hat
fedora,hypernym,lid
drawer,hypernym,container
drawer,part_meronym,lock
drawer,part_holonym,counter
drawer,part_holonym,desk
drawer,part_holonym,commode
drawer,part_holonym,chest
drawer,part_holonym,dresser
spread,synonym,gap
spread,hypernym,farm
spread,hypernym,condiment
spread,hypernym,meal
spread,hypernym,page
spread,hypernym,bedding
spread,synonym,bedspread
pylon,hypernym,tower
eyeglasses,hyponym,goggles
eyeglasses,hyponym,sunglasses
eyeglasses,hyponym,shades
eyeglasses,synonym,spectacles
eyeglasses,synonym,glasses
eyeglasses,part_meronym,bridge
eyeglasses,part_holonym,frame
eyeglasses,hypernym,lens
rack,hyponym,carrier
rack,hypernym,cut
rack,synonym,wheel
rack,hypernym,support
rack,hyponym,tripod
rack,synonym,stand
blade,hypernym,leaf
blade,hypernym,foliage
blade,hypernym,ribbon
blade,hypernym,thread
blade,hypernym,arm
blade,synonym,sword
blade,synonym,brand
blade,synonym,steel
blade,part_meronym,point
blade,part_meronym,tip
blade,part_meronym,peak
blade,part_meronym,blade
blade,hypernym,structure
blade,hyponym,vane
blade,hypernym,runner
blade,hyponym,paddle
blade,synonym,vane
blade,part_holonym,propeller
blade,part_holonym,propellor
blade,part_holonym,helicopter
blade,part_holonym,turbine
blade,part_holonym,oar
blade,part_holonym,windmill
blade,part_holonym,sword
blade,part_holonym,blade
blade,part_holonym,brand
blade,part_holonym,steel
blade,part_holonym,spatula
blade,part_holonym,scissors
blade,part_holonym,knife
seating,hypernym,room
seating,hypernym,way
seating,hyponym,circle
seating,hyponym,stall
seating,synonym,seats
dishes,hypernym,container
dishes,hyponym,bowl
dishes,hyponym,boat
dishes,synonym,dish
dishes,hyponym,sushi
dishes,hyponym,mold
dishes,hyponym,meatball
dishes,hyponym,soup
dishes,hyponym,pasta
dishes,hyponym,salad
dishes,hyponym,cake
dishes,hyponym,chili
dishes,hyponym,pizza
dishes,part_meronym,topping
dishes,part_meronym,sauce
dishes,part_holonym,meal
dishes,hypernym,woman
dishes,synonym,peach
dishes,synonym,saucer
dishes,synonym,bag
cub,hypernym,boy
mitt,hyponym,right
mitt,hyponym,hooks
mitt,hyponym,fist
mitt,hyponym,left
mitt,synonym,hand
mitt,synonym,paw
mitt,part_meronym,finger
mitt,part_meronym,palm
mitt,part_meronym,ball
mitt,part_holonym,arm
mitt,part_holonym,man
mitt,part_holonym,human
mitt,synonym,glove
skyscrapers,hypernym,building
skyscrapers,synonym,skyscraper
pines,synonym,pine
pines,hypernym,wood
radishes,synonym,radish
radishes,part_holonym,radish
radishes,hypernym,radish
radishes,hypernym,root
radishes,hyponym,radish
radishes,part_meronym,radish
butter,hypernym,food
butter,hyponym,stick
needle,part_meronym,point
needle,part_meronym,eye
flag,hypernym,emblem
flag,hyponym,colors
flag,hyponym,banner
flag,hyponym,streamer
flag,synonym,pin
flag,hypernym,tail
flag,part_holonym,deer
flag,part_holonym,dog
peppers,synonym,pepper
peppers,part_meronym,pepper
peppers,hypernym,shrub
peppers,hypernym,bush
peppers,hyponym,jalapeno
peppers,hypernym,seasoning
peppers,part_holonym,pepper
drawers,synonym,shorts
drawers,synonym,pants
drawers,hypernym,container
drawers,synonym,drawer
drawers,part_meronym,lock
drawers,part_holonym,counter
drawers,part_holonym,desk
drawers,part_holonym,commode
drawers,part_holonym,chest
drawers,part_holonym,dresser
smokestack,hypernym,chimney
smokestack,synonym,stack
hoof,hypernym,foot
hoof,part_meronym,toe
hoof,part_meronym,hoof
hoof,part_holonym,hoof
train,synonym,string
train,part_holonym,gown
train,synonym,gear
train,part_holonym,engine
bank,hypernym,slope
bank,hypernym,side
bank,hyponym,riverbank
bank,hypernym,ridge
bank,hypernym,container
cape,hypernym,land
cape,hypernym,earth
cape,hypernym,ground
cape,hyponym,tongue
cape,synonym,mantle
bench,hypernym,seat
bench,hyponym,pew
bench,synonym,terrace
bench,part_holonym,court
bench,part_holonym,team
lamps,hyponym,taillight
lamps,hyponym,candle
lamps,hyponym,lantern
lamps,hyponym,spotlight
lamps,hyponym,spot
lamps,hyponym,streetlight
lamps,synonym,lamp
lamps,hypernym,furniture
lamps,part_meronym,base
lamps,part_meronym,lampshade
snout,hypernym,nose
snout,hyponym,trunk
snout,part_holonym,muzzle
snout,synonym,beak
snout,synonym,nozzle
short,part_holonym,diamond
short,part_holonym,infield
bolts,synonym,bolt
bolts,hypernym,bar
bolts,part_holonym,lock
bolts,synonym,dash
bolts,hypernym,roll
bolts,hypernym,screw
bolts,part_meronym,head
dots,hypernym,disk
dots,hypernym,disc
dots,hypernym,saucer
dots,synonym,point
dots,synonym,dot
dots,synonym,pane
gravy,hypernym,sauce
gravy,hypernym,juice
wrinkles,synonym,wrinkle
wrinkles,synonym,crease
wrinkles,synonym,seam
wrinkles,synonym,line
wrinkles,part_holonym,skin
sweatband,hypernym,band
holder,hyponym,keyboard
holder,hyponym,pin
holder,hyponym,candlestick
holder,hyponym,officer
stool,hypernym,seat
stool,hyponym,ottoman
stool,hyponym,dirt
stool,hyponym,poop
stool,hypernym,stump
stool,synonym,toilet
stool,synonym,can
stool,synonym,commode
stool,synonym,pot
stool,part_holonym,bathroom
stool,part_holonym,bath
stool,part_holonym,toilet
stool,part_holonym,can
ornament,hyponym,molding
ornament,hyponym,moulding
ornament,hyponym,decor
ornament,hyponym,fin
ornament,hyponym,garnish
ornament,hyponym,graffiti
ornament,hyponym,hanging
ornament,hyponym,bow
ornament,hyponym,stud
ornament,hyponym,rivet
ornament,hyponym,design
ornament,hyponym,pattern
ornament,hyponym,figure
ornament,hyponym,knob
ornament,synonym,decoration
spaghetti,hypernym,pasta
cord,hypernym,line
cord,hyponym,string
cord,hyponym,lace
cord,hyponym,thread
cord,hyponym,yarn
cord,hyponym,piping
cord,hyponym,tie
cord,hyponym,lanyard
cord,hypernym,conductor
cord,hypernym,fabric
cord,hypernym,cloth
cord,hypernym,material
slippers,synonym,slipper
slippers,hypernym,person
slippers,hypernym,individual
slippers,hypernym,someone
slippers,hyponym,snowboarder
string,hypernym,cord
string,synonym,train
string,hypernym,tie
string,hyponym,beads
string,hypernym,necklace
string,synonym,chain
chin,part_meronym,goatee
chin,part_holonym,face
sideline,hypernym,line
meal,hyponym,lunch
meal,hyponym,tea
meal,hyponym,bite
meal,hyponym,snack
meal,hyponym,spread
meal,hyponym,breakfast
meal,hyponym,dinner
meal,part_meronym,course
meal,part_meronym,portion
meal,part_meronym,sandwich
meal,part_meronym,dish
pocket,hypernym,pouch
pocket,part_holonym,garment
pocket,synonym,pouch
pocket,synonym,sack
pocket,hypernym,space
pocket,hypernym,people
pocket,hypernym,opening
pocket,hypernym,gap
outlet,hyponym,shop
outlet,hyponym,store
outlet,hyponym,plaza
outlet,hyponym,center
outlet,hyponym,market
outlet,part_meronym,product
outlet,hypernym,receptacle
outlet,hyponym,point
outlet,hypernym,opening
outlet,synonym,exit
outlet,synonym,vent
buds,hypernym,flower
buds,hypernym,bloom
buds,synonym,bud
dress,hyponym,jumper
dress,hyponym,gown
dress,hyponym,sack
dress,part_meronym,zipper
dress,hypernym,clothing
dress,hyponym,costume
dress,hyponym,outfit
dress,synonym,attire
dress,synonym,clothes
toenails,hypernym,nail
toenails,synonym,toenail
toenails,part_holonym,toe
contrail,hypernym,cloud
masts,synonym,mast
masts,hypernym,nut
masts,hypernym,pole
detail,synonym,item
detail,synonym,point
detail,hypernym,part
detail,hypernym,portion
toothbrush,hypernym,brush
toothbrush,hypernym,mustache
toothbrush,hypernym,moustache
bean,part_holonym,bean
bean,hypernym,seed
bean,part_meronym,bean
bean,synonym,noodle
bean,synonym,dome
washer,hypernym,worker
washer,hypernym,seal
tines,hypernym,prong
tines,synonym,tine
tines,part_holonym,fork
floret,hypernym,flower
floret,hypernym,bloom
pant,hypernym,garment
pant,hyponym,white
pant,hyponym,slacks
pant,hyponym,sweatpants
pant,hyponym,cords
pant,hyponym,jean
pant,hyponym,shorts
pant,hyponym,trunks
pant,synonym,trouser
pant,part_meronym,zipper
pant,part_meronym,trouser
pant,part_meronym,lap
pant,part_meronym,leg
pant,part_meronym,seat
posters,hypernym,sign
posters,synonym,poster
posters,synonym,placard
posters,synonym,bill
posters,synonym,card
posters,hypernym,worker
posters,hypernym,horse
jackets,hypernym,coat
jackets,hyponym,sack
jackets,hyponym,jumper
jackets,hyponym,parka
jackets,hyponym,blazer
jackets,synonym,jacket
jackets,hypernym,wrap
jackets,hypernym,wrapper
jackets,synonym,crown
jackets,synonym,cap
jackets,hypernym,peel
jackets,hypernym,skin
jackets,part_holonym,potato
jackets,hypernym,shell
jackets,hypernym,case
enclosure,hypernym,area
enclosure,hyponym,lock
enclosure,hyponym,pen
enclosure,hyponym,cage
enclosure,hyponym,yard
enclosure,hyponym,pit
enclosure,hyponym,dock
enclosure,hypernym,space
enclosure,hypernym,papers
cereal,hypernym,grass
cereal,hyponym,corn
cereal,hyponym,grain
cereal,hyponym,rice
cereal,synonym,grain
building,hypernym,structure
building,hypernym,construction
building,hyponym,skyscraper
building,hyponym,hotel
building,hyponym,hall
building,hyponym,gazebo
building,hyponym,rink
building,hyponym,house
building,hyponym,restaurant
building,hyponym,center
building,part_meronym,floor
building,part_meronym,level
building,part_meronym,skeleton
building,part_meronym,frame
building,part_meronym,stairway
building,part_meronym,staircase
building,part_meronym,wall
building,part_meronym,window
building,part_meronym,court
building,part_meronym,courtyard
building,part_meronym,room
building,part_meronym,corner
building,part_meronym,lift
building,part_meronym,wing
building,part_meronym,hall
building,part_meronym,roof
building,part_meronym,stud
building,synonym,construction
building,hypernym,business
building,part_meronym,painting
building,part_meronym,plumbing
building,part_meronym,roofing
coffee,hypernym,beverage
coffee,hypernym,drink
coffee,hypernym,tree
coffee,part_meronym,coffee
coffee,hypernym,seed
coffee,part_holonym,coffee
coffee,hypernym,brown
coffee,synonym,chocolate
boats,hypernym,vessel
boats,hyponym,ferry
boats,hyponym,tower
boats,hyponym,cutter
boats,hyponym,packet
boats,hyponym,barge
boats,hyponym,lighter
boats,synonym,boat
boats,hypernym,dish
breakfast,hypernym,meal
buns,synonym,butt
buns,synonym,backside
buns,synonym,can
buns,synonym,rear
buns,synonym,rump
buns,synonym,seat
buns,synonym,tail
buns,synonym,bottom
buns,synonym,behind
buns,part_holonym,torso
buns,part_holonym,trunk
buns,part_holonym,body
buns,hypernym,bread
buns,hyponym,croissant
buns,hyponym,bagel
buns,synonym,bun
buns,synonym,roll
date,hypernym,day
date,hypernym,point
date,hypernym,present
fireman,hypernym,pitcher
flight,hypernym,formation
flight,hypernym,air
flight,hypernym,stairway
flight,hypernym,staircase
flight,hypernym,flock
boot,part_meronym,tongue
boot,part_meronym,counter
boot,part_meronym,heel
boot,part_meronym,collar
boot,hypernym,trunk
boot,hypernym,shell
boot,hypernym,case
motorcycles,hyponym,motorbike
motorcycles,synonym,motorcycle
motorcycles,synonym,bike
motorcycles,part_meronym,kickstand
dude,hypernym,man
dude,hyponym,macaroni
ear,part_holonym,head
ear,hypernym,fruit
ear,synonym,spike
ear,part_holonym,corn
tusk,hypernym,tooth
tusk,part_holonym,elephant
pillars,synonym,pillar
pillars,hypernym,shape
pillars,synonym,column
pillars,synonym,tower
pillars,hypernym,friend
pillars,hypernym,structure
pillars,hypernym,construction
pillars,hyponym,pile
pillars,part_meronym,pedestal
pillars,part_meronym,cap
tops,hypernym,part
tops,hyponym,crown
tops,hyponym,cap
tops,hyponym,head
tops,synonym,top
tops,hypernym,side
tops,hypernym,face
tops,hyponym,rooftop
tops,hyponym,crest
tops,hyponym,desktop
tops,hypernym,place
tops,hypernym,spot
tops,hyponym,hilltop
tops,synonym,peak
tops,synonym,crown
tops,synonym,crest
tops,synonym,tip
tops,hypernym,round
tops,part_holonym,frame
tops,hypernym,level
tops,hypernym,stage
tops,hypernym,point
tops,hypernym,platform
tops,part_holonym,ship
tops,hypernym,toy
tops,hypernym,covering
tops,hyponym,lid
tops,synonym,cover
tops,hyponym,halter
tops,hyponym,blouse
tops,hypernym,canvas
caps,synonym,cap
caps,hypernym,top
caps,hypernym,cover
caps,hyponym,hubcap
caps,hypernym,covering
caps,synonym,hood
caps,part_holonym,plant
caps,hypernym,control
caps,synonym,ceiling
caps,synonym,roof
caps,synonym,crown
caps,synonym,jacket
caps,part_holonym,column
caps,part_holonym,pillar
persons,hyponym,child
persons,hyponym,baby
persons,hyponym,divider
persons,hyponym,case
persons,hyponym,friend
persons,hyponym,controller
persons,hyponym,ostrich
persons,hyponym,machine
persons,hyponym,counter
persons,hyponym,worker
persons,hyponym,mouse
persons,hyponym,comforter
persons,hyponym,image
persons,hyponym,female
persons,hyponym,adult
persons,hyponym,dresser
persons,hyponym,shaker
persons,hyponym,beard
persons,hyponym,ruler
persons,hyponym,man
persons,hyponym,face
persons,hyponym,player
persons,hyponym,sweater
persons,hyponym,engineer
persons,hyponym,jumper
persons,hyponym,male
persons,hyponym,blonde
persons,hyponym,slipper
persons,hyponym,tiger
persons,hyponym,match
persons,synonym,person
persons,synonym,individual
persons,synonym,someone
persons,part_meronym,figure
persons,part_meronym,shape
persons,part_meronym,frame
persons,hypernym,figure
persons,hypernym,shape
persons,hypernym,frame
jumpsuit,hypernym,garment
mantel,hypernym,shelf
mantel,synonym,mantle
mantel,part_holonym,fireplace
screen,hypernym,surface
screen,hyponym,shutter
screen,hyponym,curtain
screen,hyponym,drape
screen,hyponym,mantle
screen,synonym,blind
screen,hypernym,display
screen,hyponym,background
screen,hyponym,desktop
screen,part_meronym,foreground
screen,hypernym,covering
screen,hyponym,blind
screen,synonym,cover
screen,hyponym,windshield
screen,hyponym,windscreen
screen,part_holonym,screen
screen,hypernym,door
screen,part_meronym,screen
screen,hypernym,partition
screen,hypernym,divider
tree,hyponym,gum
tree,hyponym,coffee
tree,hyponym,lime
tree,hyponym,palm
tree,part_meronym,stump
tree,part_meronym,crown
tree,part_meronym,limb
tree,part_meronym,trunk
shelves,hypernym,support
shelves,hyponym,bookshelf
shelves,hyponym,mantel
shelves,hyponym,mantle
shelves,synonym,shelf
shelves,part_holonym,closet
shelves,part_holonym,market
shelves,part_holonym,bookcase
shelves,part_holonym,cabinet
shelves,part_holonym,counter
shelves,part_holonym,chest
shelves,part_holonym,dresser
shelves,hypernym,ridge
shelves,synonym,ledge
dandelion,hypernym,herb
mushrooms,synonym,mushroom
mushrooms,hypernym,cloud
mushrooms,hypernym,vegetable
mushrooms,hypernym,veggie
headlight,hypernym,light
headlight,synonym,headlamp
printer,hypernym,printer
printer,hypernym,machine
printer,hyponym,printer
produce,hypernym,food
produce,hyponym,vegetable
produce,hyponym,veggie
slab,hypernym,block
slab,hyponym,tablet
slab,hyponym,tile
toilets,hypernym,room
toilets,hyponym,restroom
toilets,hyponym,closet
toilets,hyponym,head
toilets,synonym,toilet
toilets,synonym,can
toilets,synonym,bathroom
toilets,part_meronym,toilet
toilets,part_meronym,can
toilets,part_meronym,commode
toilets,part_meronym,pot
toilets,part_meronym,stool
toilets,synonym,commode
toilets,synonym,pot
toilets,synonym,stool
toilets,part_holonym,bathroom
toilets,part_holonym,bath
toilets,part_holonym,toilet
toilets,part_holonym,can
toilets,synonym,gutter
toilets,hypernym,dressing
straps,synonym,strap
straps,part_holonym,baggage
straps,part_holonym,luggage
straps,hypernym,hanger
straps,hypernym,band
straps,part_holonym,teddy
straps,part_holonym,brace
straps,part_holonym,bra
balls,hyponym,football
balls,hyponym,baseball
balls,hyponym,bowl
balls,hyponym,basketball
balls,hyponym,volleyball
balls,hyponym,marble
balls,synonym,ball
balls,hypernym,shot
balls,synonym,globe
balls,synonym,nut
balls,synonym,egg
balls,hypernym,toy
balls,synonym,clump
balls,synonym,chunk
balls,hypernym,structure
balls,part_holonym,sole
balls,part_holonym,hand
balls,part_holonym,mitt
balls,part_holonym,paw
balls,hypernym,baseball
balls,hypernym,pitch
title,hypernym,head
title,hypernym,name
title,hypernym,instrument
title,hypernym,writing
title,hypernym,right
daytime,synonym,day
daytime,synonym,daylight
daytime,part_holonym,day
sled,hypernym,vehicle
sled,part_meronym,runner
banana,hypernym,herb
structures,hyponym,arch
structures,hyponym,floor
structures,hyponym,level
structures,hyponym,balcony
structures,hyponym,platform
structures,hyponym,cross
structures,hyponym,building
structures,hyponym,porch
structures,hyponym,shelter
structures,hyponym,column
structures,hyponym,pillar
structures,hyponym,hangar
structures,hyponym,mound
structures,hyponym,hill
structures,hyponym,corner
structures,hyponym,bridge
structures,hyponym,monument
structures,hyponym,stadium
structures,hyponym,bowl
structures,hyponym,arena
structures,hyponym,tower
structures,hyponym,area
structures,hyponym,door
structures,hyponym,partition
structures,hyponym,divider
structures,hyponym,sail
structures,hyponym,fountain
structures,hyponym,body
structures,hyponym,signboard
structures,hyponym,sign
structures,synonym,structure
structures,synonym,construction
structures,part_meronym,plate
structures,part_meronym,foundation
structures,part_meronym,base
structures,part_meronym,foot
structures,hypernym,makeup
structures,hyponym,fabric
structures,hyponym,shape
structures,hyponym,pattern
structures,hyponym,arrangement
structures,hyponym,system
structures,hyponym,blade
structures,hyponym,plate
structures,hyponym,tube
structures,hyponym,valve
structures,hyponym,head
structures,hyponym,layer
structures,hyponym,bulb
structures,hyponym,fold
structures,hyponym,ball
structures,hyponym,pad
structures,hyponym,tooth
structures,hyponym,root
structures,hypernym,system
waist,hypernym,area
waist,part_holonym,torso
waist,part_holonym,trunk
waist,part_holonym,body
waist,hypernym,part
waist,hypernym,portion
waist,part_holonym,sole
signs,synonym,sign
signs,synonym,mark
signs,hyponym,poster
signs,hyponym,placard
signs,hyponym,bill
signs,hyponym,card
signs,hyponym,signpost
signs,hyponym,indicator
signs,hyponym,symbol
signs,hyponym,beam
signs,hyponym,number
signs,hyponym,alarm
signs,synonym,signal
signs,hypernym,structure
signs,hypernym,construction
signs,hyponym,scoreboard
signs,hyponym,billboard
signs,hyponym,shingle
signs,synonym,signboard
signs,hypernym,part
signs,synonym,house
signs,hypernym,grounds
signs,hypernym,motion
mat,hyponym,canvas
mat,hypernym,pad
mat,hyponym,mousepad
yogurt,hypernym,food
alley,hypernym,street
alley,hypernym,lane
chalk,hypernym,white
chalk,synonym,glass
chalk,synonym,ice
chalk,synonym,trash
console,hypernym,table
console,hypernym,bracket
console,synonym,cabinet
limbs,hyponym,leg
limbs,hyponym,arm
limbs,hyponym,forearm
limbs,hyponym,thigh
limbs,synonym,limb
limbs,part_meronym,stump
limbs,hypernym,branch
limbs,hyponym,stick
limbs,part_holonym,tree
limbs,hypernym,edge
limbs,hypernym,border
limbs,hypernym,part
limbs,hypernym,portion
limbs,part_holonym,bow
limbs,synonym,arm
limbs,synonym,branch
stools,hypernym,seat
stools,hyponym,ottoman
stools,synonym,stool
stools,hyponym,dirt
stools,hyponym,poop
stools,hypernym,stump
stools,synonym,toilet
stools,synonym,can
stools,synonym,commode
stools,synonym,pot
stools,part_holonym,bathroom
stools,part_holonym,bath
stools,part_holonym,toilet
stools,part_holonym,can
edges,hyponym,limb
edges,synonym,edge
edges,synonym,border
edges,hypernym,line
edges,hyponym,fringe
edges,hyponym,border
edges,hyponym,rim
edges,hypernym,side
edges,hyponym,brim
edges,hyponym,lip
edges,hyponym,curb
edges,hyponym,molding
edges,hyponym,moulding
edges,hyponym,shoulder
edges,hyponym,roadside
aircraft,part_meronym,nose
aircraft,part_meronym,skeleton
aircraft,part_meronym,frame
aircraft,part_meronym,bay
aircraft,part_meronym,cockpit
aircraft,part_meronym,skin
aircraft,part_meronym,cabin
receptacle,hypernym,container
receptacle,hyponym,ashtray
receptacle,hyponym,plate
receptacle,hyponym,socket
receptacle,hyponym,garbage
receptacle,hyponym,trough
receptacle,hyponym,tray
receptacle,hyponym,case
receptacle,part_holonym,stalk
receptacle,part_holonym,stem
receptacle,hyponym,slot
receptacle,hyponym,outlet
lap,hypernym,thigh
lap,hypernym,area
lap,hypernym,field
lap,hypernym,arena
lap,part_holonym,trouser
lap,part_holonym,pant
lap,part_holonym,skirt
lap,hypernym,flap
lap,hyponym,cuff
lap,hyponym,lapel
lap,synonym,circle
vessel,hypernym,tube
vessel,hyponym,ship
vessel,hyponym,yacht
vessel,hyponym,boat
vessel,hyponym,scooter
vessel,part_meronym,anchor
vessel,part_meronym,bow
vessel,part_meronym,stem
vessel,hypernym,container
vessel,hyponym,pot
vessel,hyponym,barrel
vessel,hyponym,bathtub
vessel,hyponym,bath
vessel,hyponym,tub
vessel,hyponym,jar
vessel,hyponym,bottle
vessel,hyponym,tin
vessel,hyponym,bowl
vessel,hyponym,drum
vessel,hyponym,pitcher
vessel,hyponym,tank
vessel,hyponym,basin
vessel,hyponym,bucket
vessel,hyponym,pail
vessel,hyponym,ladle
vessel,part_meronym,base
vessel,part_meronym,brim
vessel,part_meronym,rim
vessel,part_meronym,lip
pipes,hypernym,tube
pipes,synonym,pipe
pipes,part_meronym,bowl
pipes,part_meronym,stem
pipes,hyponym,drain
pipes,hyponym,line
pipes,hyponym,elbow
pipes,synonym,piping
pipes,part_meronym,spout
pipes,hypernym,cylinder
pipes,synonym,tube
pipes,hypernym,wind
skillet,hypernym,pan
skillet,part_meronym,handle
skillet,part_meronym,grip
frisbees,hypernym,disk
frisbees,hypernym,disc
frisbees,hypernym,toy
paddle,hypernym,bat
paddle,hypernym,blade
paddle,hypernym,vane
paddle,hypernym,oar
finger,hyponym,thumb
finger,hyponym,pinky
finger,part_meronym,knuckle
finger,part_meronym,pad
finger,part_meronym,fingernail
finger,part_holonym,hand
finger,part_holonym,mitt
finger,part_holonym,paw
finger,hypernym,covering
finger,part_holonym,glove
carpeting,hyponym,runner
carpeting,synonym,rug
carpeting,synonym,carpet
carpeting,part_meronym,edging
leash,hypernym,figure
leash,synonym,three
leash,synonym,3
leash,synonym,collar
fry,hyponym,monkey
fry,hyponym,toddler
fry,synonym,child
fry,synonym,kid
decoration,hyponym,molding
decoration,hyponym,moulding
decoration,hyponym,decor
decoration,hyponym,fin
decoration,hyponym,garnish
decoration,hyponym,graffiti
decoration,hyponym,hanging
decoration,hyponym,bow
decoration,hyponym,stud
decoration,hyponym,rivet
decoration,hyponym,design
decoration,hyponym,pattern
decoration,hyponym,figure
decoration,hyponym,knob
decoration,synonym,ornament
decoration,synonym,medal
decoration,synonym,palm
decoration,synonym,ribbon
decoration,hyponym,tattoo
decoration,hyponym,marking
cherry,hypernym,wood
cherry,part_meronym,cherry
cherry,part_holonym,cherry
cherry,hypernym,red
canal,hypernym,waterway
canal,hyponym,cut
canal,part_meronym,lock
archway,hypernym,entrance
archway,hypernym,entryway
archway,hypernym,entry
archway,synonym,arch
archway,part_holonym,wall
toys,hyponym,doll
toys,hyponym,dolly
toys,hyponym,top
toys,hyponym,ball
toys,hyponym,teddy
toys,hyponym,swing
toys,hyponym,slide
toys,hyponym,balloon
toys,hyponym,kite
toys,synonym,toy
toys,hypernym,device
toys,hypernym,dog
tine,hypernym,prong
tine,part_holonym,fork
eagle,hypernym,coin
eagle,hypernym,emblem
talons,hypernym,claw
rung,synonym,round
rung,synonym,spoke
rung,part_holonym,ladder
color,hyponym,shade
color,hypernym,material
color,hypernym,stuff
color,hyponym,indicator
color,hyponym,paint
color,hyponym,stain
foods,hyponym,beverage
foods,hyponym,drink
foods,hyponym,water
foods,hyponym,yolk
foods,synonym,food
foods,part_meronym,food
foods,hyponym,chocolate
foods,hyponym,cheese
foods,hyponym,pasta
foods,hyponym,meat
foods,hyponym,fish
foods,hyponym,produce
foods,hyponym,yogurt
foods,hyponym,butter
foods,hyponym,coconut
foods,part_holonym,food
tin,hypernym,metal
tin,hypernym,vessel
tin,hypernym,container
tin,synonym,canister
tin,synonym,can
barricade,hypernym,barrier
planes,hyponym,jet
planes,hyponym,airliner
planes,synonym,airplane
planes,synonym,aeroplane
planes,synonym,plane
planes,part_meronym,fuselage
planes,part_meronym,windshield
planes,part_meronym,windscreen
planes,part_meronym,gun
planes,part_meronym,wing
planes,part_meronym,hood
planes,part_meronym,bonnet
planes,hypernym,shape
planes,synonym,sheet
planes,hypernym,level
planes,hypernym,stage
planes,hypernym,point
diamond,hyponym,ice
diamond,synonym,infield
diamond,part_meronym,base
diamond,part_meronym,bag
diamond,part_meronym,mound
diamond,part_meronym,hill
diamond,part_meronym,short
diamond,part_holonym,diamond
diamond,hypernym,field
diamond,part_meronym,box
diamond,part_meronym,diamond
diamond,part_meronym,infield
diamond,part_meronym,outfield
diamond,part_holonym,park
waters,hypernym,liquid
waters,synonym,water
waters,hypernym,thing
waters,hyponym,waterfall
waters,hyponym,bay
waters,hyponym,stream
waters,hyponym,pool
waters,hyponym,puddle
waters,hyponym,waterway
waters,hyponym,drink
waters,hyponym,sea
waters,hyponym,lake
waters,hyponym,crossing
waters,hyponym,ocean
waters,part_holonym,surface
waters,part_holonym,base
waters,hypernym,food
stream,hypernym,water
stream,hyponym,branch
stream,hyponym,river
stream,hyponym,creek
stream,part_meronym,crossing
stream,hypernym,course
stream,hypernym,line
stream,hypernym,motion
fur,hyponym,fox
fur,hyponym,squirrel
fur,hyponym,rabbit
fur,hyponym,seal
fur,hypernym,coat
fur,hypernym,garment
geese,synonym,goose
geese,part_meronym,goose
geese,part_holonym,goose
ram,hypernym,person
ram,hypernym,individual
ram,hypernym,someone
ram,hypernym,tool
ram,part_meronym,head
ram,hypernym,sheep
ram,part_meronym,horn
cargo,hypernym,product
ceramic,hyponym,brick
exhaust,hypernym,system
exhaust,part_meronym,muffler
ingredients,hyponym,base
ingredients,hypernym,part
ingredients,hypernym,section
ingredients,hyponym,point
ingredients,hyponym,seasoning
ingredients,hyponym,white
ingredients,hyponym,yolk
ingredients,part_holonym,dish
rope,hypernym,line
rope,hyponym,tier
rope,hyponym,brace
rope,hyponym,cable
rope,hyponym,halter
rope,synonym,circle
pallet,hypernym,range
pallet,hypernym,platform
pallet,hypernym,mattress
pallet,hypernym,board
eyeball,part_holonym,eye
parade,hypernym,display
parade,hypernym,exhibit
gown,hypernym,dress
gown,part_meronym,train
gown,hypernym,garment
gown,synonym,robe
jar,hypernym,vessel
jar,hyponym,vase
jar,part_meronym,lid
jar,part_meronym,mouth
jar,hypernym,bump
slit,hypernym,opening
slit,hyponym,vent
slit,hyponym,slot
slit,synonym,scratch
slit,synonym,dent
slit,hypernym,crack
cot,synonym,crib
cot,hypernym,bed
cot,part_meronym,leg
lane,hypernym,way
lane,hypernym,path
lane,hyponym,alley
spray,hypernym,dispenser
spray,hypernym,jet
hotel,hypernym,building
hotel,hyponym,lodge
hotel,hyponym,court
bicycle,synonym,bike
bicycle,synonym,wheel
bicycle,synonym,cycle
bicycle,part_meronym,chain
bicycle,part_meronym,handlebar
bicycle,part_meronym,saddle
bicycle,part_meronym,kickstand
bicycle,part_meronym,pedal
donkey,hypernym,emblem
parking,hypernym,room
parking,hypernym,way
piece,hypernym,part
piece,hypernym,portion
piece,hyponym,spindle
piece,hyponym,beam
piece,hypernym,item
piece,hypernym,thing
piece,hyponym,base
piece,hyponym,corner
piece,hyponym,slice
piece,hyponym,strip
piece,synonym,part
piece,part_holonym,unit
piece,hyponym,arrangement
piece,hypernym,case
piece,hypernym,gun
piece,part_meronym,lock
piece,synonym,slice
piece,hypernym,distance
piece,hypernym,time
piece,synonym,patch
piece,hyponym,black
piece,hyponym,tile
piece,hyponym,white
piece,synonym,man
skier,hypernym,athlete
goats,hyponym,kid
goats,synonym,goat
goats,part_meronym,beard
goats,part_meronym,horn
goats,synonym,butt
goats,hypernym,person
goats,hypernym,individual
goats,hypernym,someone
teacup,hypernym,cup
teacup,part_meronym,handle
teacup,part_meronym,grip
droplets,hypernym,drop
droplets,synonym,droplet
arena,hyponym,front
arena,hyponym,land
arena,hyponym,lap
arena,synonym,area
arena,synonym,field
arena,hypernym,area
arena,hypernym,structure
arena,hypernym,construction
arena,hyponym,dome
arena,hyponym,park
arena,synonym,stadium
arena,synonym,bowl
arena,part_meronym,field
arena,part_meronym,stand
arena,hypernym,field
ads,hyponym,bill
ads,hyponym,flyer
ads,hyponym,trailer
ads,synonym,ad
ads,synonym,advertisement
ads,synonym,advertising
hand,hyponym,right
hand,hyponym,hooks
hand,hyponym,fist
hand,hyponym,left
hand,synonym,mitt
hand,synonym,paw
hand,part_meronym,finger
hand,part_meronym,palm
hand,part_meronym,ball
hand,part_holonym,arm
hand,part_holonym,man
hand,part_holonym,human
hand,hyponym,groom
hand,hypernym,writing
hand,hyponym,scratch
hand,hypernym,side
columns,synonym,column
columns,hypernym,tube
columns,hypernym,shape
columns,synonym,tower
columns,synonym,pillar
columns,part_holonym,newspaper
columns,part_holonym,paper
columns,hypernym,structure
columns,hypernym,construction
columns,hyponym,pile
columns,part_meronym,pedestal
columns,part_meronym,cap
columns,hypernym,text
breast,synonym,chest
breast,part_holonym,chest
breast,hypernym,portion
breast,part_holonym,chicken
breast,part_holonym,turkey
milk,hypernym,beverage
milk,hypernym,drink
suitcase,hypernym,baggage
suitcase,hypernym,luggage
suitcase,synonym,bag
suitcase,synonym,grip
desk,hypernym,table
desk,part_meronym,drawer
c,hypernym,base
c,hyponym,diamond
c,hypernym,letter
c,synonym,coke
c,synonym,snow
letter,hypernym,text
letter,part_meronym,line
letter,part_meronym,address
letter,part_meronym,destination
letter,hypernym,character
letter,hyponym,i
letter,hyponym,he
letter,hyponym,e
letter,hyponym,n
letter,hyponym,d
letter,hyponym,r
letter,hyponym,a
letter,hyponym,m
letter,hyponym,l
letter,hyponym,g
letter,hyponym,b
letter,hyponym,p
letter,hyponym,x
letter,hyponym,t
letter,hyponym,h
letter,hyponym,s
letter,hyponym,c
letter,hyponym,k
letter,hyponym,w
letter,hyponym,o
pin,hypernym,jewelry
pin,hypernym,marker
pin,hypernym,marking
pin,hypernym,mark
pin,hypernym,number
pin,hypernym,leg
pin,synonym,stick
pin,synonym,flag
pin,hyponym,rivet
pin,part_meronym,point
pin,part_meronym,head
pin,part_meronym,stem
pin,hypernym,holder
pin,part_holonym,rowboat
outdoors,hypernym,outside
outdoors,synonym,open
kickstand,hypernym,rod
kickstand,part_holonym,motorcycle
kickstand,part_holonym,bike
kickstand,part_holonym,bicycle
kickstand,part_holonym,wheel
kickstand,part_holonym,cycle
missile,hypernym,arm
missile,part_meronym,nose
missile,part_meronym,vane
missile,hyponym,shot
missile,hyponym,arrow
clasp,part_holonym,bracelet
clasp,part_holonym,bag
clasp,part_holonym,handbag
clasp,part_holonym,pocketbook
clasp,part_holonym,purse
clasp,synonym,grip
cheeks,synonym,cheek
cheeks,part_holonym,face
cheeks,part_holonym,torso
cheeks,part_holonym,trunk
cheeks,part_holonym,body
cheeks,synonym,face
iron,hypernym,metal
iron,hyponym,wedge
support,hyponym,anchor
support,hyponym,foundation
support,hyponym,base
support,hyponym,foot
support,hyponym,pedestal
support,hyponym,hanging
support,hypernym,part
support,hypernym,device
support,hyponym,shelf
support,hyponym,hanger
support,hyponym,bar
support,hyponym,stirrup
support,hyponym,harness
support,hyponym,pier
support,hyponym,step
support,hyponym,stair
support,hyponym,seat
support,hyponym,perch
support,hyponym,backboard
support,hyponym,stand
support,hyponym,dog
support,hyponym,tee
support,hyponym,bridge
support,hyponym,back
support,hyponym,backrest
support,hyponym,leg
support,hyponym,brace
support,hyponym,rack
support,hyponym,bracket
support,hyponym,spoke
barge,hypernym,boat
barge,synonym,lighter
snowboards,hypernym,board
snowboards,synonym,snowboard
backrest,hypernym,support
backrest,synonym,back
backrest,part_holonym,chair
spikes,synonym,spike
spikes,part_holonym,shoe
spikes,hypernym,fruit
spikes,synonym,ear
spikes,part_holonym,corn
spikes,hypernym,heel
spikes,hypernym,point
spikes,synonym,spindle
spikes,hypernym,nail
heart,synonym,pump
heart,part_meronym,valve
heart,hypernym,area
heart,hyponym,seat
heart,synonym,center
heart,synonym,middle
heart,synonym,eye
heart,hyponym,stuff
heart,synonym,meat
strawberry,hypernym,berry
strawberry,hypernym,herb
tortilla,hypernym,pancake
tortilla,part_holonym,wrap
bottles,hypernym,vessel
bottles,hyponym,jug
bottles,hyponym,carafe
bottles,synonym,bottle
bottles,part_meronym,mouth
bandanna,hypernym,handkerchief
bandanna,synonym,bandana
foliage,hyponym,pad
foliage,hyponym,frond
foliage,hyponym,greenery
foliage,hyponym,pitcher
foliage,hyponym,scale
foliage,hyponym,blade
foliage,synonym,leaf
crumbs,synonym,crumb
crumbs,hypernym,bite
right,hyponym,floor
right,hyponym,title
right,hypernym,place
right,part_holonym,outfield
right,hypernym,hand
right,hypernym,mitt
right,hypernym,paw
racket,hyponym,bat
racket,synonym,racquet
racket,part_meronym,handle
racket,part_meronym,grip
racket,part_meronym,face
pillow,hypernym,cushion
volleyball,hypernym,ball
lamp,hyponym,taillight
lamp,hyponym,candle
lamp,hyponym,lantern
lamp,hyponym,spotlight
lamp,hyponym,spot
lamp,hyponym,streetlight
lamp,hypernym,furniture
lamp,part_meronym,base
lamp,part_meronym,lampshade
basketball,part_meronym,half
basketball,hypernym,ball
newspaper,hyponym,rag
newspaper,hyponym,sheet
newspaper,synonym,paper
newspaper,part_meronym,column
newspaper,part_meronym,strip
newspaper,hypernym,product
newspaper,hypernym,paper
ottoman,hypernym,seat
ottoman,hypernym,stool
skiers,hypernym,athlete
skiers,synonym,skier
forehead,part_holonym,face
glaze,hypernym,topping
glaze,hypernym,polish
automobile,hyponym,wagon
automobile,hyponym,jeep
automobile,hyponym,sedan
automobile,hyponym,cab
automobile,hyponym,taxi
automobile,hyponym,racer
automobile,hyponym,minivan
automobile,hyponym,bus
automobile,hyponym,ambulance
automobile,synonym,car
automobile,synonym,machine
automobile,part_meronym,bumper
automobile,part_meronym,window
automobile,part_meronym,fin
automobile,part_meronym,hood
automobile,part_meronym,bonnet
automobile,part_meronym,trunk
automobile,part_meronym,roof
automobile,part_meronym,horn
automobile,part_meronym,fender
automobile,part_meronym,wing
automobile,part_meronym,gun
bud,hypernym,flower
bud,hypernym,bloom
nut,hypernym,seed
nut,hyponym,mast
nut,hypernym,block
nut,synonym,ball
nut,synonym,egg
horizon,hypernym,line
horizon,synonym,skyline
horizon,hypernym,range
horizon,synonym,view
cartoon,hyponym,strip
hall,synonym,hallway
hall,part_meronym,floor
hall,part_meronym,flooring
hall,part_meronym,ceiling
hall,part_meronym,wall
hall,hypernym,room
hall,part_holonym,building
hall,hyponym,floor
hall,hypernym,building
hall,part_holonym,hall
hall,hypernym,house
hall,hyponym,castle
hall,part_meronym,hall
server,hypernym,player
server,hypernym,computer
server,hypernym,utensil
pavement,hyponym,asphalt
pavement,hyponym,concrete
pavement,hyponym,tarmac
pavement,hypernym,walk
pavement,hypernym,walkway
pavement,synonym,sidewalk
border,hypernym,edge
border,hyponym,lip
border,hyponym,limb
border,synonym,edge
border,synonym,molding
border,synonym,moulding
border,hyponym,edging
onions,hypernym,bulb
onions,synonym,onion
onions,part_holonym,onion
onions,part_meronym,onion
onions,hypernym,vegetable
onions,hypernym,veggie
cooler,hypernym,refrigerator
cooler,hypernym,beverage
cooler,hypernym,drink
cooler,hypernym,cell
cooler,synonym,tank
barrier,hyponym,handrail
barrier,hyponym,barricade
barrier,hyponym,mole
barrier,hyponym,fender
barrier,hyponym,wing
barrier,hyponym,fence
barrier,hyponym,fencing
barrier,hyponym,railing
barrier,hyponym,rail
barrier,hyponym,grate
barrier,hyponym,bar
barrier,hyponym,curtain
satchel,hypernym,baggage
satchel,hypernym,luggage
camera,part_meronym,magazine
camera,part_meronym,hood
camera,part_meronym,stop
camera,part_meronym,shutter
clay,hypernym,soil
clay,hypernym,dirt
clay,synonym,mud
clay,hypernym,body
aquarium,hypernym,tank
clear,hypernym,area
clear,synonym,open
pacifier,hypernym,thing
pacifier,hypernym,device
pacifier,synonym,comforter
hands,synonym,men
hands,hyponym,right
hands,hyponym,hooks
hands,hyponym,fist
hands,hyponym,left
hands,synonym,hand
hands,synonym,mitt
hands,synonym,paw
hands,part_meronym,finger
hands,part_meronym,palm
hands,part_meronym,ball
hands,part_holonym,arm
hands,part_holonym,man
hands,part_holonym,human
hands,hyponym,groom
hands,hypernym,writing
hands,hyponym,scratch
hands,hypernym,side
balconies,hypernym,structure
balconies,hypernym,construction
balconies,synonym,balcony
balconies,part_meronym,box
balconies,part_meronym,handrail
bleacher,hypernym,worker
mustache,hyponym,toothbrush
mustache,synonym,moustache
mustache,part_holonym,beard
mustache,part_holonym,whiskers
hips,synonym,hip
hips,part_holonym,torso
hips,part_holonym,trunk
hips,part_holonym,body
hips,part_meronym,hip
hips,part_holonym,thigh
hips,part_holonym,hip
hips,hypernym,fruit
hips,part_holonym,rose
jets,hypernym,airplane
jets,hypernym,aeroplane
jets,hypernym,plane
jets,synonym,jet
jets,hyponym,spray
jets,synonym,green
jets,synonym,fountain
wild,hyponym,bush
photos,hyponym,stereo
photos,hyponym,shot
photos,hyponym,scene
photos,hyponym,frame
photos,hyponym,print
photos,synonym,photograph
photos,synonym,photo
photos,synonym,picture
vases,hypernym,jar
vases,hyponym,urn
vases,synonym,vase
vases,hypernym,tube
vases,synonym,vessel
edge,hyponym,limb
edge,synonym,border
edge,hypernym,line
edge,hyponym,fringe
edge,hyponym,border
edge,hyponym,rim
edge,hypernym,side
edge,hyponym,brim
edge,hyponym,lip
edge,hyponym,curb
edge,hyponym,molding
edge,hyponym,moulding
edge,hyponym,shoulder
edge,hyponym,roadside
court,hyponym,court
court,hypernym,room
court,part_meronym,bench
court,part_meronym,bar
court,hypernym,field
court,hypernym,hotel
court,hypernym,court
court,hypernym,area
court,synonym,courtyard
court,part_holonym,building
thigh,hypernym,limb
thigh,hyponym,lap
thigh,part_meronym,hip
thigh,part_holonym,leg
thigh,hypernym,portion
thigh,part_holonym,bird
bedroom,hypernym,room
bedroom,part_meronym,bed
bedroom,part_holonym,home
thumb,hypernym,finger
thumb,part_meronym,thumbnail
thumb,hypernym,covering
thumb,part_holonym,glove
thumb,hypernym,molding
thumb,hypernym,moulding
3,hypernym,figure
3,synonym,three
3,synonym,leash
knot,hypernym,bunch
knot,hypernym,clump
knot,hypernym,cluster
knot,hyponym,bow
knot,hypernym,wood
knot,part_holonym,board
knot,part_holonym,plank
flyer,hypernym,ad
flyer,hypernym,advertisement
flyer,hypernym,advertising
flyer,synonym,bill
flyer,hyponym,pilot
cloths,hyponym,wool
cloths,hyponym,cord
cloths,hyponym,jean
cloths,hyponym,duck
cloths,hyponym,print
cloths,hyponym,diaper
cloths,hyponym,plaid
cloths,hyponym,canvas
cloths,hyponym,hair
cloths,hyponym,canopy
cloths,hyponym,net
cloths,hyponym,mesh
cloths,hyponym,lace
cloths,synonym,fabric
cloths,synonym,cloth
cloths,synonym,material
cloths,part_meronym,edging
pink,hyponym,rose
pink,hyponym,peach
pink,hypernym,flower
material,hyponym,filling
material,hyponym,conductor
material,hyponym,foam
material,hyponym,dust
material,hyponym,rock
material,hyponym,stone
material,hyponym,speck
material,hyponym,bedding
material,hyponym,litter
material,hyponym,color
material,hyponym,earth
material,hyponym,ground
material,hyponym,paper
material,synonym,stuff
material,hypernym,information
material,hyponym,wool
material,hyponym,cord
material,hyponym,jean
material,hyponym,duck
material,hyponym,print
material,hyponym,diaper
material,hyponym,plaid
material,hyponym,canvas
material,hyponym,hair
material,hyponym,canopy
material,hyponym,net
material,hyponym,mesh
material,hyponym,lace
material,synonym,fabric
material,synonym,cloth
material,part_meronym,edging
material,hypernym,equipment
material,hyponym,roofing
material,hyponym,railing
bag,hypernym,container
bag,hyponym,pouch
bag,hyponym,sack
bag,hyponym,skin
bag,hyponym,backpack
bag,hyponym,envelope
bag,hyponym,purse
bag,hyponym,home
bag,hyponym,plate
bag,synonym,base
bag,part_holonym,diamond
bag,part_holonym,infield
bag,synonym,handbag
bag,synonym,pocketbook
bag,synonym,purse
bag,part_meronym,clasp
bag,hypernym,baggage
bag,hypernym,luggage
bag,synonym,grip
bag,synonym,suitcase
bag,synonym,udder
bag,part_holonym,cow
bag,synonym,dish
counter,hypernym,table
counter,hyponym,bar
counter,part_meronym,countertop
counter,hyponym,chip
counter,hypernym,calculator
counter,hypernym,furniture
counter,part_meronym,shelf
counter,part_meronym,drawer
counter,hypernym,person
counter,hypernym,individual
counter,hypernym,someone
counter,hyponym,lip
counter,hyponym,mouth
counter,hypernym,register
counter,part_holonym,boot
counter,part_holonym,shoe
nails,hyponym,toenail
nails,hyponym,fingernail
nails,synonym,nail
nails,hyponym,spike
nails,part_meronym,stem
nails,part_meronym,head
horn,hyponym,antler
horn,part_holonym,ram
horn,part_holonym,goat
horn,part_holonym,bull
horn,hypernym,alarm
horn,hypernym,device
horn,part_holonym,car
horn,part_holonym,automobile
horn,part_holonym,machine
frosting,hypernym,topping
frosting,synonym,icing
frosting,synonym,ice
mobile,hypernym,sculpture
specks,hypernym,spot
specks,hypernym,patch
specks,synonym,speck
specks,hypernym,material
specks,hypernym,stuff
specks,hyponym,grain
cabbage,hyponym,kale
cabbage,part_holonym,cabbage
cabbage,hypernym,money
cabbage,synonym,bread
cabbage,synonym,dough
cabbage,synonym,kale
cabbage,synonym,lettuce
cabbage,synonym,scratch
cabbage,synonym,sugar
cabbage,part_meronym,cabbage
belt,hypernym,loop
belt,hyponym,band
belt,hyponym,track
belt,hypernym,part
belt,hypernym,bump
belt,hypernym,path
belt,hypernym,track
belt,hypernym,course
salt,hyponym,soda
salt,hypernym,seasoning
pump,hyponym,gun
pump,part_meronym,cylinder
pump,synonym,heart
pump,part_meronym,valve
pump,hypernym,shoe
pump,hyponym,spectator
chairs,hypernym,seat
chairs,hyponym,wheelchair
chairs,hyponym,armchair
chairs,synonym,chair
chairs,part_meronym,leg
chairs,part_meronym,back
chairs,part_meronym,backrest
chairs,hypernym,post
chairs,hypernym,office
chairs,hypernym,spot
chairs,hypernym,place
barriers,hyponym,handrail
barriers,hyponym,barricade
barriers,hyponym,mole
barriers,hyponym,fender
barriers,hyponym,wing
barriers,hyponym,fence
barriers,hyponym,fencing
barriers,hyponym,railing
barriers,hyponym,rail
barriers,hyponym,grate
barriers,synonym,barrier
barriers,hyponym,bar
barriers,hyponym,curtain
pizzas,hypernym,dish
pizzas,synonym,pizza
battery,hyponym,pile
battery,part_meronym,terminal
battery,part_meronym,pole
battery,part_meronym,gun
battery,hypernym,team
battery,part_meronym,stamp
battery,hypernym,fire
pamphlet,hypernym,book
pamphlet,synonym,booklet
pamphlet,synonym,brochure
pamphlet,synonym,folder
apples,synonym,apple
apples,part_holonym,apple
apples,part_meronym,apple
handlebar,hypernym,bar
handlebar,part_meronym,handle
handlebar,part_meronym,grip
handlebar,part_holonym,bicycle
handlebar,part_holonym,bike
handlebar,part_holonym,wheel
handlebar,part_holonym,cycle
stain,hypernym,color
stain,synonym,dirt
stain,synonym,soil
stain,synonym,grease
stain,hypernym,symbol
stain,synonym,mark
stain,synonym,brand
stain,synonym,spot
turkey,part_meronym,breast
riders,synonym,rider
riders,part_holonym,bill
riders,synonym,passenger
cutter,hypernym,boat
kid,hyponym,monkey
kid,hyponym,toddler
kid,synonym,child
kid,synonym,fry
kid,hypernym,leather
kid,hyponym,baby
kid,hypernym,goat
freeway,hypernym,highway
blender,hypernym,mixer
puppy,hypernym,dog
fixtures,synonym,fixture
sprinkle,hypernym,shower
cilantro,hypernym,herb
cilantro,part_meronym,cilantro
cilantro,part_holonym,cilantro
wording,hypernym,expression
pineapples,hypernym,herb
pineapples,synonym,pineapple
pineapples,part_meronym,pineapple
pineapples,part_holonym,pineapple
cake,hypernym,block
cake,hyponym,tablet
cake,synonym,bar
cake,hypernym,dish
cake,hyponym,cookie
cake,hyponym,biscuit
cake,hyponym,waffle
cake,hyponym,cupcake
cake,hyponym,pancake
a,hypernym,base
a,hypernym,letter
bay,hypernym,water
bay,part_holonym,sea
bay,hypernym,compartment
bay,part_holonym,ship
bay,part_holonym,aircraft
bay,hyponym,stall
bay,hypernym,horse
rider,part_holonym,bill
rider,synonym,passenger
fountain,hypernym,structure
fountain,hypernym,construction
fountain,hypernym,formation
fountain,synonym,spring
fountain,synonym,jet
windmill,part_meronym,blade
windmill,part_meronym,vane
storefront,hypernym,front
storefront,part_holonym,shop
storefront,part_holonym,store
quilt,hypernym,bedding
quilt,hyponym,duvet
quilt,synonym,comforter
drops,synonym,drop
drops,synonym,bead
drops,hyponym,droplet
drops,synonym,dip
drops,hypernym,formation
drops,synonym,cliff
drops,hypernym,curtain
drops,hypernym,drape
drops,hypernym,mantle
hedges,hypernym,fence
hedges,hypernym,fencing
hedges,synonym,hedge
steeple,hypernym,tower
steeple,synonym,spire
letters,hypernym,text
letters,synonym,letter
letters,part_meronym,line
letters,part_meronym,address
letters,part_meronym,destination
letters,hypernym,character
letters,hyponym,i
letters,hyponym,he
letters,hyponym,e
letters,hyponym,n
letters,hyponym,d
letters,hyponym,r
letters,hyponym,a
letters,hyponym,m
letters,hyponym,l
letters,hyponym,g
letters,hyponym,b
letters,hyponym,p
letters,hyponym,x
letters,hyponym,t
letters,hyponym,h
letters,hyponym,s
letters,hyponym,c
letters,hyponym,k
letters,hyponym,w
letters,hyponym,o
globe,synonym,earth
globe,part_meronym,air
globe,part_meronym,sky
globe,part_meronym,land
globe,part_meronym,earth
globe,part_meronym,ground
globe,synonym,ball
globe,hypernym,model
stump,hyponym,stool
stump,part_holonym,tree
stump,part_holonym,tooth
stump,part_holonym,limb
stump,hypernym,post
stump,part_holonym,lattice
stump,hypernym,platform
stump,synonym,podium
chair,hypernym,seat
chair,hyponym,wheelchair
chair,hyponym,armchair
chair,part_meronym,leg
chair,part_meronym,back
chair,part_meronym,backrest
chair,hypernym,post
chair,hypernym,office
chair,hypernym,spot
chair,hypernym,place
control,hyponym,valve
control,hyponym,switch
control,hyponym,dial
control,synonym,controller
control,hyponym,ceiling
control,hyponym,roof
control,hyponym,cap
control,hyponym,floor
control,hyponym,base
disc,synonym,disk
disc,synonym,platter
disc,hyponym,point
disc,hyponym,dot
disc,synonym,saucer
disc,hypernym,plate
disc,hypernym,circle
disc,hypernym,round
disc,hyponym,saucer
arm,hypernym,limb
arm,part_meronym,wrist
arm,part_meronym,hand
arm,part_meronym,mitt
arm,part_meronym,paw
arm,part_meronym,forearm
arm,part_meronym,elbow
arm,part_holonym,body
arm,part_holonym,man
arm,part_holonym,human
arm,synonym,branch
arm,synonym,limb
arm,hypernym,instrument
arm,hyponym,bow
arm,hyponym,gun
arm,hyponym,missile
arm,hyponym,knife
arm,hyponym,sword
arm,hyponym,blade
arm,hyponym,brand
arm,hyponym,steel
arm,part_holonym,arms
arm,hypernym,armrest
arm,part_holonym,armchair
arm,synonym,sleeve
arm,part_meronym,cuff
arm,part_meronym,wristband
arm,part_holonym,garment
terrace,hypernym,area
terrace,synonym,patio
terrace,part_holonym,garden
terrace,synonym,bench
terrace,hypernym,row
bracelets,hypernym,band
bracelets,synonym,wristband
bracelets,synonym,bracelet
bracelets,hypernym,jewelry
bracelets,part_meronym,clasp
wire,hypernym,conductor
wire,hypernym,message
wire,hyponym,cable
splashes,synonym,splash
splashes,hypernym,spot
splashes,hypernym,patch
splashes,hypernym,painting
surfboarder,hypernym,swimmer
surfboarder,synonym,surfer
commode,synonym,toilet
commode,synonym,can
commode,synonym,pot
commode,synonym,stool
commode,part_holonym,bathroom
commode,part_holonym,bath
commode,part_holonym,toilet
commode,part_holonym,can
commode,hypernym,chest
commode,hypernym,dresser
commode,part_meronym,drawer
plank,synonym,board
plank,part_meronym,knot
plank,part_holonym,platform
games,hyponym,cards
games,synonym,game
games,hypernym,animal
games,hypernym,part
games,hypernym,section
games,part_holonym,set
games,hypernym,meat
games,hyponym,buffalo
games,hyponym,rabbit
games,hypernym,business
games,hypernym,line
footprint,hypernym,mark
footprint,hypernym,print
footprint,synonym,step
footprint,hypernym,shadow
footprint,hypernym,area
street,hyponym,alley
wallpaper,hypernym,paper
splash,hypernym,spot
splash,hypernym,patch
splash,hypernym,painting
adults,hypernym,person
adults,hypernym,individual
adults,hypernym,someone
adults,hyponym,character
adults,hyponym,case
adults,hyponym,match
adults,hyponym,man
adults,hyponym,woman
adults,synonym,adult
adults,hypernym,animal
stones,hyponym,sill
stones,hyponym,pebble
stones,hyponym,boulder
stones,synonym,rock
stones,synonym,stone
stones,hypernym,material
stones,hypernym,stuff
stones,hyponym,gravel
stones,hyponym,marble
stones,part_holonym,jewelry
stones,synonym,pit
lock,hyponym,latch
lock,part_meronym,bolt
lock,part_holonym,lid
lock,part_holonym,door
lock,part_holonym,drawer
lock,part_holonym,gate
lock,hypernym,hair
lock,synonym,curl
lock,part_holonym,piece
lock,hypernym,enclosure
lock,part_holonym,canal
cucumbers,hypernym,melon
cucumbers,synonym,cucumber
cucumbers,part_meronym,cucumber
cucumbers,hypernym,vegetable
cucumbers,hypernym,veggie
cucumbers,part_holonym,cucumber
ridges,hyponym,bank
ridges,hyponym,ledge
ridges,hyponym,shelf
ridges,hyponym,bar
ridges,synonym,ridge
ridges,hypernym,formation
ridges,hypernym,beam
teenager,synonym,teen
cardigan,hypernym,sweater
cardigan,hypernym,jumper
cardigan,part_meronym,zipper
airliner,hypernym,airplane
airliner,hypernym,aeroplane
airliner,hypernym,plane
snowflakes,synonym,snowflake
snowflakes,part_holonym,snow
i,hypernym,figure
i,synonym,one
i,synonym,1
i,hypernym,letter
pool,hypernym,lake
pool,synonym,pond
pool,hypernym,water
pool,synonym,puddle
pool,synonym,kitty
pool,hypernym,place
pool,hypernym,spot
characters,synonym,character
characters,synonym,part
characters,hypernym,adult
characters,synonym,case
characters,hyponym,space
characters,hyponym,star
characters,hyponym,letter
standing,hypernym,motion
stuff,hyponym,filling
stuff,hyponym,conductor
stuff,hyponym,foam
stuff,hyponym,dust
stuff,hyponym,rock
stuff,hyponym,stone
stuff,hyponym,speck
stuff,hyponym,bedding
stuff,hyponym,litter
stuff,hyponym,color
stuff,hyponym,earth
stuff,hyponym,ground
stuff,hyponym,paper
stuff,synonym,material
stuff,hypernym,object
stuff,hypernym,information
stuff,hypernym,center
stuff,hypernym,heart
stuff,hypernym,meat
visor,part_holonym,helmet
visor,hypernym,brim
visor,synonym,bill
visor,synonym,peak
sticks,hyponym,spindle
sticks,hyponym,bow
sticks,synonym,stick
sticks,hypernym,limb
sticks,hypernym,lever
sticks,hypernym,butter
sticks,hypernym,leg
sticks,synonym,pin
sticks,hypernym,cigarette
sticks,hypernym,butt
sticks,synonym,joint
desserts,hypernym,course
desserts,hyponym,mold
desserts,synonym,dessert
spike,part_holonym,shoe
spike,hypernym,fruit
spike,synonym,ear
spike,part_holonym,corn
spike,hypernym,heel
spike,hypernym,point
spike,synonym,spindle
spike,hypernym,nail
vehicles,hyponym,sled
vehicles,synonym,vehicle
vehicles,part_meronym,dashboard
vehicles,hypernym,object
barn,synonym,b
ham,hypernym,player
cockpit,hypernym,compartment
cockpit,part_meronym,canopy
cockpit,part_holonym,aircraft
cockpit,hypernym,pit
cockpit,hypernym,seat
cockpit,part_holonym,racer
character,synonym,part
character,hypernym,adult
character,synonym,case
character,hyponym,space
character,hyponym,star
character,hyponym,letter
kiosk,hypernym,closet
kiosk,synonym,booth
kiosk,synonym,stall
guards,synonym,guard
guards,hypernym,device
guards,hyponym,fender
guards,hypernym,step
carriage,hypernym,car
carriage,synonym,coach
carriage,hyponym,coach
carriage,hyponym,buggy
carriage,hyponym,cab
carriage,hyponym,walk
carriage,synonym,stroller
laces,hypernym,cord
laces,hyponym,shoelace
laces,synonym,lace
laces,part_holonym,shoe
laces,hypernym,fabric
laces,hypernym,cloth
laces,hypernym,material
son,synonym,boy
plates,hypernym,base
plates,hypernym,bag
plates,synonym,home
plates,synonym,plate
plates,hypernym,sheet
plates,hyponym,disk
plates,hyponym,disc
plates,hyponym,tap
plates,hypernym,crust
plates,hypernym,structure
plates,hyponym,comb
plates,part_holonym,tube
plates,part_holonym,structure
plates,part_holonym,construction
plates,hypernym,receptacle
plates,hypernym,shield
plates,hyponym,shoe
plates,synonym,scale
plates,synonym,shell
plates,hyponym,bridge
doorknob,hypernym,knob
m,synonym,meter
m,synonym,yard
m,hypernym,letter
driveway,hypernym,road
driveway,hypernym,route
stirrup,hypernym,support
stirrup,part_holonym,saddle
light,hyponym,sunlight
light,hyponym,sunshine
light,hyponym,sun
light,hyponym,beam
light,hyponym,streamer
light,hyponym,daylight
light,hyponym,headlight
light,hyponym,headlamp
light,hyponym,sconce
light,hypernym,view
light,hypernym,scene
light,hypernym,friend
light,synonym,lighting
light,hypernym,expression
light,hypernym,face
light,hyponym,stoplight
light,hypernym,device
light,hyponym,match
light,synonym,lighter
shirts,hypernym,garment
shirts,hyponym,jersey
shirts,synonym,shirt
cds,hypernym,metal
cds,synonym,candle
cds,synonym,cd
bun,hypernym,bread
bun,hyponym,croissant
bun,hyponym,bagel
bun,synonym,roll
crate,hypernym,box
cattle,hyponym,cow
cattle,hyponym,ox
cattle,hyponym,bull
cattle,hyponym,beef
cattle,hyponym,steer
cattle,synonym,cows
cattle,part_meronym,beef
place,hypernym,point
place,hyponym,end
place,hyponym,stop
place,hyponym,peak
place,hyponym,crown
place,hyponym,crest
place,hyponym,top
place,hyponym,tip
place,hyponym,pool
place,hyponym,puddle
place,synonym,spot
place,hyponym,center
place,hyponym,level
place,hyponym,layer
place,hypernym,office
place,hypernym,part
place,synonym,shoes
place,synonym,home
place,hypernym,business
place,hypernym,line
place,hyponym,chair
place,synonym,post
place,synonym,office
place,hyponym,front
place,hyponym,right
place,hyponym,wing
place,hyponym,left
place,hyponym,station
place,hyponym,post
place,hyponym,back
place,hyponym,rear
place,hyponym,pitch
place,hyponym,stand
place,synonym,station
place,hypernym,space
place,hyponym,perch
place,synonym,seat
place,hypernym,square
place,synonym,plaza
place,hypernym,item
place,hypernym,area
place,synonym,space
bristle,part_holonym,brush
bristle,hypernym,hair
model,hyponym,globe
model,hyponym,figure
model,hyponym,pattern
model,hyponym,image
model,hyponym,pilot
model,synonym,mannequin
bug,hypernym,microphone
cat,hypernym,man
cat,synonym,guy
cat,hypernym,woman
cat,hyponym,lion
cat,hyponym,tiger
plains,hypernym,land
plains,hypernym,earth
plains,hypernym,ground
plains,synonym,plain
plains,synonym,field
vane,hypernym,fin
vane,part_holonym,missile
vane,part_holonym,arrow
vane,hyponym,paddle
vane,synonym,blade
vane,part_holonym,propeller
vane,part_holonym,propellor
vane,part_holonym,helicopter
vane,part_holonym,turbine
vane,part_holonym,oar
vane,part_holonym,windmill
vane,hypernym,blade
vane,part_holonym,feather
graphics,hyponym,drawing
graphics,synonym,artwork
graphics,synonym,art
graphics,hypernym,picture
graphics,hypernym,image
graphics,hypernym,icon
graphics,synonym,graphic
egg,part_meronym,yolk
egg,synonym,eggs
egg,part_meronym,shell
egg,part_meronym,white
egg,synonym,ball
egg,synonym,nut
gutter,hyponym,slide
gutter,synonym,trough
gutter,synonym,toilet
gutter,hypernym,worker
balloon,part_meronym,envelope
balloon,hypernym,toy
grill,hypernym,restaurant
covers,hypernym,covering
covers,hyponym,blind
covers,synonym,screen
covers,synonym,cover
covers,hypernym,bedding
covers,synonym,blanket
covers,synonym,covering
covers,synonym,binding
covers,synonym,back
covers,part_holonym,book
covers,hyponym,shell
covers,hyponym,case
covers,hyponym,crust
covers,hyponym,envelope
covers,hyponym,blanket
covers,hyponym,mantle
covers,hyponym,hood
covers,hyponym,cap
covers,hyponym,bark
covers,hyponym,scale
covers,hyponym,roof
covers,hyponym,lid
covers,synonym,top
covers,hypernym,fire
macaroni,hypernym,dude
macaroni,hypernym,pasta
sheep,hyponym,ram
farm,hyponym,spread
skyscraper,hypernym,building
eggplant,part_holonym,eggplant
eggplant,hypernym,herb
eggplant,part_meronym,eggplant
signboard,hypernym,structure
signboard,hypernym,construction
signboard,hyponym,scoreboard
signboard,hyponym,billboard
signboard,hyponym,shingle
signboard,synonym,sign
garden,hypernym,patch
garden,hypernym,vegetation
garden,hypernym,yard
garden,hypernym,grounds
garden,part_meronym,patio
garden,part_meronym,terrace
carrot,hypernym,root
carrot,part_holonym,carrot
carrot,hypernym,herb
carrot,part_meronym,carrot
station,hyponym,terminal
station,synonym,place
station,hypernym,place
station,synonym,post
chimneys,hyponym,smokestack
chimneys,hyponym,stack
chimneys,synonym,chimney
chimneys,part_meronym,fireplace
curb,hypernym,edge
curb,synonym,bridle
track,hypernym,line
track,hyponym,round
track,hyponym,steps
track,hyponym,belt
track,hyponym,trail
track,synonym,path
track,synonym,course
track,hypernym,grounds
track,synonym,trail
track,hyponym,railroad
track,hyponym,railway
track,hypernym,course
track,synonym,cut
track,hypernym,belt
track,hypernym,path
track,hypernym,route
track,hypernym,groove
track,hypernym,bar
track,synonym,rail
track,synonym,rails
track,synonym,runway
track,part_holonym,railroad
track,part_holonym,railway
track,hypernym,road
frond,hypernym,leaf
frond,hypernym,foliage
stabilizer,hypernym,surface
stabilizer,part_holonym,tail
stabilizer,hypernym,device
stabilizer,hyponym,fin
triangle,hyponym,wedge
triangle,hypernym,shape
step,hyponym,guard
step,synonym,footstep
step,hyponym,footstep
step,hypernym,support
step,synonym,stair
step,part_holonym,stairway
step,part_holonym,staircase
step,hyponym,cut
step,hypernym,mark
step,hypernym,print
step,synonym,footprint
step,hypernym,block
structure,hyponym,arch
structure,hyponym,floor
structure,hyponym,level
structure,hyponym,balcony
structure,hyponym,platform
structure,hyponym,cross
structure,hyponym,building
structure,hyponym,porch
structure,hyponym,shelter
structure,hyponym,column
structure,hyponym,pillar
structure,hyponym,hangar
structure,hyponym,mound
structure,hyponym,hill
structure,hyponym,corner
structure,hyponym,bridge
structure,hyponym,monument
structure,hyponym,stadium
structure,hyponym,bowl
structure,hyponym,arena
structure,hyponym,tower
structure,hyponym,area
structure,hyponym,door
structure,hyponym,partition
structure,hyponym,divider
structure,hyponym,sail
structure,hyponym,fountain
structure,hyponym,body
structure,hyponym,signboard
structure,hyponym,sign
structure,synonym,construction
structure,part_meronym,plate
structure,part_meronym,foundation
structure,part_meronym,base
structure,part_meronym,foot
structure,hypernym,makeup
structure,hyponym,fabric
structure,hyponym,shape
structure,hyponym,pattern
structure,hyponym,arrangement
structure,hyponym,system
structure,hyponym,blade
structure,hyponym,plate
structure,hyponym,tube
structure,hyponym,valve
structure,hyponym,head
structure,hyponym,layer
structure,hyponym,bulb
structure,hyponym,fold
structure,hyponym,ball
structure,hyponym,pad
structure,hyponym,tooth
structure,hyponym,root
structure,hypernym,system
clock,hyponym,alarm
four,hypernym,figure
four,synonym,4
four,hypernym,spot
onion,hypernym,bulb
onion,part_holonym,onion
onion,part_meronym,onion
onion,hypernym,vegetable
onion,hypernym,veggie
flowers,hyponym,sunflower
flowers,hyponym,pink
flowers,hyponym,daisy
flowers,synonym,flower
flowers,hyponym,floret
flowers,hyponym,bud
flowers,synonym,bloom
flowers,synonym,peak
clouds,hyponym,mushroom
clouds,synonym,cloud
clouds,hyponym,contrail
clouds,part_holonym,sky
clouds,hypernym,group
lorry,hypernym,wagon
lorry,hypernym,truck
dome,synonym,bean
dome,synonym,noodle
dome,hypernym,stadium
dome,hypernym,bowl
dome,hypernym,arena
dome,hypernym,roof
fabric,hyponym,wool
fabric,hyponym,cord
fabric,hyponym,jean
fabric,hyponym,duck
fabric,hyponym,print
fabric,hyponym,diaper
fabric,hyponym,plaid
fabric,hyponym,canvas
fabric,hyponym,hair
fabric,hyponym,canopy
fabric,hyponym,net
fabric,hyponym,mesh
fabric,hyponym,lace
fabric,synonym,cloth
fabric,synonym,material
fabric,part_meronym,edging
fabric,hypernym,structure
lawn,hypernym,field
lion,hypernym,cat
lion,part_meronym,mane
lion,hypernym,person
lion,hypernym,individual
lion,hypernym,someone
collar,hypernym,band
collar,part_holonym,neck
collar,hypernym,hoop
collar,hypernym,ring
collar,hypernym,brim
collar,hypernym,rim
collar,hypernym,lip
collar,part_holonym,boot
collar,part_holonym,shoe
collar,hypernym,necklace
collar,synonym,leash
lattice,hypernym,arrangement
lattice,hypernym,system
lattice,hypernym,opening
lattice,part_meronym,stump
bowls,part_meronym,bowl
bowls,hypernym,vessel
bowls,synonym,bowl
bowls,synonym,trough
bowls,hypernym,dish
bowls,hypernym,structure
bowls,hypernym,construction
bowls,hyponym,dome
bowls,hyponym,park
bowls,synonym,stadium
bowls,synonym,arena
bowls,part_meronym,field
bowls,part_meronym,stand
bowls,hypernym,ball
bowls,part_holonym,bowls
bowls,hypernym,container
bowls,part_holonym,pipe
bowls,synonym,roll
pigeon,hyponym,dove
lot,synonym,flock
lot,synonym,mountain
lot,synonym,pile
lot,synonym,pot
lot,synonym,raft
lot,synonym,stack
lot,hyponym,park
lot,hyponym,pack
lot,hyponym,company
lot,synonym,set
lot,synonym,circle
lot,synonym,band
lot,synonym,portion
lot,hypernym,object
lot,synonym,bunch
pan,hyponym,skillet
pan,hypernym,container
bidet,hypernym,basin
mixer,hypernym,beverage
mixer,hypernym,drink
mixer,hyponym,blender
chef,hypernym,cook
stoplight,hypernym,light
trunk,hypernym,stalk
trunk,hypernym,stem
trunk,part_meronym,bark
trunk,part_holonym,tree
trunk,hypernym,baggage
trunk,hypernym,luggage
trunk,synonym,torso
trunk,synonym,body
trunk,part_meronym,shoulder
trunk,part_meronym,belly
trunk,part_meronym,cheek
trunk,part_meronym,side
trunk,part_meronym,chest
trunk,part_meronym,stomach
trunk,part_meronym,back
trunk,part_meronym,hip
trunk,part_meronym,middle
trunk,part_meronym,waist
trunk,part_meronym,butt
trunk,part_meronym,backside
trunk,part_meronym,buns
trunk,part_meronym,can
trunk,part_meronym,rear
trunk,part_meronym,rump
trunk,part_meronym,seat
trunk,part_meronym,tail
trunk,part_meronym,bottom
trunk,part_meronym,behind
trunk,part_holonym,body
trunk,hypernym,compartment
trunk,hyponym,boot
trunk,part_holonym,car
trunk,part_holonym,automobile
trunk,part_holonym,machine
trunk,hypernym,snout
trunk,part_holonym,elephant
crown,hypernym,symbol
crown,hypernym,top
crown,part_holonym,tooth
crown,hypernym,wreath
crown,hypernym,garland
crown,hypernym,peak
crown,part_holonym,hat
crown,part_holonym,lid
crown,hypernym,coin
crown,part_holonym,tree
crown,hypernym,place
crown,hypernym,spot
crown,hyponym,hilltop
crown,synonym,peak
crown,synonym,crest
crown,synonym,top
crown,synonym,tip
crown,synonym,jacket
crown,synonym,cap
crown,part_holonym,road
crown,part_holonym,route
tomatoes,synonym,tomato
tomatoes,part_holonym,tomato
tomatoes,hypernym,herb
tomatoes,part_meronym,tomato
shirt,hypernym,garment
shirt,hyponym,jersey
flock,hypernym,fold
flock,hyponym,flight
flock,synonym,lot
flock,synonym,mountain
flock,synonym,pile
flock,synonym,pot
flock,synonym,raft
flock,synonym,stack
flock,hypernym,crowd
flock,synonym,fold
envelope,hypernym,container
envelope,hypernym,wrap
envelope,hypernym,wrapper
envelope,hypernym,curve
envelope,hypernym,covering
envelope,hypernym,cover
envelope,hypernym,bag
envelope,part_holonym,balloon
skylight,hypernym,window
salmon,part_meronym,salmon
salmon,hypernym,fish
salmon,part_holonym,salmon
stack,hypernym,pile
stack,hypernym,mound
stack,synonym,flock
stack,synonym,lot
stack,synonym,mountain
stack,synonym,pile
stack,synonym,pot
stack,synonym,raft
stack,hypernym,chimney
stack,synonym,smokestack
cones,synonym,cone
cones,part_meronym,point
cones,part_meronym,tip
cones,part_meronym,peak
peak,synonym,flower
peak,synonym,bloom
peak,hypernym,level
peak,hypernym,stage
peak,hypernym,point
peak,synonym,top
peak,hypernym,place
peak,hypernym,spot
peak,hyponym,hilltop
peak,synonym,crown
peak,synonym,crest
peak,synonym,tip
peak,hyponym,head
peak,synonym,point
peak,part_holonym,sword
peak,part_holonym,blade
peak,part_holonym,brand
peak,part_holonym,steel
peak,part_holonym,cone
peak,part_holonym,pencil
peak,part_holonym,knife
peak,hyponym,crown
peak,hypernym,brim
peak,synonym,bill
peak,synonym,visor
claw,hyponym,anchor
claw,synonym,hook
buoy,hyponym,can
garlic,part_meronym,garlic
garlic,hypernym,seasoning
garlic,part_holonym,garlic
buggy,hypernym,carriage
lady,hypernym,woman
ankle,part_holonym,leg
football,hyponym,soccer
football,part_meronym,half
football,hypernym,ball
4,hypernym,figure
4,synonym,four
turf,hypernym,land
turf,hypernym,ground
turf,hypernym,soil
chips,hypernym,potato
chips,synonym,fries
chips,hyponym,scale
chips,synonym,chip
chips,hypernym,float
chips,hypernym,counter
chips,part_holonym,computer
mantle,hypernym,symbol
mantle,hypernym,layer
mantle,hypernym,covering
mantle,hypernym,cover
mantle,synonym,blanket
mantle,hypernym,shelf
mantle,synonym,mantel
mantle,part_holonym,fireplace
mantle,hypernym,blind
mantle,hypernym,screen
mantle,hyponym,drop
mantle,synonym,curtain
mantle,synonym,drape
mantle,synonym,cape
ditch,hypernym,waterway
rackets,synonym,racket
rackets,hyponym,bat
rackets,synonym,racquet
rackets,part_meronym,handle
rackets,part_meronym,grip
rackets,part_meronym,face
vest,hypernym,garment
vest,synonym,undershirt
boulders,hypernym,rock
boulders,hypernym,stone
boulders,synonym,boulder
girl,hypernym,woman
girl,hyponym,baby
girl,hyponym,doll
girl,hyponym,skirt
girl,hyponym,bird
girl,hypernym,female
sleeve,synonym,arm
sleeve,part_meronym,elbow
sleeve,part_meronym,cuff
sleeve,part_meronym,wristband
sleeve,part_holonym,garment
sleeve,hypernym,case
side,hypernym,part
side,hyponym,hand
side,hypernym,unit
side,hypernym,area
side,part_holonym,torso
side,part_holonym,trunk
side,part_holonym,body
side,hypernym,surface
side,hyponym,top
side,hyponym,front
side,hyponym,bottom
side,hyponym,underside
side,hyponym,rear
side,hyponym,backside
side,synonym,face
side,hyponym,back
side,hyponym,port
side,hyponym,beam
side,hyponym,edge
side,hypernym,line
side,hypernym,blood
side,hypernym,cut
side,hypernym,view
side,hypernym,formation
side,hyponym,coast
side,hyponym,hillside
side,hyponym,bank
side,hyponym,mountainside
side,synonym,slope
mug,synonym,mark
mug,hypernym,face
mug,part_meronym,handle
mug,part_meronym,grip
bird,hyponym,hen
bird,hyponym,parrot
bird,part_meronym,rump
bird,part_meronym,feather
bird,part_meronym,bird
bird,part_meronym,beak
bird,part_meronym,bill
bird,part_meronym,wing
bird,hypernym,meat
bird,part_meronym,thigh
bird,part_holonym,bird
bird,hypernym,girl
bird,synonym,doll
bird,synonym,skirt
bird,synonym,raspberry
fingernails,hypernym,nail
fingernails,hyponym,thumbnail
fingernails,synonym,fingernail
fingernails,part_holonym,finger
ceiling,part_holonym,hallway
ceiling,part_holonym,hall
ceiling,part_holonym,room
ceiling,hypernym,control
ceiling,synonym,roof
ceiling,synonym,cap
pastry,hypernym,dough
pastry,hyponym,pie
canopy,hypernym,covering
canopy,part_holonym,cockpit
canopy,hypernym,fabric
canopy,hypernym,cloth
canopy,hypernym,material
canopy,part_holonym,parachute
canopy,hypernym,shelter
canopy,hyponym,umbrella
canopy,hyponym,marquee
canopy,hyponym,awning
lamppost,hypernym,post
lamppost,part_holonym,streetlight
female,hypernym,animal
female,hyponym,hen
female,hypernym,person
female,hypernym,individual
female,hypernym,someone
female,hyponym,woman
female,hyponym,girl
tags,hypernym,label
tags,synonym,tag
tags,synonym,rag
fork,part_meronym,prong
fork,part_meronym,tine
fork,hypernym,branch
fork,hypernym,leg
fork,hypernym,tool
fork,part_holonym,body
concrete,hypernym,pavement
concrete,hyponym,cement
refrigerator,hyponym,fridge
refrigerator,hyponym,cooler
leg,hypernym,limb
leg,hyponym,pin
leg,hyponym,stick
leg,part_meronym,foot
leg,part_meronym,thigh
leg,part_meronym,knee
leg,part_meronym,ankle
leg,part_holonym,body
leg,hypernym,support
leg,part_holonym,tripod
leg,part_holonym,chair
leg,part_holonym,table
leg,part_holonym,cot
leg,hyponym,fork
leg,synonym,branch
leg,hypernym,cut
leg,part_meronym,cuff
leg,part_holonym,trouser
leg,part_holonym,pant
leg,hypernym,distance
leg,synonym,stage
bicyclist,synonym,cyclist
animals,hyponym,adult
animals,hyponym,male
animals,hyponym,game
animals,hyponym,feeder
animals,hyponym,female
animals,hyponym,racer
animals,synonym,animal
animals,part_meronym,face
animals,part_meronym,head
engines,hypernym,motor
engines,synonym,engine
engines,part_meronym,gear
engines,part_meronym,train
engines,synonym,locomotive
engines,part_meronym,fender
engines,part_meronym,pilot
engines,hypernym,instrument
comb,hypernym,device
comb,part_meronym,tooth
comb,hypernym,crest
comb,hypernym,tool
comb,hypernym,plate
pebbles,hypernym,rock
pebbles,hypernym,stone
pebbles,synonym,pebble
bathtub,hypernym,vessel
bathtub,synonym,bath
bathtub,synonym,tub
bathtub,part_holonym,bathroom
bathtub,part_holonym,bath
calf,hypernym,leather
lines,hypernym,formation
lines,hyponym,row
lines,synonym,line
lines,hypernym,mark
lines,hypernym,print
lines,hypernym,shape
lines,hyponym,edge
lines,hyponym,curve
lines,hypernym,text
lines,hyponym,head
lines,hyponym,words
lines,part_holonym,letter
lines,hyponym,front
lines,hypernym,conductor
lines,synonym,cable
lines,part_holonym,cable
lines,hyponym,stream
lines,synonym,course
lines,hyponym,path
lines,hyponym,route
lines,hyponym,crest
lines,hyponym,track
lines,hyponym,course
lines,hyponym,watermark
lines,hyponym,part
lines,hyponym,side
lines,hyponym,horizon
lines,hyponym,skyline
lines,synonym,wrinkle
lines,synonym,crease
lines,synonym,seam
lines,part_holonym,skin
lines,hypernym,pipe
lines,hypernym,piping
lines,hypernym,road
lines,hypernym,route
lines,part_meronym,railroad
lines,part_meronym,railway
lines,hypernym,connector
lines,hyponym,family
lines,synonym,blood
lines,hyponym,rope
lines,hyponym,cord
lines,hyponym,sheet
lines,hyponym,lanyard
lines,hyponym,post
lines,hyponym,office
lines,hyponym,spot
lines,hyponym,place
lines,hyponym,game
lines,hyponym,land
lines,synonym,business
lines,hyponym,sideline
lines,hyponym,baseline
lines,hyponym,scratch
lines,hyponym,link
lines,hyponym,lens
lines,hypernym,product
lines,hypernym,carrier
lines,hyponym,railway
lines,hyponym,railroad
lines,hyponym,signature
lines,synonym,air
lines,synonym,note
airplanes,hyponym,jet
airplanes,hyponym,airliner
airplanes,synonym,airplane
airplanes,synonym,aeroplane
airplanes,synonym,plane
airplanes,part_meronym,fuselage
airplanes,part_meronym,windshield
airplanes,part_meronym,windscreen
airplanes,part_meronym,gun
airplanes,part_meronym,wing
airplanes,part_meronym,hood
airplanes,part_meronym,bonnet
coast,hypernym,shore
coast,hypernym,slope
coast,hypernym,side
coast,hypernym,view
coast,hypernym,scene
coast,hypernym,motion
coast,synonym,slide
plug,hypernym,block
plug,hypernym,stop
plug,hyponym,cork
plug,hyponym,tap
plug,synonym,stopper
plug,hypernym,bite
plug,hypernym,hydrant
plug,hypernym,horse
sausages,hypernym,meat
sausages,hyponym,salami
sausages,hyponym,pepperoni
sausages,hyponym,hotdog
sausages,hyponym,dog
sausages,synonym,sausage
g,hypernym,base
g,synonym,yard
g,hypernym,letter
motion,hyponym,wave
motion,hyponym,sign
motion,hyponym,bow
motion,hyponym,wrench
motion,hyponym,throw
motion,hyponym,opening
motion,hyponym,pitch
motion,hyponym,standing
motion,hyponym,sitting
motion,hyponym,stream
motion,hyponym,slide
motion,hyponym,coast
motion,hyponym,swing
lemons,synonym,lemon
lemons,part_holonym,lemon
lemons,hypernym,yellow
lemons,part_meronym,lemon
lemons,hypernym,relish
tower,hypernym,structure
tower,hypernym,construction
tower,hyponym,silo
tower,hyponym,pylon
tower,hyponym,steeple
tower,hyponym,spire
tower,hyponym,lighthouse
tower,hypernym,shape
tower,synonym,column
tower,synonym,pillar
tower,hypernym,boat
o,hypernym,letter
sole,hypernym,bottom
sole,hypernym,underside
sole,part_meronym,waist
sole,part_holonym,sole
sole,hypernym,area
sole,part_meronym,ball
sole,part_holonym,foot
sole,part_meronym,sole
meters,synonym,meter
meters,synonym,m
meters,hyponym,speedometer
meters,hyponym,foot
meters,synonym,time
2,hypernym,figure
2,hyponym,couple
2,hyponym,pair
2,hyponym,brace
2,synonym,two
shadows,hypernym,shade
shadows,synonym,shadow
shadows,hypernym,scene
shadows,synonym,dark
shadows,hyponym,shade
shadows,hyponym,footprint
shadows,synonym,tail
ribbon,hypernym,object
ribbon,hyponym,blade
ribbon,synonym,thread
ribbon,synonym,decoration
ribbon,synonym,medal
ribbon,synonym,palm
ribbon,hypernym,strip
stocking,hypernym,hose
folder,hypernym,book
folder,synonym,booklet
folder,synonym,brochure
folder,synonym,pamphlet
folder,hypernym,covering
classroom,hypernym,room
planter,hypernym,worker
planter,hypernym,pot
someone,hyponym,child
someone,hyponym,baby
someone,hyponym,divider
someone,hyponym,case
someone,hyponym,friend
someone,hyponym,controller
someone,hyponym,ostrich
someone,hyponym,machine
someone,hyponym,counter
someone,hyponym,worker
someone,hyponym,mouse
someone,hyponym,comforter
someone,hyponym,image
someone,hyponym,female
someone,hyponym,adult
someone,hyponym,dresser
someone,hyponym,shaker
someone,hyponym,beard
someone,hyponym,ruler
someone,hyponym,man
someone,hyponym,face
someone,hyponym,player
someone,hyponym,sweater
someone,hyponym,engineer
someone,hyponym,jumper
someone,hyponym,male
someone,hyponym,blonde
someone,hyponym,slipper
someone,hyponym,tiger
someone,hyponym,match
someone,synonym,person
someone,synonym,individual
someone,part_meronym,figure
someone,part_meronym,shape
someone,part_meronym,frame
baskets,hypernym,container
baskets,synonym,basket
baskets,hypernym,goal
baskets,synonym,hoop
boardwalk,hypernym,walk
boardwalk,hypernym,walkway
kitty,synonym,pool
kitty,synonym,pot
kitty,synonym,kitten
unit,hyponym,point
unit,hypernym,part
unit,hypernym,portion
unit,hyponym,side
unit,hyponym,family
unit,hyponym,house
unit,hyponym,home
unit,hyponym,team
unit,hyponym,company
unit,hyponym,outfit
unit,hyponym,one
unit,hypernym,thing
unit,hyponym,chain
unit,hyponym,couple
unit,hyponym,group
unit,part_meronym,part
unit,part_meronym,piece
unit,hypernym,object
unit,hyponym,item
unit,part_meronym,portion
unit,part_meronym,section
tripod,hypernym,rack
tripod,hypernym,stand
tripod,hyponym,easel
tripod,part_meronym,leg
porch,hypernym,structure
porch,hypernym,construction
porch,hyponym,deck
porch,part_holonym,house
shutters,synonym,shutter
shutters,part_holonym,camera
shutters,hypernym,blind
shutters,hypernym,screen
stripe,synonym,band
stripe,part_holonym,garment
stripe,hypernym,badge
stripe,synonym,stripes
stripe,hypernym,marking
stripe,hyponym,band
stripe,synonym,streak
stripe,synonym,bar
roadside,hypernym,edge
roadside,part_holonym,way
child,hyponym,monkey
child,hyponym,toddler
child,synonym,kid
child,synonym,fry
child,hyponym,baby
child,hypernym,person
child,hypernym,individual
child,hypernym,someone
child,synonym,baby
halter,part_holonym,harness
halter,hypernym,rope
halter,hypernym,top
halter,hypernym,wing
5,hypernym,figure
5,synonym,fin
necklace,hypernym,jewelry
necklace,hyponym,collar
necklace,hyponym,chain
necklace,hyponym,string
necklace,part_meronym,pendant
jars,hypernym,vessel
jars,hyponym,vase
jars,synonym,jar
jars,part_meronym,lid
jars,part_meronym,mouth
jars,hypernym,bump
sleeves,synonym,sleeve
sleeves,synonym,arm
sleeves,part_meronym,elbow
sleeves,part_meronym,cuff
sleeves,part_meronym,wristband
sleeves,part_holonym,garment
sleeves,hypernym,case
