subject,relation,object
hoop,hypernym,skeleton
hoop,hypernym,frame
hoop,hypernym,band
hoop,hyponym,collar
hoop,hyponym,tire
hoop,hyponym,tyre
hoop,hyponym,rim
hoop,synonym,ring
hoop,partHolonym,barrel
hoop,hypernym,goal
hoop,synonym,basket
sun,hypernym,light
sun,synonym,sunlight
sun,synonym,sunshine
sun,hypernym,star
recliner,hypernym,armchair
hubcap,hypernym,cap
gentleman,hypernym,man
gentleman,synonym,man
buckets,hypernym,vessel
buckets,synonym,bucket
buckets,synonym,pail
skates,synonym,skate
bison,hyponym,buffalo
goods,hypernym,artifact
goods,hyponym,merchandise
goods,hyponym,product
license,hypernym,instrument
papers,hypernym,writing
papers,hyponym,platform
papers,hyponym,instrument
papers,hyponym,copyright
papers,hyponym,enclosure
papers,synonym,document
papers,hypernym,material
papers,hypernym,stuff
papers,hyponym,card
papers,hyponym,sheet
papers,hyponym,cardboard
papers,hyponym,linen
papers,hyponym,tissue
papers,hyponym,wallpaper
papers,hyponym,pad
papers,hyponym,tablet
papers,hyponym,newspaper
papers,synonym,paper
papers,hyponym,rag
papers,synonym,newspaper
papers,partMeronym,column
papers,partMeronym,strip
papers,hypernym,product
algae,hyponym,seaweed
taillights,hypernym,lamp
taillights,synonym,taillight
pilot,hypernym,flyer
pilot,hypernym,model
pilot,synonym,fender
pilot,partHolonym,locomotive
pilot,partHolonym,engine
softball,hypernym,ball
softball,hypernym,baseball
family,hypernym,unit
family,synonym,house
family,synonym,home
family,hyponym,couple
family,hyponym,match
family,hypernym,collection
family,hyponym,stamp
family,hypernym,line
family,hypernym,blood
family,hyponym,people
family,hyponym,name
family,hyponym,house
tier,synonym,level
tier,hypernym,worker
tier,hypernym,rope
tier,hypernym,layer
tier,hypernym,bed
puddle,hypernym,water
puddle,synonym,pool
puddle,hypernym,place
puddle,hypernym,spot
symbol,hypernym,signal
symbol,hypernym,sign
symbol,hyponym,item
symbol,hyponym,mark
symbol,hyponym,brand
symbol,hyponym,stain
symbol,hyponym,award
symbol,hyponym,stamp
symbol,hyponym,icon
symbol,hyponym,numeral
symbol,hyponym,number
symbol,hyponym,mantle
symbol,hyponym,nose
symbol,hyponym,marker
symbol,hyponym,marking
symbol,hyponym,emblem
filling,hypernym,material
filling,hypernym,stuff
filling,hyponym,cement
filling,hypernym,mixture
filling,hypernym,thread
filling,hypernym,yarn
wheels,hypernym,machine
wheels,hyponym,roller
wheels,hyponym,gear
wheels,synonym,wheel
wheels,partMeronym,rim
wheels,synonym,rack
wheels,synonym,bicycle
wheels,synonym,bike
wheels,synonym,cycle
wheels,partMeronym,chain
wheels,partMeronym,handlebar
wheels,partMeronym,saddle
wheels,partMeronym,kickstand
wheels,partMeronym,pedal
litter,hypernym,trash
litter,hyponym,sedan
litter,hypernym,material
litter,hypernym,stuff
litter,synonym,bedding
windscreen,hypernym,screen
windscreen,synonym,windshield
windscreen,partHolonym,airplane
windscreen,partHolonym,aeroplane
windscreen,partHolonym,plane
windscreen,partHolonym,motorboat
metal,hyponym,iron
metal,hyponym,lead
metal,hyponym,tin
metal,hypernym,mixture
metal,hyponym,steel
rest,hypernym,part
rest,hypernym,portion
rest,hypernym,break
rest,hypernym,support
rest,hyponym,headrest
rest,hyponym,armrest
biscuit,hypernym,cake
biscuit,hyponym,snap
biscuit,hyponym,brownie
biscuit,synonym,cookie
cuff,hypernym,lap
cuff,partHolonym,leg
cuff,partHolonym,sleeve
cuff,partHolonym,arm
cuff,hypernym,hamper
tents,hypernym,shelter
tents,hyponym,pavilion
tents,hyponym,marquee
tents,hyponym,canvas
tents,synonym,tent
tents,partMeronym,guy
stadium,hypernym,structure
stadium,hypernym,construction
stadium,hyponym,dome
stadium,hyponym,park
stadium,synonym,bowl
stadium,synonym,arena
stadium,partMeronym,field
stadium,partMeronym,stand
leaf,hyponym,pad
leaf,hyponym,frond
leaf,hyponym,greenery
leaf,hyponym,pitcher
leaf,hyponym,scale
leaf,hyponym,blade
leaf,synonym,foliage
leaf,hypernym,sheet
leaf,hyponym,page
leaf,hypernym,section
clothes,hypernym,clothing
clothes,synonym,dress
sunflowers,hypernym,flower
sunflowers,synonym,sunflower
tattoos,synonym,tattoo
tattoos,hypernym,design
tattoos,hypernym,pattern
tattoos,hypernym,figure
tattoos,hypernym,decoration
midair,hypernym,point
pupil,synonym,student
pupil,hyponym,boarder
eyelash,hypernym,hair
eyelash,partHolonym,eyelid
eyelash,partHolonym,lid
grounds,hypernym,information
grounds,hyponym,sign
grounds,hyponym,lead
grounds,hyponym,track
grounds,hyponym,trail
grounds,hypernym,field
grounds,hyponym,backyard
grounds,hyponym,playground
grounds,hyponym,garden
grounds,synonym,yard
grounds,hypernym,object
grounds,hyponym,plain
grounds,hyponym,field
grounds,hyponym,island
grounds,hyponym,forest
grounds,hyponym,floor
grounds,hyponym,cape
grounds,hyponym,neck
grounds,synonym,land
grounds,synonym,earth
grounds,synonym,ground
grounds,partHolonym,earth
grounds,partHolonym,globe
grounds,hypernym,material
grounds,hypernym,stuff
grounds,hyponym,soil
grounds,hyponym,dirt
grounds,hypernym,foundation
grounds,hypernym,view
grounds,hypernym,scene
grounds,synonym,background
grounds,hyponym,bottom
grounds,hyponym,turf
grounds,synonym,soil
grounds,hypernym,connector
grounds,hypernym,surface
grounds,hyponym,couch
juice,hyponym,gravy
boards,synonym,board
boards,synonym,plank
boards,partMeronym,knot
boards,hypernym,sheet
boards,hyponym,hawk
boards,hyponym,skateboard
boards,hyponym,snowboard
boards,hyponym,surfboard
boards,hyponym,scoreboard
boards,hyponym,pallet
boards,hyponym,wakeboard
boards,synonym,table
boards,hypernym,display
boards,hypernym,table
boards,hyponym,dashboard
boards,synonym,panel
boards,synonym,card
boards,hypernym,surface
squirrel,hypernym,fur
icons,hypernym,symbol
icons,synonym,icon
icons,hyponym,graphic
icons,hyponym,reflection
icons,hyponym,foil
icons,synonym,picture
icons,synonym,image
icons,hypernym,painting
icons,hypernym,picture
smiling,synonym,smile
smiling,synonym,grin
radio,partHolonym,radio
radio,partMeronym,radio
check,hyponym,kite
check,hypernym,bill
check,synonym,tab
check,synonym,hitch
check,synonym,stop
check,hypernym,mark
check,synonym,tick
check,hyponym,obstacle
check,hypernym,blemish
check,synonym,chip
check,synonym,bridle
check,synonym,curb
buttons,hypernym,fastener
buttons,synonym,button
buttons,hypernym,switch
buttons,hyponym,bell
buttons,hypernym,badge
buttons,hypernym,device
buttons,hypernym,artifact
t,hypernym,base
t,hypernym,letter
feathers,hyponym,down
feathers,synonym,feather
feathers,partMeronym,shaft
feathers,partMeronym,vane
feathers,partHolonym,bird
feathers,partHolonym,row
wing,hyponym,halter
wing,partHolonym,bird
wing,partHolonym,angel
wing,partHolonym,bat
wing,hypernym,surface
wing,partMeronym,flap
wing,partMeronym,flaps
wing,partMeronym,rib
wing,partHolonym,airplane
wing,partHolonym,aeroplane
wing,partHolonym,plane
wing,hypernym,stage
wing,hypernym,formation
wing,hypernym,place
wing,hypernym,portion
wing,hypernym,barrier
wing,synonym,fender
wing,partHolonym,car
wing,partHolonym,automobile
wing,partHolonym,machine
wing,partHolonym,building
daughter,synonym,girl
images,hyponym,picture
images,synonym,image
images,hyponym,graphic
images,hyponym,reflection
images,hyponym,foil
images,synonym,picture
images,synonym,icon
images,hypernym,model
images,synonym,figure
images,hypernym,person
images,hypernym,individual
images,hypernym,someone
images,hypernym,set
images,synonym,range
raspberry,hypernym,berry
raspberry,synonym,bird
infant,hypernym,child
infant,hypernym,kid
infant,synonym,baby
rooster,hypernym,chicken
tShirt,hypernym,shirt
tShirt,hyponym,turtleneck
tShirt,hyponym,turtle
tShirt,synonym,jersey
underside,hypernym,side
underside,hypernym,face
underside,hyponym,heel
underside,hyponym,sole
underside,hyponym,underbelly
underside,hyponym,base
underside,synonym,bottom
kale,hypernym,money
kale,synonym,bread
kale,synonym,cabbage
kale,synonym,dough
kale,synonym,lettuce
kale,synonym,scratch
kale,synonym,sugar
kale,hypernym,cabbage
pepperoni,hypernym,sausage
boys,hypernym,male
boys,hyponym,cub
boys,synonym,boy
boys,hypernym,man
boys,synonym,son
baseboard,hypernym,molding
baseboard,hypernym,moulding
referee,hypernym,official
float,hypernym,drink
float,hypernym,display
float,hypernym,artifact
float,hyponym,chip
float,hyponym,raft
float,hyponym,cork
lever,hypernym,bar
lever,hyponym,stick
lever,hyponym,key
lever,hyponym,pedal
lever,hypernym,machine
lever,hypernym,tumbler
riverbank,hypernym,bank
paint,hypernym,coat
paint,hypernym,color
paint,hypernym,space
paint,synonym,key
paint,hypernym,makeup
bread,hyponym,loaf
bread,hyponym,toast
bread,hyponym,bun
bread,hyponym,roll
bread,hyponym,cracker
bread,hyponym,crouton
bread,partHolonym,sandwich
bread,hypernym,money
bread,synonym,cabbage
bread,synonym,dough
bread,synonym,kale
bread,synonym,lettuce
bread,synonym,scratch
bread,synonym,sugar
foundation,hyponym,ground
foundation,hypernym,support
foundation,hyponym,bed
foundation,synonym,base
foundation,synonym,foot
foundation,partHolonym,structure
foundation,partHolonym,construction
expression,hyponym,light
expression,synonym,face
expression,synonym,reflection
expression,hypernym,language
expression,hyponym,wording
expression,synonym,construction
girls,hypernym,woman
girls,hyponym,baby
girls,hyponym,doll
girls,hyponym,skirt
girls,hyponym,bird
girls,synonym,girl
girls,hypernym,female
girls,synonym,daughter
home,synonym,place
home,hypernym,housing
home,hyponym,house
home,hyponym,lodge
home,partMeronym,kitchen
home,partMeronym,bedroom
home,partMeronym,bathroom
home,partMeronym,bath
home,hypernym,base
home,hypernym,bag
home,synonym,plate
home,synonym,base
home,hypernym,root
home,hypernym,unit
home,synonym,family
home,synonym,house
condiments,hypernym,seasoning
condiments,hyponym,ketchup
condiments,hyponym,salsa
condiments,hyponym,sauce
condiments,hyponym,dip
condiments,hyponym,relish
condiments,hyponym,mustard
condiments,hyponym,spread
condiments,synonym,condiment
kids,hyponym,monkey
kids,hyponym,toddler
kids,synonym,child
kids,synonym,kid
kids,synonym,fry
kids,hypernym,leather
kids,hyponym,baby
kids,hyponym,infant
kids,hypernym,goat
indentation,hypernym,space
indentation,hypernym,place
indentation,synonym,indent
bath,hypernym,vessel
bath,synonym,bathtub
bath,synonym,tub
bath,partHolonym,bathroom
bath,partHolonym,bath
bath,hypernym,room
bath,synonym,bathroom
bath,partMeronym,bathtub
bath,partMeronym,bath
bath,partMeronym,tub
bath,partMeronym,toilet
bath,partMeronym,can
bath,partMeronym,commode
bath,partMeronym,pot
bath,partMeronym,stool
bath,partHolonym,home
indicator,hypernym,signal
indicator,hypernym,sign
indicator,hypernym,device
indicator,hyponym,level
indicator,hyponym,scale
indicator,hyponym,dial
indicator,hypernym,color
collection,hypernym,group
collection,hyponym,vegetation
collection,hyponym,traffic
collection,hyponym,string
collection,hyponym,family
collection,hyponym,signage
collection,hyponym,mail
collection,hyponym,post
collection,hyponym,library
collection,hyponym,wardrobe
collection,hyponym,pile
collection,hyponym,mound
collection,hyponym,information
collection,hyponym,battery
collection,hyponym,pack
collection,hyponym,book
collection,hyponym,block
collection,hyponym,package
collection,hyponym,bundle
collection,hyponym,packet
collection,hyponym,set
collection,hyponym,hand
collection,hyponym,mixture
collection,hyponym,bunch
collection,hyponym,lot
collection,hyponym,pickup
house,hypernym,building
house,hypernym,home
house,hyponym,cabin
house,hyponym,hall
house,hyponym,lodge
house,partMeronym,library
house,partMeronym,porch
house,hypernym,business
house,hypernym,audience
house,hypernym,family
house,hypernym,part
house,synonym,sign
house,hypernym,unit
house,synonym,family
house,synonym,home
house,partMeronym,circle
house,partMeronym,stage
house,partMeronym,pit
mulch,hypernym,protection
star,hyponym,sun
star,hypernym,player
star,synonym,lead
star,hypernym,character
cauliflower,partMeronym,cauliflower
cauliflower,partHolonym,cauliflower
bats,synonym,bat
bats,partMeronym,wing
bats,hypernym,turn
bats,hypernym,racket
bats,hypernym,racquet
bats,partMeronym,handle
bats,partMeronym,grip
bats,hypernym,club
bats,hyponym,paddle
parent,hyponym,father
parent,hyponym,mother
clip,synonym,magazine
clip,partHolonym,gun
clip,hypernym,case
clip,synonym,time
clip,hypernym,fastener
clip,hypernym,jewelry
clip,hypernym,cut
glasses,hyponym,goggles
glasses,hyponym,sunglasses
glasses,hyponym,shades
glasses,synonym,spectacles
glasses,synonym,eyeglasses
glasses,partMeronym,bridge
glasses,partHolonym,frame
glasses,synonym,glass
glasses,partHolonym,glass
glasses,hypernym,container
glasses,hyponym,tumbler
glasses,hyponym,pony
glasses,hyponym,wineglass
glasses,hyponym,goblet
glasses,hyponym,bumper
glasses,partMeronym,glass
glasses,synonym,chalk
glasses,synonym,ice
glasses,synonym,trash
glasses,hypernym,mirror
glasses,hypernym,glassware
bikes,hyponym,motorbike
bikes,synonym,motorcycle
bikes,synonym,bike
bikes,partMeronym,kickstand
bikes,synonym,bicycle
bikes,synonym,wheel
bikes,synonym,cycle
bikes,partMeronym,chain
bikes,partMeronym,handlebar
bikes,partMeronym,saddle
bikes,partMeronym,pedal
page,hypernym,leaf
page,hyponym,spread
tablet,hypernym,slab
tablet,hypernym,paper
tablet,hyponym,notepad
tablet,synonym,pad
tablet,hypernym,cake
tablet,hypernym,bar
tablet,synonym,tab
muffler,partHolonym,exhaust
muffler,hypernym,scarf
muffler,hypernym,device
muffler,hyponym,cushion
fins,hypernym,figure
fins,synonym,five
fins,synonym,5
fins,synonym,fin
fins,hypernym,decoration
fins,hypernym,ornament
fins,partHolonym,car
fins,partHolonym,automobile
fins,partHolonym,machine
fins,hypernym,slat
fins,hypernym,shoe
fins,hypernym,stabilizer
fins,hyponym,vane
fins,partHolonym,ship
fins,hypernym,member
fins,partHolonym,fish
oars,hyponym,paddle
oars,synonym,oar
oars,partMeronym,blade
oars,partMeronym,vane
mannequin,synonym,model
bedding,hyponym,bedspread
bedding,hyponym,spread
bedding,hyponym,throw
bedding,hyponym,quilt
bedding,hyponym,comforter
bedding,hyponym,blanket
bedding,hyponym,cover
bedding,hypernym,material
bedding,hypernym,stuff
bedding,synonym,litter
intersection,hypernym,point
intersection,hyponym,corner
intersection,synonym,crossing
intersection,partHolonym,road
intersection,partHolonym,route
intersection,hypernym,set
intersection,synonym,product
showerhead,hypernym,nozzle
showerhead,hypernym,nose
showerhead,partHolonym,shower
indent,hypernym,space
indent,hypernym,place
indent,synonym,indentation
onlookers,hypernym,spectator
onlookers,hypernym,viewer
post,hypernym,place
post,synonym,station
post,hypernym,business
post,hypernym,line
post,hyponym,chair
post,hyponym,plum
post,synonym,office
post,synonym,spot
post,synonym,place
post,hyponym,lamppost
post,hyponym,stake
post,hyponym,stump
post,hypernym,collection
post,synonym,mail
post,synonym,stake
roller,hypernym,wave
roller,synonym,roll
roller,hypernym,wheel
roller,hypernym,cylinder
roller,synonym,tumbler
berries,hyponym,strawberry
berries,hyponym,blackberry
berries,hyponym,blueberry
berries,hyponym,raspberry
berries,synonym,berry
berries,partHolonym,berry
berries,hypernym,fruit
berries,partMeronym,berry
beret,hypernym,cap
melon,hyponym,watermelon
melon,partHolonym,melon
melon,hyponym,cucumber
melon,partMeronym,melon
beverage,hypernym,food
beverage,hypernym,liquid
beverage,hyponym,mixer
beverage,hyponym,cooler
beverage,hyponym,coffee
beverage,hyponym,chocolate
beverage,hyponym,tea
beverage,hyponym,alcohol
beverage,hyponym,milk
beverage,synonym,drink
blaze,hypernym,fire
blaze,hypernym,flame
blaze,synonym,glare
blaze,hypernym,marking
grinder,hypernym,sandwich
grinder,synonym,sub
grinder,synonym,wedge
grinder,hypernym,tooth
grinder,hypernym,machinery
grinder,hyponym,windmill
veggie,hypernym,produce
veggie,hyponym,asparagus
veggie,hyponym,squash
veggie,hyponym,plantain
veggie,hyponym,celery
veggie,hyponym,pumpkin
veggie,hyponym,mushroom
veggie,hyponym,onion
veggie,hyponym,greens
veggie,hyponym,green
veggie,hyponym,cucumber
veggie,synonym,vegetable
veggie,partHolonym,herb
rivet,hypernym,decoration
rivet,hypernym,ornament
rivet,synonym,stud
rivet,hypernym,pin
magnets,hypernym,device
magnets,synonym,magnet
magnets,partMeronym,pole
chains,hypernym,hamper
chains,synonym,chain
chains,hypernym,unit
chains,hyponym,ring
chains,partHolonym,bicycle
chains,partHolonym,bike
chains,partHolonym,wheel
chains,partHolonym,cycle
chains,hypernym,business
chains,partMeronym,yard
chains,partMeronym,link
chains,hypernym,formation
chains,synonym,range
chains,hypernym,necklace
chains,synonym,string
chains,synonym,strand
sword,hypernym,arm
sword,synonym,blade
sword,synonym,brand
sword,synonym,steel
sword,partMeronym,point
sword,partMeronym,tip
sword,partMeronym,peak
sword,partMeronym,blade
pedals,hypernym,note
pedals,synonym,pedal
pedals,hypernym,lever
pedals,hyponym,gun
pedals,partHolonym,bicycle
pedals,partHolonym,bike
pedals,partHolonym,wheel
pedals,partHolonym,cycle
cords,hypernym,trouser
cords,hypernym,pant
cords,hypernym,line
cords,hyponym,string
cords,hyponym,lace
cords,hyponym,thread
cords,hyponym,yarn
cords,hyponym,piping
cords,hyponym,tie
cords,hyponym,lanyard
cords,synonym,cord
cords,hypernym,conductor
cords,hypernym,fabric
cords,hypernym,cloth
cords,hypernym,material
ships,hypernym,vessel
ships,synonym,ship
ships,partMeronym,skeleton
ships,partMeronym,frame
ships,partMeronym,bay
ships,partMeronym,screw
ships,partMeronym,caboose
ships,partMeronym,deck
ships,partMeronym,poop
ships,partMeronym,tail
ships,partMeronym,fin
ships,partMeronym,log
ships,partMeronym,top
ships,partMeronym,sheet
steps,hypernym,stairway
steps,hypernym,staircase
steps,hyponym,ladder
steps,synonym,stairs
steps,hypernym,path
steps,hypernym,track
steps,hypernym,course
steps,hyponym,guard
steps,synonym,step
steps,synonym,footstep
steps,hyponym,footstep
steps,hyponym,tread
steps,hypernym,support
steps,synonym,stair
steps,partMeronym,tread
steps,partHolonym,stairway
steps,partHolonym,staircase
steps,hyponym,cut
steps,hypernym,mark
steps,hypernym,print
steps,synonym,footprint
steps,hypernym,block
pretzel,hypernym,cracker
lighthouse,hypernym,tower
anchor,hypernym,hook
anchor,hypernym,claw
anchor,partMeronym,stem
anchor,partHolonym,vessel
anchor,hypernym,support
window,hyponym,skylight
window,partMeronym,sash
window,partMeronym,casing
window,partMeronym,case
window,partMeronym,pane
window,partMeronym,window
window,partHolonym,building
window,hypernym,opening
window,partHolonym,car
window,partHolonym,automobile
window,partHolonym,machine
window,partHolonym,bus
window,partHolonym,coach
window,hypernym,panel
window,hypernym,gap
window,hypernym,pane
window,partHolonym,window
window,hypernym,display
window,hyponym,foreground
window,hyponym,panel
pigeons,hyponym,dove
pigeons,synonym,pigeon
sushi,hypernym,dish
drinks,hypernym,portion
drinks,hyponym,toast
drinks,hyponym,float
drinks,synonym,drink
drinks,synonym,drinking
drinks,hypernym,food
drinks,hypernym,liquid
drinks,hyponym,mixer
drinks,hyponym,cooler
drinks,hyponym,coffee
drinks,hyponym,chocolate
drinks,hyponym,tea
drinks,hyponym,alcohol
drinks,hyponym,milk
drinks,synonym,beverage
drinks,hypernym,water
scooters,hypernym,motorboat
scooters,synonym,scooter
scooters,hypernym,vessel
chip,hyponym,scale
chip,synonym,bit
chip,hypernym,float
chip,hypernym,droppings
chip,hypernym,dung
chip,hypernym,blemish
chip,synonym,check
chip,hypernym,counter
chip,partHolonym,computer
chip,hypernym,break
highlighter,hypernym,marker
shoelace,hypernym,lace
shoelace,partHolonym,shoe
cook,hyponym,cookie
cook,hyponym,chef
merchandise,hyponym,cargo
merchandise,hyponym,line
merchandise,hyponym,number
merchandise,synonym,product
merchandise,partHolonym,outlet
weed,hypernym,band
weed,synonym,pot
weed,synonym,grass
weed,synonym,smoke
rail,hypernym,barrier
rail,hyponym,guardrail
rail,hyponym,bar
rail,synonym,railing
rail,partHolonym,bannister
rail,partHolonym,banister
rail,partHolonym,handrail
rail,hypernym,railway
rail,hypernym,railroad
rail,hypernym,bar
rail,synonym,track
rail,synonym,rails
rail,synonym,runway
rail,partHolonym,railroad
rail,partHolonym,railway
workers,hypernym,person
workers,hypernym,individual
workers,hypernym,someone
workers,hyponym,employee
workers,hyponym,wiper
workers,hyponym,planter
workers,hyponym,gutter
workers,hyponym,poster
workers,hyponym,hanger
workers,hyponym,topper
workers,hyponym,bleacher
workers,hyponym,tier
workers,hyponym,washer
workers,hyponym,driver
workers,synonym,worker
workers,hyponym,soldier
flying,hypernym,air
flying,synonym,flight
outfield,partMeronym,right
outfield,partMeronym,center
outfield,partMeronym,left
outfield,partHolonym,diamond
logos,synonym,logo
shorts,hypernym,trouser
shorts,hypernym,pant
shorts,synonym,trunks
shorts,synonym,drawers
shorts,synonym,short
shorts,partHolonym,diamond
shorts,partHolonym,infield
controllers,synonym,controller
controllers,hypernym,person
controllers,hypernym,individual
controllers,hypernym,someone
controllers,hypernym,mechanism
controllers,hyponym,valve
controllers,hyponym,switch
controllers,hyponym,dial
controllers,synonym,control
candy,hyponym,rock
candy,hyponym,patty
ramp,hypernym,stairway
ramp,hypernym,staircase
notes,synonym,note
notes,synonym,line
notes,hyponym,chord
notes,hyponym,pedal
notes,hypernym,air
notes,synonym,bill
notes,hyponym,credit
controller,hypernym,person
controller,hypernym,individual
controller,hypernym,someone
controller,hypernym,mechanism
controller,hyponym,valve
controller,hyponym,switch
controller,hyponym,dial
controller,synonym,control
children,hyponym,monkey
children,hyponym,toddler
children,synonym,child
children,synonym,kid
children,synonym,fry
children,hyponym,baby
children,hyponym,infant
children,hypernym,person
children,hypernym,individual
children,hypernym,someone
children,synonym,baby
compass,hyponym,pallet
compass,hyponym,horizon
compass,hyponym,view
compass,synonym,range
grassland,hyponym,meadow
grassland,hyponym,pasture
grassland,hyponym,savannah
arrow,hypernym,mark
arrow,partMeronym,point
arrow,partMeronym,head
arrow,partMeronym,shaft
arrow,hypernym,missile
arrow,partMeronym,vane
mechanism,hyponym,barrier
mechanism,hypernym,device
mechanism,hyponym,lock
mechanism,hyponym,control
mechanism,hyponym,controller
mechanism,hyponym,carriage
mechanism,hyponym,drive
mechanism,hyponym,radiator
mechanism,hyponym,gear
stockings,hypernym,hose
stockings,synonym,stocking
doughnuts,synonym,ring
doughnuts,synonym,doughnut
doughnuts,synonym,donut
interior,hypernym,part
interior,synonym,inside
interior,hypernym,surface
interior,hyponym,belly
phones,hyponym,handset
phones,synonym,telephone
phones,synonym,phone
phones,synonym,headphone
trick,hypernym,device
trick,hypernym,customer
trick,hypernym,turn
blind,hypernym,people
blind,hypernym,screen
blind,hypernym,cover
blind,hypernym,protection
blind,hyponym,blinker
blind,hyponym,blinder
blind,hyponym,shutter
blind,hyponym,curtain
blind,hyponym,drape
blind,hyponym,mantle
blind,synonym,screen
mouse,hypernym,bruise
mouse,hypernym,person
mouse,hypernym,individual
mouse,hypernym,someone
cookies,hypernym,cake
cookies,hyponym,snap
cookies,hyponym,brownie
cookies,synonym,cookie
cookies,synonym,biscuit
cookies,hypernym,cook
cookies,hypernym,text
beef,hypernym,cattle
beef,hypernym,cows
beef,hypernym,oxen
beef,hypernym,meat
beef,hyponym,hamburger
beef,partHolonym,cattle
beef,partHolonym,cows
beef,partHolonym,oxen
dog,hyponym,poodle
dog,hyponym,toy
dog,hyponym,puppy
dog,partMeronym,flag
dog,synonym,heel
dog,hypernym,sausage
dog,synonym,hotdog
dog,partHolonym,hotdog
dog,hypernym,stop
dog,hypernym,support
lining,hypernym,protection
lining,synonym,liner
lining,partHolonym,garment
lining,hypernym,covering
people,hypernym,group
people,hyponym,blind
people,hyponym,blood
people,hyponym,business
people,hyponym,land
people,hyponym,country
people,hyponym,pocket
people,hypernym,family
people,hyponym,audience
grass,hyponym,cereal
grass,synonym,pasture
grass,synonym,pot
grass,synonym,weed
grass,synonym,smoke
violin,hypernym,string
motorbikes,hypernym,motorcycle
motorbikes,hypernym,bike
motorbikes,hyponym,moped
motorbikes,synonym,motorbike
spectacle,hypernym,display
pews,hypernym,bench
pews,synonym,pew
headstone,synonym,key
headstone,partHolonym,arch
headstone,hypernym,stone
headstone,hypernym,monument
cranes,synonym,crane
fields,hyponym,yard
fields,hyponym,grounds
fields,hyponym,lawn
fields,synonym,field
fields,partMeronym,front
fields,hypernym,business
fields,hyponym,front
fields,hyponym,land
fields,hyponym,lap
fields,synonym,sphere
fields,synonym,area
fields,synonym,arena
fields,hyponym,diamond
fields,hyponym,arena
fields,hyponym,court
fields,partHolonym,stadium
fields,partHolonym,bowl
fields,partHolonym,arena
fields,hypernym,land
fields,hypernym,earth
fields,hypernym,ground
fields,hyponym,flat
fields,synonym,plain
fields,hypernym,set
fields,hyponym,airport
fields,hyponym,strip
fields,synonym,airfield
fields,partMeronym,runway
fields,partMeronym,apron
turbine,partMeronym,blade
turbine,partMeronym,vane
lizard,hyponym,monitor
joint,hyponym,knee
joint,hyponym,elbow
joint,hypernym,spot
joint,hypernym,link
joint,hypernym,cut
joint,hyponym,scarf
joint,hyponym,hinge
joint,hyponym,butt
joint,hyponym,seam
joint,hypernym,cigarette
joint,hypernym,butt
joint,synonym,stick
s,hypernym,letter
cardboard,hypernym,paper
cardboard,hyponym,card
he,hypernym,letter
decor,hypernym,decoration
decor,hypernym,ornament
pedestal,hypernym,support
pedestal,synonym,base
pedestal,synonym,stand
pedestal,partHolonym,column
pedestal,partHolonym,pillar
soup,hypernym,dish
soup,hyponym,broth
marble,hypernym,rock
marble,hypernym,stone
marble,hypernym,ball
marble,hypernym,sculpture
markers,hypernym,artifact
markers,synonym,marker
markers,hypernym,symbol
markers,hyponym,spot
markers,hyponym,peg
markers,hyponym,pin
markers,hyponym,brand
markers,hyponym,watermark
markers,hyponym,label
markers,synonym,marking
markers,synonym,mark
markers,hyponym,highlighter
driftwood,hypernym,wood
kettle,hypernym,pot
kettle,hypernym,hole
fan,hypernym,device
groceries,hypernym,market
groceries,synonym,market
groceries,partMeronym,shelf
cakes,hypernym,block
cakes,hyponym,tablet
cakes,synonym,cake
cakes,synonym,bar
cakes,hypernym,dish
cakes,synonym,patty
cakes,hyponym,cookie
cakes,hyponym,biscuit
cakes,hyponym,waffle
cakes,hyponym,cupcake
cakes,hyponym,pancake
cakes,hyponym,cheesecake
plants,synonym,plant
plants,hyponym,houseplant
plants,partMeronym,hood
plants,partMeronym,cap
plants,hypernym,player
fog,hyponym,mist
fog,synonym,haze
cookie,hypernym,cake
cookie,hyponym,snap
cookie,hyponym,brownie
cookie,synonym,biscuit
cookie,hypernym,cook
cookie,hypernym,text
tanks,synonym,tank
tanks,partMeronym,turret
tanks,hypernym,vessel
tanks,hyponym,aquarium
tanks,hypernym,cell
tanks,synonym,cooler
skirt,partMeronym,seat
skirt,partMeronym,lap
skirt,partHolonym,garment
skirt,hypernym,garment
skirt,partMeronym,zipper
skirt,hypernym,girl
skirt,synonym,doll
skirt,synonym,bird
speedometer,hypernym,meter
streaks,synonym,streak
streaks,hypernym,marking
streaks,hyponym,band
streaks,synonym,stripe
streaks,synonym,bar
streaks,hypernym,flash
f,hypernym,letter
bicycles,synonym,bicycle
bicycles,synonym,bike
bicycles,synonym,wheel
bicycles,synonym,cycle
bicycles,partMeronym,chain
bicycles,partMeronym,handlebar
bicycles,partMeronym,saddle
bicycles,partMeronym,kickstand
bicycles,partMeronym,pedal
snow,partMeronym,snowflake
snow,hypernym,layer
snow,synonym,coke
piles,synonym,stacks
piles,hypernym,collection
piles,hyponym,stack
piles,synonym,pile
piles,synonym,mound
piles,synonym,flock
piles,synonym,lot
piles,synonym,mountain
piles,synonym,pot
piles,synonym,raft
piles,synonym,stack
piles,hypernym,money
piles,synonym,bundle
piles,hypernym,hair
piles,synonym,down
piles,hypernym,battery
piles,hypernym,column
piles,hypernym,pillar
piles,hypernym,thread
piles,hypernym,yarn
hooks,hypernym,hand
hooks,hypernym,mitt
hooks,hypernym,paw
hooks,synonym,hook
hooks,hypernym,curve
hooks,hyponym,anchor
hooks,synonym,claw
hooks,hypernym,swing
decorations,hypernym,artifact
decorations,hyponym,molding
decorations,hyponym,moulding
decorations,hyponym,decor
decorations,hyponym,fin
decorations,hyponym,finial
decorations,hyponym,garnish
decorations,hyponym,graffiti
decorations,hyponym,hanging
decorations,hyponym,bow
decorations,hyponym,centerpiece
decorations,hyponym,stud
decorations,hyponym,rivet
decorations,hyponym,design
decorations,hyponym,pattern
decorations,hyponym,figure
decorations,hyponym,knob
decorations,synonym,decoration
decorations,synonym,ornament
decorations,hypernym,award
decorations,synonym,medal
decorations,synonym,medallion
decorations,synonym,palm
decorations,synonym,ribbon
decorations,hyponym,trimming
decorations,hyponym,tattoo
decorations,hyponym,marking
bookcase,hypernym,furniture
bookcase,partMeronym,shelf
backyard,hypernym,yard
backyard,hypernym,grounds
bedspread,hypernym,bedding
bedspread,synonym,spread
prices,synonym,price
cpu,hypernym,hardware
cpu,partHolonym,computer
legs,hypernym,limb
legs,hyponym,pin
legs,hyponym,peg
legs,hyponym,stick
legs,synonym,leg
legs,partMeronym,foot
legs,partMeronym,shin
legs,partMeronym,thigh
legs,partMeronym,knee
legs,partMeronym,ankle
legs,partHolonym,body
legs,hypernym,support
legs,partHolonym,tripod
legs,partHolonym,chair
legs,partHolonym,table
legs,partHolonym,cot
legs,hyponym,fork
legs,synonym,branch
legs,hypernym,cut
legs,synonym,peg
legs,partMeronym,cuff
legs,partHolonym,trouser
legs,partHolonym,pant
legs,hypernym,distance
legs,synonym,stage
dresser,hypernym,furniture
dresser,hyponym,commode
dresser,synonym,chest
dresser,partMeronym,shelf
dresser,partMeronym,drawer
dresser,hypernym,person
dresser,hypernym,individual
dresser,hypernym,someone
dresser,hypernym,table
dresser,synonym,vanity
dresser,hypernym,cabinet
mammal,partMeronym,coat
mammal,partMeronym,hair
wood,hyponym,olive
wood,hyponym,driftwood
wood,hyponym,knot
wood,hyponym,pine
wood,hyponym,log
wood,hyponym,pecan
wood,hyponym,gum
wood,hyponym,hardwood
wood,hyponym,wicker
wood,hyponym,bamboo
wood,hyponym,cherry
wood,hypernym,vegetation
wood,hyponym,jungle
wood,hyponym,grove
wood,synonym,forest
wood,synonym,woods
wood,hypernym,wind
wood,hyponym,reed
wood,hypernym,club
wood,hyponym,spoon
wood,hyponym,driver
toboggan,hypernym,sled
cupboard,synonym,closet
tattoo,hypernym,design
tattoo,hypernym,pattern
tattoo,hypernym,figure
tattoo,hypernym,decoration
pants,synonym,drawers
pants,synonym,pant
pants,hypernym,garment
pants,hyponym,white
pants,hyponym,slacks
pants,hyponym,sweatpants
pants,hyponym,cords
pants,hyponym,jean
pants,hyponym,denim
pants,hyponym,shorts
pants,hyponym,trunks
pants,synonym,trouser
pants,partMeronym,zipper
pants,partMeronym,trouser
pants,partMeronym,lap
pants,partMeronym,leg
pants,partMeronym,seat
keypad,hypernym,keyboard
smile,synonym,smiling
smile,synonym,grin
shower,partMeronym,showerhead
shower,hypernym,rain
shower,hyponym,sprinkle
shower,hypernym,party
wind,hypernym,weather
wind,hyponym,calm
wind,hyponym,air
wind,hypernym,direction
wind,synonym,tip
wind,synonym,lead
wind,synonym,steer
wind,hypernym,instrument
wind,hyponym,pipe
wind,hyponym,wood
wind,partMeronym,bell
sidewalk,hypernym,walk
sidewalk,hypernym,walkway
sidewalk,synonym,pavement
toilet,hypernym,room
toilet,hyponym,restroom
toilet,hyponym,closet
toilet,hyponym,head
toilet,synonym,can
toilet,synonym,bathroom
toilet,partMeronym,toilet
toilet,partMeronym,can
toilet,partMeronym,commode
toilet,partMeronym,pot
toilet,partMeronym,stool
toilet,synonym,commode
toilet,synonym,pot
toilet,synonym,stool
toilet,partHolonym,bathroom
toilet,partHolonym,bath
toilet,partHolonym,toilet
toilet,partHolonym,can
toilet,synonym,gutter
toilet,synonym,sewer
toilet,hypernym,dressing
grasses,hyponym,cereal
grasses,synonym,grass
grasses,synonym,pasture
grasses,synonym,pot
grasses,synonym,weed
grasses,synonym,smoke
present,hypernym,time
present,hyponym,date
present,hypernym,gift
icing,hypernym,topping
icing,synonym,frosting
icing,synonym,ice
surf,hypernym,wave
debris,hypernym,trash
debris,synonym,dust
debris,synonym,junk
roses,hypernym,shrub
roses,hypernym,bush
roses,synonym,rose
roses,partMeronym,hip
roses,hypernym,wine
roses,hypernym,pink
topping,hypernym,garnish
topping,hyponym,frosting
topping,hyponym,icing
topping,hyponym,ice
topping,hyponym,glaze
topping,partHolonym,dish
cave,hypernym,formation
cave,partMeronym,floor
cave,partMeronym,wall
cave,partMeronym,roof
sauerkraut,hypernym,dish
wildebeest,hypernym,antelope
room,hypernym,area
room,hyponym,hall
room,hyponym,classroom
room,hyponym,library
room,hyponym,compartment
room,hyponym,cell
room,hyponym,cubicle
room,hyponym,closet
room,hyponym,bathroom
room,hyponym,bath
room,hyponym,bar
room,hyponym,floor
room,hyponym,kitchen
room,hyponym,court
room,hyponym,door
room,hyponym,toilet
room,hyponym,can
room,hyponym,bedroom
room,partMeronym,floor
room,partMeronym,flooring
room,partMeronym,ceiling
room,partMeronym,wall
room,partHolonym,building
room,hyponym,parking
room,hyponym,seating
room,hyponym,seats
room,synonym,way
tether,synonym,leash
tether,synonym,lead
slots,synonym,slot
slots,hypernym,slit
slots,hypernym,trail
slots,hypernym,receptacle
billboard,hypernym,signboard
billboard,hypernym,sign
cane,hypernym,stalk
cane,hypernym,stem
cane,hypernym,switch
cab,hypernym,compartment
cab,hypernym,carriage
cab,hypernym,car
cab,hypernym,automobile
cab,hypernym,machine
cab,synonym,taxi
watermelon,hypernym,melon
watermelon,partMeronym,watermelon
watermelon,partHolonym,watermelon
sandwiches,hyponym,grinder
sandwiches,hyponym,sub
sandwiches,hyponym,wedge
sandwiches,hyponym,wrap
sandwiches,hyponym,hamburger
sandwiches,hyponym,burger
sandwiches,hyponym,hotdog
sandwiches,synonym,sandwich
sandwiches,partMeronym,bread
sandwiches,partHolonym,meal
shapes,hyponym,curve
shapes,synonym,shape
shapes,hyponym,circle
shapes,hyponym,square
shapes,hyponym,plane
shapes,hyponym,sheet
shapes,hyponym,triangle
shapes,hyponym,link
shapes,hyponym,column
shapes,hyponym,tower
shapes,hyponym,pillar
shapes,hyponym,line
shapes,hyponym,figure
shapes,hypernym,body
shapes,hyponym,person
shapes,synonym,figure
shapes,synonym,frame
shapes,partHolonym,person
shapes,partHolonym,individual
shapes,partHolonym,someone
shapes,partHolonym,man
shapes,partHolonym,human
shapes,synonym,cast
shapes,hypernym,structure
shapes,hyponym,strand
shapes,hyponym,grid
shapes,synonym,pattern
antler,hypernym,horn
antler,partHolonym,deer
print,hyponym,footprint
print,hyponym,step
print,hyponym,line
print,synonym,mark
print,hypernym,fabric
print,hypernym,cloth
print,hypernym,material
print,hypernym,photograph
print,hypernym,photo
print,hypernym,picture
print,hyponym,cutout
twigs,hypernym,branch
twigs,synonym,twig
trailer,hypernym,loafer
trailer,hypernym,ad
trailer,hypernym,advertisement
trailer,hypernym,advertising
trailer,hyponym,semi
trailer,partHolonym,semi
convertible,hypernym,car
convertible,hypernym,automobile
convertible,hypernym,machine
convertible,hypernym,sofa
convertible,hypernym,couch
time,hypernym,case
time,synonym,clip
time,hyponym,bit
time,hyponym,piece
time,hyponym,patch
time,hyponym,day
time,hyponym,present
time,synonym,meter
wilderness,hyponym,bush
wilderness,synonym,wild
cars,hyponym,convertible
cars,hyponym,wagon
cars,hyponym,jeep
cars,hyponym,hatchback
cars,hyponym,sedan
cars,hyponym,cab
cars,hyponym,taxi
cars,hyponym,racer
cars,hyponym,minivan
cars,hyponym,bus
cars,hyponym,ambulance
cars,synonym,car
cars,synonym,automobile
cars,synonym,machine
cars,partMeronym,bumper
cars,partMeronym,window
cars,partMeronym,fin
cars,partMeronym,hood
cars,partMeronym,bonnet
cars,partMeronym,trunk
cars,partMeronym,roof
cars,partMeronym,horn
cars,partMeronym,fender
cars,partMeronym,wing
cars,partMeronym,grille
cars,partMeronym,gun
cars,hyponym,caboose
cars,hyponym,coach
cars,hyponym,carriage
cars,hyponym,van
cars,hypernym,compartment
cars,synonym,gondola
cars,partHolonym,elevator
cars,partHolonym,lift
ball,hyponym,football
ball,hyponym,baseball
ball,hyponym,bowl
ball,hyponym,basketball
ball,hyponym,jack
ball,hyponym,softball
ball,hyponym,volleyball
ball,hyponym,marble
ball,hypernym,shot
ball,hypernym,sphere
ball,synonym,globe
ball,synonym,orb
ball,synonym,nut
ball,synonym,egg
ball,hypernym,toy
ball,synonym,lump
ball,synonym,clump
ball,synonym,chunk
ball,hypernym,structure
ball,partHolonym,sole
ball,partHolonym,hand
ball,partHolonym,mitt
ball,partHolonym,paw
ball,hypernym,baseball
ball,hypernym,pitch
wristbands,hypernym,band
wristbands,synonym,wristband
wristbands,partHolonym,sleeve
wristbands,partHolonym,arm
wristbands,synonym,bracelet
countryside,hypernym,country
race,hypernym,group
race,hyponym,color
race,hypernym,canal
slide,partMeronym,section
slide,hypernym,toy
slide,partHolonym,playground
slide,hypernym,motion
slide,hyponym,snowboarding
slide,synonym,coast
slide,hypernym,foil
slide,hypernym,gutter
slide,hypernym,trough
slide,hyponym,runway
toddler,hypernym,child
toddler,hypernym,kid
toddler,hypernym,fry
mole,hypernym,sauce
mole,hypernym,blemish
mole,hypernym,barrier
mole,synonym,jetty
motorcycle,hyponym,motorbike
motorcycle,synonym,bike
motorcycle,partMeronym,kickstand
urn,hypernym,vase
urn,hypernym,pot
skull,hypernym,bone
skull,partMeronym,jaw
skull,partHolonym,head
headrest,hypernym,cushion
headrest,hypernym,rest
extinguisher,hypernym,device
watermelons,hypernym,melon
watermelons,synonym,watermelon
watermelons,partMeronym,watermelon
watermelons,partHolonym,watermelon
skewer,hypernym,pin
bathroom,hypernym,room
bathroom,synonym,bath
bathroom,partMeronym,bathtub
bathroom,partMeronym,bath
bathroom,partMeronym,tub
bathroom,partMeronym,toilet
bathroom,partMeronym,can
bathroom,partMeronym,commode
bathroom,partMeronym,pot
bathroom,partMeronym,stool
bathroom,partHolonym,home
bathroom,hyponym,restroom
bathroom,hyponym,closet
bathroom,hyponym,head
bathroom,synonym,toilet
bathroom,synonym,can
antennae,synonym,antenna
chain,hypernym,unit
chain,hyponym,ring
chain,partHolonym,bicycle
chain,partHolonym,bike
chain,partHolonym,wheel
chain,partHolonym,cycle
chain,hypernym,business
chain,partMeronym,yard
chain,partMeronym,link
chain,hypernym,formation
chain,synonym,range
chain,hypernym,necklace
chain,synonym,string
chain,synonym,strand
panels,hypernym,sheet
panels,hyponym,paneling
panels,hyponym,pane
panels,hyponym,headboard
panels,hyponym,footboard
panels,hyponym,window
panels,synonym,panel
panels,hypernym,body
panels,hypernym,pad
panels,partHolonym,umbrella
panels,hypernym,window
panels,hyponym,dashboard
panels,synonym,board
panes,hyponym,window
panes,synonym,pane
panes,partHolonym,window
panes,hypernym,panel
panes,synonym,paneling
panes,partHolonym,wall
panes,synonym,dot
sensor,hypernym,device
ghost,hypernym,shadow
ghost,synonym,shade
sofa,hypernym,seat
sofa,hyponym,convertible
sofa,hyponym,loveseat
sofa,synonym,couch
middle,hypernym,area
middle,hypernym,country
middle,hyponym,seat
middle,synonym,center
middle,synonym,heart
middle,synonym,eye
middle,hypernym,part
middle,hypernym,section
middle,partHolonym,torso
middle,partHolonym,trunk
middle,partHolonym,body
middle,hypernym,point
bandage,hypernym,dressing
bandage,hyponym,wrapping
bandage,hyponym,cast
bandage,hyponym,truss
bandage,synonym,patch
knob,hypernym,handle
knob,hypernym,grip
knob,hyponym,doorknob
knob,hyponym,stop
knob,hypernym,decoration
knob,hypernym,ornament
roadway,hypernym,road
roadway,hypernym,route
bonnet,hypernym,hat
bonnet,hypernym,lid
bonnet,hypernym,protection
bonnet,synonym,hood
bonnet,partHolonym,airplane
bonnet,partHolonym,aeroplane
bonnet,partHolonym,plane
bonnet,partHolonym,car
bonnet,partHolonym,automobile
bonnet,partHolonym,machine
faucets,hyponym,tap
faucets,hyponym,hydrant
faucets,synonym,faucet
faucets,synonym,spigot
faucets,partMeronym,handle
faucets,partMeronym,grip
backside,hypernym,side
backside,hypernym,face
backside,synonym,rear
backside,synonym,butt
backside,synonym,buns
backside,synonym,can
backside,synonym,rump
backside,synonym,seat
backside,synonym,tail
backside,synonym,bottom
backside,synonym,behind
backside,partHolonym,torso
backside,partHolonym,trunk
backside,partHolonym,body
lab,hypernym,work
bed,hyponym,couch
bed,hyponym,hammock
bed,hyponym,sack
bed,hyponym,cot
bed,partMeronym,mattress
bed,partHolonym,bedroom
bed,hypernym,patch
bed,synonym,bottom
bed,synonym,seam
bed,hypernym,artifact
bed,hyponym,lift
bed,hyponym,mount
bed,hyponym,blanket
bed,hyponym,wall
bed,hyponym,tier
bed,hyponym,course
bed,hyponym,row
bed,hyponym,cushion
bed,synonym,layer
bed,hypernym,surface
bed,hypernym,foundation
bed,hypernym,base
bed,hypernym,foot
pieces,hypernym,part
pieces,hypernym,portion
pieces,hyponym,spindle
pieces,hyponym,beam
pieces,synonym,piece
pieces,hypernym,item
pieces,hypernym,thing
pieces,hyponym,lump
pieces,hyponym,base
pieces,hyponym,corner
pieces,hyponym,slice
pieces,hyponym,strip
pieces,synonym,part
pieces,partHolonym,unit
pieces,hypernym,music
pieces,hyponym,arrangement
pieces,hypernym,case
pieces,synonym,bit
pieces,hypernym,gun
pieces,hyponym,rifle
pieces,partMeronym,lock
pieces,synonym,slice
pieces,hypernym,distance
pieces,hypernym,time
pieces,hyponym,snap
pieces,synonym,patch
pieces,hyponym,black
pieces,hyponym,tile
pieces,hyponym,white
pieces,synonym,man
dolly,hypernym,toy
dolly,synonym,doll
team,hypernym,unit
team,hyponym,section
team,hyponym,battery
team,hyponym,five
team,partMeronym,bench
advertising,hypernym,packaging
advertising,hyponym,circular
advertising,hyponym,bill
advertising,hyponym,flyer
advertising,hyponym,trailer
advertising,synonym,ad
advertising,synonym,advertisement
advertising,hypernym,business
folders,hypernym,book
folders,synonym,booklet
folders,synonym,brochure
folders,synonym,folder
folders,synonym,pamphlet
folders,hypernym,covering
trimming,hypernym,decoration
trimming,hyponym,braid
trimming,synonym,trim
trimming,hypernym,cut
black,hypernym,dark
black,hypernym,person
black,hypernym,individual
black,hypernym,someone
black,hypernym,man
black,hypernym,piece
black,hypernym,clothing
centerpiece,hypernym,decoration
centerpiece,hypernym,ornament
notepad,hypernym,pad
notepad,hypernym,tablet
talon,hypernym,claw
lightbulb,synonym,bulb
heel,hypernym,bottom
heel,hypernym,underside
heel,hyponym,spike
heel,hyponym,wedge
heel,partMeronym,lift
heel,partHolonym,boot
heel,partHolonym,shoe
heel,partHolonym,foot
heel,synonym,dog
heel,hypernym,end
heel,hypernym,terminal
heel,partHolonym,loaf
heel,hypernym,part
heel,hypernym,portion
ink,hypernym,liquid
makeup,hyponym,lipstick
makeup,hyponym,paint
makeup,hypernym,event
makeup,hypernym,property
makeup,hyponym,structure
makeup,hyponym,texture
makeup,hyponym,grain
raspberries,synonym,raspberry
raspberries,hypernym,berry
raspberries,synonym,bird
plate,hypernym,base
plate,hypernym,bag
plate,synonym,home
plate,hypernym,sheet
plate,hyponym,grid
plate,hyponym,disk
plate,hyponym,disc
plate,hyponym,tap
plate,hypernym,crust
plate,hypernym,structure
plate,hyponym,comb
plate,partHolonym,tube
plate,partHolonym,structure
plate,partHolonym,construction
plate,hypernym,receptacle
plate,hypernym,shield
plate,hyponym,shoe
plate,synonym,scale
plate,synonym,shell
plate,hyponym,bridge
dessert,hypernym,course
dessert,hyponym,mold
pearls,synonym,pearl
pearls,hypernym,white
pearls,synonym,bone
pearls,hypernym,sphere
pearls,synonym,drop
pearls,synonym,bead
square,hypernym,rectangle
square,hypernym,number
square,hyponym,plaza
square,hyponym,place
square,partHolonym,city
square,hypernym,shape
square,hypernym,artifact
radiator,hypernym,heater
radiator,hypernym,mechanism
signage,hypernym,collection
tulips,synonym,tulip
wheel,hypernym,machine
wheel,hyponym,roller
wheel,hyponym,gear
wheel,partMeronym,rim
wheel,synonym,rack
wheel,synonym,bicycle
wheel,synonym,bike
wheel,synonym,cycle
wheel,partMeronym,chain
wheel,partMeronym,handlebar
wheel,partMeronym,saddle
wheel,partMeronym,kickstand
wheel,partMeronym,pedal
cow,hypernym,cattle
cow,hypernym,cows
cow,hypernym,oxen
cow,partMeronym,udder
cow,partMeronym,bag
oil,hyponym,grease
oil,hyponym,oil
oil,hypernym,oil
grey,synonym,gray
grey,hyponym,silver
grey,hypernym,clothing
grey,hypernym,mount
spindle,hypernym,piece
spindle,hypernym,shaft
spindle,partHolonym,drive
spindle,hypernym,stick
spindle,synonym,spike
roofing,hypernym,material
roofing,partHolonym,construction
roofing,partHolonym,building
signpost,hypernym,sign
sink,hyponym,basin
elevator,synonym,lift
elevator,partMeronym,car
elevator,partHolonym,building
elevator,hypernym,surface
couch,hypernym,seat
couch,hyponym,convertible
couch,hyponym,loveseat
couch,synonym,sofa
couch,hypernym,ground
couch,hypernym,bed
pillows,hypernym,cushion
pillows,synonym,pillow
drainage,synonym,drain
mural,hypernym,painting
mural,hypernym,picture
lunch,hypernym,meal
vents,hypernym,hole
vents,synonym,vent
vents,hypernym,opening
vents,hypernym,crack
vents,hypernym,crevice
vents,hypernym,slit
vents,synonym,outlet
skating,hyponym,skateboarding
wildflowers,synonym,wildflower
neck,partHolonym,body
neck,hypernym,land
neck,hypernym,earth
neck,hypernym,ground
neck,hypernym,cut
neck,hypernym,part
neck,hypernym,portion
neck,hypernym,opening
neck,partMeronym,collar
neck,partHolonym,garment
icon,hypernym,symbol
icon,hyponym,graphic
icon,hyponym,reflection
icon,hyponym,foil
icon,synonym,picture
icon,synonym,image
icon,hypernym,painting
icon,hypernym,picture
two,hypernym,figure
two,hyponym,couple
two,hyponym,pair
two,hyponym,brace
two,synonym,2
urinals,synonym,urinal
break,hypernym,crack
break,hypernym,crevice
break,hyponym,chip
break,hyponym,crack
break,hyponym,rest
break,hyponym,snap
break,hypernym,shot
break,partHolonym,pool
break,synonym,gap
break,hypernym,dash
break,hypernym,flight
vests,hypernym,garment
vests,synonym,vest
vests,synonym,undershirt
spatula,partMeronym,handle
spatula,partMeronym,grip
spatula,partMeronym,blade
spatula,hyponym,slice
holes,hypernym,opening
holes,hypernym,gap
holes,synonym,hole
holes,hyponym,vent
holes,hyponym,keyhole
holes,hyponym,eye
holes,hyponym,cup
holes,hyponym,manhole
holes,hypernym,space
holes,hyponym,pit
holes,hyponym,kettle
holes,hyponym,tunnel
holes,synonym,jam
holes,synonym,pickle
holes,hypernym,mouth
shop,hypernym,outlet
shop,hyponym,booth
shop,hyponym,bakery
shop,synonym,store
shop,partMeronym,storefront
shop,hypernym,work
shop,hyponym,pottery
shop,hypernym,course
piping,hypernym,cord
piping,hypernym,tube
piping,hypernym,tubing
piping,hyponym,drain
piping,hyponym,line
piping,hyponym,main
piping,hyponym,elbow
piping,synonym,pipe
piping,partMeronym,spout
vehicle,hyponym,rocket
vehicle,hyponym,sled
vehicle,partMeronym,dashboard
vehicle,hypernym,substance
vehicle,hypernym,object
chandelier,synonym,pendant
mountains,synonym,mountain
mountains,synonym,mount
mountains,partMeronym,mountainside
mountains,synonym,flock
mountains,synonym,lot
mountains,synonym,pile
mountains,synonym,pot
mountains,synonym,raft
mountains,synonym,stack
liquor,hypernym,alcohol
liquor,hypernym,liquid
liquor,hypernym,broth
grooves,hypernym,imprint
grooves,hyponym,track
grooves,synonym,groove
spool,hyponym,shuttle
setting,synonym,scene
setting,hyponym,canvas
setting,synonym,background
setting,hypernym,stage
setting,partMeronym,property
setting,partMeronym,prop
setting,partMeronym,set
setting,partMeronym,flat
setting,hypernym,place
setting,synonym,mount
dressing,hypernym,sauce
dressing,hyponym,mayonnaise
dressing,hyponym,mayo
dressing,hypernym,mixture
dressing,synonym,stuffing
dressing,hyponym,bandage
dressing,hyponym,patch
dressing,hypernym,covering
dressing,hyponym,toilet
dressing,synonym,binding
sandal,hypernym,shoe
carrots,hypernym,root
carrots,synonym,carrot
carrots,partHolonym,carrot
carrots,hypernym,herb
carrots,partMeronym,carrot
instructions,hypernym,message
instructions,hypernym,substance
instructions,hyponym,address
instructions,hyponym,destination
instructions,synonym,direction
instructions,hyponym,course
instructions,hyponym,link
hardware,hypernym,arms
hardware,hyponym,storage
hardware,hyponym,store
hardware,partHolonym,computer
hatch,partHolonym,opening
silhouette,hypernym,outline
silhouette,hypernym,drawing
goggles,hypernym,spectacles
goggles,hypernym,eyeglasses
goggles,hypernym,glasses
tent,hypernym,shelter
tent,hyponym,pavilion
tent,hyponym,marquee
tent,hyponym,canvas
tent,partMeronym,guy
raisins,synonym,raisin
friend,hypernym,person
friend,hypernym,individual
friend,hypernym,someone
friend,hyponym,light
friend,hyponym,pickup
friend,hyponym,toaster
friend,hyponym,pillar
mark,hypernym,symbol
mark,hyponym,spot
mark,hyponym,peg
mark,hyponym,pin
mark,hyponym,brand
mark,hyponym,watermark
mark,hyponym,label
mark,synonym,marker
mark,synonym,marking
mark,synonym,target
mark,partMeronym,bull
mark,hyponym,footprint
mark,hyponym,step
mark,hyponym,line
mark,synonym,print
mark,synonym,brand
mark,synonym,stain
mark,synonym,mug
mark,hyponym,arrow
mark,hyponym,check
mark,hyponym,tick
mark,hyponym,point
mark,hyponym,head
mark,synonym,sign
mark,hypernym,blemish
mark,synonym,scratch
mark,synonym,scar
mark,hypernym,marking
mark,synonym,cross
mother,hypernym,parent
mother,hyponym,mom
direction,hypernym,path
direction,hypernym,route
direction,hyponym,course
direction,synonym,way
direction,hyponym,point
direction,hypernym,message
direction,hypernym,substance
direction,hyponym,tip
direction,hyponym,lead
direction,hyponym,steer
direction,hyponym,wind
direction,hyponym,steering
direction,hyponym,address
direction,hyponym,destination
direction,hypernym,control
direction,synonym,steering
ground,hypernym,object
ground,hyponym,plain
ground,hyponym,field
ground,hyponym,island
ground,hyponym,forest
ground,hyponym,floor
ground,hyponym,cape
ground,hyponym,neck
ground,synonym,land
ground,synonym,earth
ground,partHolonym,earth
ground,partHolonym,globe
ground,hypernym,material
ground,hypernym,stuff
ground,hyponym,soil
ground,hyponym,dirt
ground,hypernym,foundation
ground,hypernym,view
ground,hypernym,scene
ground,synonym,background
ground,hyponym,bottom
ground,hyponym,turf
ground,synonym,soil
ground,hypernym,connector
ground,hypernym,surface
ground,hyponym,couch
shades,hypernym,spectacles
shades,hypernym,eyeglasses
shades,hypernym,glasses
shades,synonym,sunglasses
shades,hyponym,shadow
shades,synonym,shade
shades,hypernym,color
shades,hypernym,protection
shades,hyponym,parasol
shades,hyponym,lampshade
shades,hypernym,shadow
shades,synonym,ghost
treats,hyponym,jelly
treats,synonym,treat
marking,hypernym,symbol
marking,hyponym,spot
marking,hyponym,peg
marking,hyponym,pin
marking,hyponym,brand
marking,hyponym,watermark
marking,hyponym,label
marking,synonym,marker
marking,synonym,mark
marking,hypernym,design
marking,hypernym,pattern
marking,hypernym,figure
marking,hyponym,stripe
marking,hyponym,streak
marking,hyponym,bar
marking,hyponym,cross
marking,hyponym,mark
marking,hyponym,blaze
marking,hyponym,patch
marking,hypernym,decoration
calm,hypernym,wind
shoulder,partHolonym,torso
shoulder,partHolonym,trunk
shoulder,partHolonym,body
shoulder,hypernym,cut
shoulder,partHolonym,garment
shoulder,hypernym,edge
shoulder,partHolonym,road
shoulder,partHolonym,route
open,hypernym,area
open,hypernym,country
open,synonym,clear
open,hypernym,outside
open,hypernym,exterior
open,synonym,outdoors
open,synonym,surface
salad,hypernym,dish
salad,hyponym,coleslaw
pair,hypernym,set
pair,synonym,brace
pair,hypernym,two
pair,hypernym,2
pair,synonym,couple
pair,hyponym,couple
dark,hyponym,black
dark,hyponym,night
dark,hypernym,scene
dark,synonym,shadow
dark,synonym,night
dark,partHolonym,day
spot,hypernym,point
spot,hyponym,end
spot,hyponym,stop
spot,hyponym,peak
spot,hyponym,crown
spot,hyponym,crest
spot,hyponym,top
spot,hyponym,tip
spot,hyponym,target
spot,hyponym,pool
spot,hyponym,puddle
spot,synonym,place
spot,hypernym,section
spot,synonym,point
spot,hypernym,blemish
spot,synonym,smudge
spot,hypernym,marking
spot,hyponym,speck
spot,hyponym,splash
spot,hyponym,plaque
spot,synonym,patch
spot,hyponym,joint
spot,hyponym,club
spot,hypernym,business
spot,hypernym,line
spot,hyponym,chair
spot,hyponym,plum
spot,synonym,post
spot,synonym,office
spot,synonym,bit
spot,hypernym,marker
spot,hypernym,mark
spot,hypernym,lamp
spot,synonym,spotlight
spot,hyponym,seven
spot,hyponym,five
spot,hyponym,six
spot,hyponym,nine
spot,hyponym,four
spot,synonym,stain
library,hypernym,room
library,partHolonym,house
library,hypernym,collection
library,partMeronym,cubicle
library,partMeronym,stall
library,partMeronym,stacks
library,hypernym,building
truss,hypernym,bandage
truss,hypernym,patch
truss,hypernym,bracket
grazing,hypernym,eating
squares,hypernym,rectangle
squares,synonym,square
squares,hypernym,number
squares,hyponym,plaza
squares,hyponym,place
squares,partHolonym,city
squares,hypernym,shape
squares,hypernym,artifact
whisker,synonym,hair
whisker,hypernym,hair
underbelly,hypernym,bottom
underbelly,hypernym,underside
underbelly,hypernym,stomach
underbelly,hypernym,belly
dishwasher,hypernym,jack
woman,hypernym,adult
woman,hypernym,female
woman,hyponym,baggage
woman,hyponym,girl
woman,hyponym,lady
woman,hyponym,peach
woman,hyponym,dish
woman,hyponym,cat
woman,hypernym,cleaner
conditioner,hypernym,coach
dung,hypernym,stool
dung,hyponym,chip
dung,synonym,droppings
rims,hypernym,edge
rims,synonym,rim
rims,hypernym,hoop
rims,hypernym,ring
rims,partHolonym,wheel
rims,hyponym,collar
rims,synonym,brim
rims,synonym,lip
rims,partHolonym,vessel
market,partMeronym,business
market,hypernym,market
market,partMeronym,shelf
market,hypernym,outlet
market,hyponym,market
bulb,hypernym,stalk
bulb,hypernym,stem
bulb,hyponym,onion
bulb,synonym,lightbulb
bulb,hypernym,part
bulb,hypernym,portion
bulb,hypernym,structure
floors,hypernym,level
floors,synonym,floor
floors,synonym,flooring
floors,partHolonym,hallway
floors,partHolonym,hall
floors,partHolonym,room
floors,hypernym,structure
floors,hypernym,construction
floors,synonym,level
floors,synonym,story
floors,partHolonym,building
floors,hypernym,control
floors,synonym,base
floors,hypernym,land
floors,hypernym,earth
floors,hypernym,ground
floors,hypernym,surface
floors,partHolonym,lake
floors,partHolonym,cave
floors,hypernym,right
floors,hypernym,hall
floors,hypernym,room
pine,hypernym,wood
aeroplane,hyponym,fighter
aeroplane,hyponym,jet
aeroplane,hyponym,airliner
aeroplane,synonym,airplane
aeroplane,synonym,plane
aeroplane,partMeronym,fuselage
aeroplane,partMeronym,windshield
aeroplane,partMeronym,windscreen
aeroplane,partMeronym,gun
aeroplane,partMeronym,wing
aeroplane,partMeronym,hood
aeroplane,partMeronym,bonnet
seasoning,hypernym,ingredient
seasoning,hyponym,herb
seasoning,hyponym,garlic
seasoning,hyponym,spice
seasoning,hyponym,pepper
seasoning,hyponym,salt
seasoning,hyponym,condiment
writings,synonym,writing
writings,hyponym,document
writings,hyponym,papers
writings,hyponym,title
writings,hyponym,section
writings,hyponym,lettering
writings,hypernym,work
writings,hyponym,handwriting
writings,hyponym,hand
landscape,hypernym,scenery
landscape,hypernym,painting
landscape,hypernym,picture
landscape,hypernym,stand
packaging,hypernym,business
packaging,hypernym,message
packaging,hypernym,substance
packaging,hyponym,plug
packaging,hyponym,pitch
packaging,hyponym,ad
packaging,hyponym,advertisement
packaging,hyponym,advertising
packaging,hypernym,material
arrangement,hypernym,group
arrangement,hyponym,formation
arrangement,hypernym,structure
arrangement,hyponym,lattice
arrangement,hyponym,calendar
arrangement,hyponym,design
arrangement,synonym,system
arrangement,hypernym,piece
compartment,hypernym,space
compartment,hyponym,cell
compartment,hypernym,room
compartment,hyponym,cabinet
compartment,hyponym,locker
compartment,hyponym,stall
compartment,hyponym,car
compartment,hyponym,bay
compartment,hyponym,gondola
compartment,hyponym,cockpit
compartment,hyponym,trunk
compartment,hyponym,cab
compartment,hyponym,box
compartment,hyponym,cabin
toy,hypernym,artifact
toy,hyponym,doll
toy,hyponym,dolly
toy,hyponym,top
toy,hyponym,ball
toy,hyponym,teddy
toy,hyponym,swing
toy,hyponym,slide
toy,hyponym,balloon
toy,hyponym,kite
toy,hypernym,device
toy,hypernym,dog
spotlight,synonym,glare
spotlight,hypernym,lamp
spotlight,synonym,spot
desktop,hypernym,top
desktop,hypernym,screen
desktop,synonym,background
gate,hyponym,tailgate
gate,partMeronym,lock
gate,partMeronym,hinge
spine,synonym,back
spine,synonym,sticker
spine,hypernym,part
spine,hypernym,portion
spine,partHolonym,book
text,hyponym,words
text,hyponym,language
text,hyponym,letter
text,hyponym,cookie
text,hyponym,column
text,hyponym,line
text,partMeronym,book
text,hypernym,book
lens,hypernym,line
lens,partHolonym,eye
grape,partHolonym,grape
grape,hypernym,vine
grape,partMeronym,grape
grape,hypernym,shot
pathway,hypernym,path
flakes,synonym,snowflake
flakes,partHolonym,snow
flakes,hyponym,nut
flakes,hyponym,scale
flakes,synonym,bit
flakes,synonym,chip
sandwich,hyponym,grinder
sandwich,hyponym,sub
sandwich,hyponym,wedge
sandwich,hyponym,wrap
sandwich,hyponym,hamburger
sandwich,hyponym,burger
sandwich,hyponym,hotdog
sandwich,partMeronym,bread
sandwich,partHolonym,meal
feather,hyponym,down
feather,partMeronym,shaft
feather,partMeronym,vane
feather,partHolonym,bird
feather,partHolonym,row
rein,hypernym,strap
rein,partHolonym,bridle
rein,hypernym,control
handbag,hypernym,container
handbag,synonym,bag
handbag,synonym,pocketbook
handbag,synonym,purse
handbag,partMeronym,clasp
sweatshirt,hypernym,pullover
borders,synonym,border
borders,hypernym,edge
borders,hyponym,lip
borders,hyponym,limb
borders,synonym,edge
borders,synonym,molding
borders,synonym,moulding
borders,hyponym,edging
reflectors,hypernym,device
reflectors,hyponym,mirror
reflectors,synonym,reflector
blinds,hypernym,people
blinds,synonym,blind
blinds,hypernym,screen
blinds,hypernym,cover
blinds,hypernym,protection
blinds,hyponym,blinker
blinds,hyponym,blinder
blinds,hyponym,shutter
blinds,hyponym,curtain
blinds,hyponym,drape
blinds,hyponym,mantle
blinds,synonym,screen
knives,synonym,knife
knives,partMeronym,point
knives,partMeronym,blade
knives,hypernym,arm
knives,hyponym,sticker
knives,partMeronym,tip
knives,partMeronym,peak
knives,synonym,tongue
pail,hypernym,vessel
pail,synonym,bucket
drum,partMeronym,head
drum,hypernym,cylinder
drum,synonym,barrel
drum,hypernym,vessel
calculator,synonym,computer
calculator,hypernym,machine
calculator,hyponym,counter
runner,hypernym,athlete
runner,hypernym,rug
runner,hypernym,carpet
runner,hypernym,carpeting
runner,hypernym,device
runner,hyponym,blade
runner,hyponym,ski
runner,partHolonym,sled
runner,hypernym,jack
statues,hypernym,sculpture
statues,synonym,statue
shoreline,partHolonym,shore
dove,hypernym,pigeon
dove,hypernym,emblem
broom,hyponym,whisk
broom,hypernym,shrub
broom,hypernym,bush
church,hyponym,cathedral
church,hypernym,body
jam,synonym,hole
jam,synonym,pickle
jam,hypernym,crowd
eyebrows,hypernym,hair
eyebrows,synonym,eyebrow
eyebrows,synonym,brow
eyebrows,partHolonym,face
meat,hypernym,food
meat,hyponym,game
meat,hyponym,beef
meat,hyponym,pork
meat,hyponym,sausage
meat,hyponym,lamb
meat,hyponym,bird
meat,hyponym,cut
meat,partHolonym,seed
meat,hyponym,stuff
meat,synonym,substance
meat,synonym,center
meat,synonym,heart
bunch,hyponym,tuft
bunch,hyponym,knot
bunch,synonym,clump
bunch,synonym,cluster
bunch,synonym,crowd
bunch,hypernym,collection
bunch,synonym,lot
foil,hypernym,device
foil,hypernym,picture
foil,hypernym,image
foil,hypernym,icon
foil,hyponym,overhead
foil,hyponym,slide
seagulls,synonym,seagull
jack,hyponym,pilot
jack,hyponym,officer
jack,hyponym,fireman
jack,hyponym,dishwasher
jack,hyponym,cleaner
jack,hyponym,hand
jack,hypernym,ball
jack,partHolonym,bowls
jack,hypernym,flag
jack,hypernym,tool
jack,hyponym,runner
vase,hypernym,jar
vase,hyponym,urn
loveseat,hypernym,sofa
loveseat,hypernym,couch
d,hypernym,letter
slats,hypernym,strip
slats,hyponym,fin
slats,synonym,slat
weeds,hypernym,garment
weeds,synonym,weed
weeds,hypernym,band
weeds,synonym,pot
weeds,synonym,grass
weeds,synonym,smoke
infield,synonym,diamond
infield,partMeronym,base
infield,partMeronym,bag
infield,partMeronym,mound
infield,partMeronym,hill
infield,partMeronym,short
infield,partHolonym,diamond
cellphone,synonym,cell
sunlight,hypernym,light
sunlight,synonym,sunshine
sunlight,synonym,sun
mold,synonym,cast
mold,synonym,stamp
mold,hypernym,container
mold,hyponym,pig
mold,hypernym,soil
mold,hypernym,dirt
mold,hypernym,dessert
mold,hypernym,dish
mold,hypernym,sculpture
mold,synonym,molding
mold,synonym,moulding
spring,hypernym,formation
spring,synonym,fountain
spring,hypernym,root
spring,hypernym,snap
spring,hypernym,jump
credit,hyponym,line
credit,hypernym,entry
credit,hypernym,note
credit,hypernym,title
credit,partHolonym,movie
credit,partHolonym,picture
leather,hyponym,alligator
leather,hyponym,calf
leather,hyponym,grain
leather,hyponym,kid
backboard,hypernym,support
hinge,hypernym,joint
hinge,partHolonym,gate
box,hypernym,container
box,hyponym,carton
box,hyponym,flat
box,hyponym,chest
box,hyponym,crate
box,hyponym,mailbox
box,partMeronym,lid
box,partMeronym,base
box,hypernym,compartment
box,partHolonym,balcony
box,synonym,corner
box,hypernym,rectangle
box,hypernym,shrub
box,hypernym,bush
box,hypernym,area
box,partHolonym,diamond
box,hypernym,seat
box,partHolonym,coach
beaks,hypernym,mouth
beaks,synonym,beak
beaks,synonym,bill
beaks,partHolonym,bird
beaks,hypernym,tip
beaks,hypernym,nose
beaks,synonym,nozzle
beaks,synonym,snout
mirrors,hypernym,reflector
mirrors,hyponym,glass
mirrors,synonym,mirror
roofs,hypernym,protection
roofs,hyponym,dome
roofs,synonym,roof
roofs,partHolonym,building
roofs,hyponym,hood
roofs,partHolonym,truck
roofs,partHolonym,car
roofs,partHolonym,automobile
roofs,partHolonym,machine
roofs,partHolonym,bus
roofs,partHolonym,coach
roofs,hypernym,covering
roofs,hypernym,cover
roofs,partHolonym,cave
roofs,hypernym,control
roofs,synonym,ceiling
roofs,synonym,cap
eyes,hypernym,view
eyes,synonym,eye
eyes,partMeronym,eyeball
eyes,partMeronym,orb
eyes,partMeronym,eyelid
eyes,partMeronym,lid
eyes,partMeronym,lens
eyes,partHolonym,face
eyes,hypernym,area
eyes,hypernym,country
eyes,hyponym,seat
eyes,synonym,center
eyes,synonym,middle
eyes,synonym,heart
eyes,hypernym,hole
eyes,partHolonym,needle
trays,hypernym,receptacle
trays,synonym,tray
tyre,hypernym,hoop
tyre,hypernym,ring
tyre,synonym,tire
docks,hypernym,enclosure
docks,synonym,dock
docks,hypernym,herb
docks,hypernym,platform
docks,synonym,pier
docks,hypernym,landing
docks,hyponym,marina
docks,partHolonym,harbor
docks,partHolonym,tail
docks,hypernym,tail
headlamp,hypernym,light
headlamp,synonym,headlight
teddy,hypernym,toy
teddy,partMeronym,strap
nail,hyponym,toenail
nail,hyponym,fingernail
nail,hypernym,fastener
nail,hyponym,spike
nail,partMeronym,stem
nail,partMeronym,head
ties,hyponym,bowtie
ties,synonym,necktie
ties,synonym,tie
ties,hypernym,beam
ties,hypernym,fastener
ties,hyponym,bridge
ties,synonym,link
ties,hypernym,brace
ties,partHolonym,railroad
ties,partHolonym,railway
ties,hypernym,cord
ties,hyponym,drawstring
ties,hyponym,string
parasail,hypernym,parachute
mesh,partHolonym,in
mesh,hypernym,fabric
mesh,hypernym,cloth
mesh,hypernym,material
mesh,hyponym,netting
mesh,synonym,net
mesh,hypernym,snap
loop,hypernym,fastener
loop,hyponym,band
loop,hyponym,belt
loop,hypernym,pack
flush,synonym,flower
flush,synonym,peak
flush,synonym,bloom
flush,synonym,blossom
flush,synonym,boot
carrier,hypernym,business
carrier,hyponym,line
carrier,hypernym,rack
stopper,hypernym,number
stopper,hypernym,turn
stopper,hypernym,bit
stopper,hypernym,block
stopper,hypernym,stop
stopper,hyponym,cork
stopper,hyponym,tap
stopper,hyponym,spigot
stopper,synonym,plug
drums,synonym,drum
drums,partMeronym,head
drums,hypernym,cylinder
drums,synonym,barrel
drums,hypernym,vessel
bookshelf,hypernym,shelf
outfit,hypernym,unit
outfit,hypernym,attire
outfit,hypernym,dress
outfit,hypernym,gear
target,synonym,mark
target,partMeronym,bull
target,hypernym,place
target,hypernym,spot
target,synonym,butt
target,hypernym,goal
target,hypernym,end
target,hyponym,thing
target,hyponym,business
target,hyponym,point
target,synonym,object
appliances,hypernym,device
appliances,synonym,appliance
appliances,synonym,gadget
appliances,hyponym,dryer
tap,hypernym,bump
tap,hypernym,faucet
tap,hypernym,spigot
tap,synonym,hydrant
tap,hypernym,plate
tap,hypernym,tool
tap,hypernym,plug
tap,hypernym,stopper
tap,synonym,spigot
tap,partHolonym,barrel
can,hypernym,container
can,synonym,tin
can,hypernym,buoy
can,synonym,butt
can,synonym,backside
can,synonym,buns
can,synonym,rear
can,synonym,rump
can,synonym,seat
can,synonym,tail
can,synonym,bottom
can,synonym,behind
can,partHolonym,torso
can,partHolonym,trunk
can,partHolonym,body
can,synonym,toilet
can,synonym,commode
can,synonym,pot
can,synonym,stool
can,partHolonym,bathroom
can,partHolonym,bath
can,partHolonym,toilet
can,partHolonym,can
can,hypernym,room
can,hyponym,restroom
can,hyponym,closet
can,hyponym,head
can,synonym,bathroom
can,partMeronym,toilet
can,partMeronym,can
can,partMeronym,commode
can,partMeronym,pot
can,partMeronym,stool
flap,hypernym,covering
flap,hyponym,tongue
flap,hyponym,lap
flap,hypernym,wave
flap,hypernym,surface
flap,synonym,flaps
flap,partHolonym,wing
udder,synonym,bag
udder,partHolonym,cow
closet,synonym,cupboard
closet,hypernym,toilet
closet,hypernym,can
closet,hypernym,bathroom
closet,hypernym,furniture
closet,synonym,wardrobe
closet,hypernym,room
closet,hyponym,booth
closet,hyponym,cubicle
closet,hyponym,stall
closet,hyponym,kiosk
closet,partMeronym,shelf
awnings,hypernym,canopy
awnings,synonym,awning
city,partMeronym,square
costume,hypernym,attire
costume,hypernym,dress
costume,partMeronym,wardrobe
squash,hypernym,vine
squash,hyponym,pumpkin
squash,partMeronym,squash
squash,hypernym,vegetable
squash,hypernym,veggie
squash,partHolonym,squash
streetlights,hypernym,lamp
streetlights,synonym,streetlight
streetlights,partMeronym,lamppost
cows,hyponym,cow
cows,hyponym,ox
cows,hyponym,bull
cows,hyponym,beef
cows,hyponym,steer
cows,synonym,cattle
cows,synonym,oxen
cows,partMeronym,beef
cows,hypernym,cattle
cows,hypernym,cows
cows,hypernym,oxen
cows,synonym,cow
cows,partMeronym,udder
cows,partMeronym,bag
giraffes,synonym,giraffe
bucket,hypernym,vessel
bucket,synonym,pail
skeleton,hypernym,system
skeleton,synonym,frame
skeleton,hyponym,hoop
skeleton,partHolonym,ship
skeleton,partHolonym,building
skeleton,partHolonym,aircraft
photographer,hyponym,cameraman
sides,hypernym,part
sides,hyponym,hand
sides,synonym,side
sides,hypernym,unit
sides,hypernym,area
sides,partHolonym,torso
sides,partHolonym,trunk
sides,partHolonym,body
sides,hypernym,surface
sides,hyponym,top
sides,hyponym,front
sides,hyponym,bottom
sides,hyponym,underside
sides,hyponym,rear
sides,hyponym,backside
sides,synonym,face
sides,hyponym,back
sides,hyponym,port
sides,hyponym,beam
sides,hyponym,edge
sides,hypernym,line
sides,hypernym,blood
sides,hypernym,cut
sides,hypernym,view
sides,hypernym,formation
sides,hyponym,coast
sides,hyponym,hillside
sides,hyponym,bank
sides,hyponym,mountainside
sides,synonym,slope
oxen,hyponym,cow
oxen,hyponym,ox
oxen,hyponym,bull
oxen,hyponym,beef
oxen,hyponym,steer
oxen,synonym,cattle
oxen,synonym,cows
oxen,partMeronym,beef
oxen,hypernym,cattle
oxen,hypernym,cows
oxen,hypernym,oxen
oxen,synonym,ox
oxen,hyponym,yak
stairway,hypernym,way
stairway,hyponym,ramp
stairway,hyponym,flight
stairway,hyponym,stairs
stairway,hyponym,steps
stairway,hyponym,escalator
stairway,synonym,staircase
stairway,partMeronym,step
stairway,partMeronym,stair
stairway,partMeronym,landing
stairway,partHolonym,building
treat,hyponym,jelly
airfield,hyponym,airport
airfield,hyponym,strip
airfield,synonym,field
airfield,partMeronym,runway
airfield,partMeronym,apron
cloud,hyponym,mushroom
cloud,hyponym,contrail
cloud,partHolonym,sky
cloud,hypernym,group
spout,hypernym,opening
spout,hyponym,nozzle
spout,hyponym,nose
spout,partHolonym,pipe
spout,partHolonym,piping
bell,partMeronym,tongue
bell,hypernym,button
bell,hypernym,curve
bell,hypernym,opening
bell,partHolonym,wind
fronds,hypernym,leaf
fronds,hypernym,foliage
fronds,synonym,frond
podium,hypernym,platform
podium,synonym,stump
crevice,hypernym,imprint
crevice,synonym,crack
crevice,hypernym,opening
crevice,hypernym,gap
crevice,hyponym,vent
crevice,hyponym,break
crevice,hyponym,slit
handle,hyponym,knob
handle,synonym,grip
handle,partMeronym,stem
handle,partHolonym,umbrella
handle,partHolonym,teacup
handle,partHolonym,faucet
handle,partHolonym,spigot
handle,partHolonym,cart
handle,partHolonym,baggage
handle,partHolonym,luggage
handle,partHolonym,racket
handle,partHolonym,racquet
handle,partHolonym,mug
handle,partHolonym,handlebar
handle,partHolonym,cutlery
handle,partHolonym,spatula
handle,partHolonym,brush
handle,partHolonym,handset
handle,partHolonym,ladle
handle,partHolonym,bat
handle,partHolonym,skillet
handle,partHolonym,briefcase
bolt,hypernym,bar
bolt,partHolonym,rifle
bolt,partHolonym,lock
bolt,synonym,dash
bolt,hypernym,roll
bolt,hypernym,screw
bolt,partMeronym,head
armband,hypernym,band
propeller,hyponym,prop
propeller,hyponym,screw
propeller,synonym,propellor
propeller,partMeronym,blade
propeller,partMeronym,vane
shin,partHolonym,leg
shin,hypernym,cut
shin,hypernym,letter
caboose,hypernym,kitchen
caboose,partHolonym,ship
caboose,hypernym,car
rabbit,hyponym,bunny
rabbit,hypernym,fur
rabbit,hypernym,game
country,hyponym,power
country,synonym,land
country,partMeronym,land
country,hypernym,people
country,hyponym,countryside
country,partMeronym,pasture
country,hyponym,space
country,hyponym,playground
country,hyponym,block
country,hyponym,neighborhood
country,hyponym,resort
country,hyponym,arena
country,hyponym,shrubbery
country,hyponym,corner
country,hyponym,section
country,hyponym,scene
country,hyponym,open
country,hyponym,clear
country,hyponym,center
country,hyponym,middle
country,hyponym,heart
country,hyponym,eye
country,synonym,area
umbrellas,hypernym,canopy
umbrellas,synonym,umbrella
umbrellas,partMeronym,rib
umbrellas,partMeronym,panel
umbrellas,partMeronym,handle
umbrellas,partMeronym,grip
wristwatch,hypernym,watch
openings,hypernym,space
openings,hyponym,hole
openings,hyponym,crack
openings,hyponym,crevice
openings,hyponym,mouth
openings,hyponym,tear
openings,hyponym,window
openings,hyponym,pocket
openings,synonym,opening
openings,synonym,gap
openings,partHolonym,surface
openings,hyponym,cut
openings,hypernym,motion
openings,hyponym,vent
openings,hypernym,artifact
openings,hyponym,slit
openings,hyponym,gap
openings,hyponym,neck
openings,hyponym,port
openings,hyponym,spout
openings,hyponym,lattice
openings,hyponym,grille
openings,hyponym,exit
openings,hyponym,outlet
openings,hyponym,bell
openings,hyponym,muzzle
openings,hypernym,entrance
openings,hypernym,entryway
openings,hypernym,entry
openings,partMeronym,hatch
left,hypernym,place
left,hypernym,hand
left,hypernym,mitt
left,hypernym,paw
left,partHolonym,outfield
left,hypernym,turn
bump,hyponym,belly
bump,synonym,hump
bump,hyponym,jar
bump,hyponym,tap
bump,hyponym,belt
point,hypernym,ingredient
point,hyponym,intersection
point,hyponym,corner
point,hyponym,crossing
point,hyponym,place
point,hyponym,midair
point,hyponym,center
point,hyponym,spot
point,hyponym,root
point,synonym,detail
point,synonym,item
point,hyponym,peak
point,hyponym,top
point,hyponym,plane
point,hyponym,ladder
point,synonym,level
point,synonym,stage
point,hyponym,middle
point,hyponym,date
point,hyponym,end
point,hyponym,distance
point,hypernym,object
point,hypernym,target
point,hyponym,head
point,synonym,tip
point,synonym,peak
point,partHolonym,sword
point,partHolonym,blade
point,partHolonym,brand
point,partHolonym,steel
point,partHolonym,cone
point,partHolonym,pencil
point,partHolonym,knife
point,hypernym,disk
point,hypernym,disc
point,hypernym,saucer
point,synonym,dot
point,hypernym,unit
point,hypernym,head
point,hypernym,part
point,hypernym,portion
point,synonym,spot
point,hypernym,end
point,hypernym,terminal
point,hyponym,spike
point,partHolonym,needle
point,partHolonym,pin
point,hypernym,direction
point,synonym,stop
point,hypernym,mark
point,synonym,head
point,partHolonym,arrow
point,hypernym,muzzle
point,hypernym,outlet
plant,hyponym,houseplant
plant,partMeronym,hood
plant,partMeronym,cap
plant,hypernym,player
vegetables,hypernym,produce
vegetables,hyponym,asparagus
vegetables,hyponym,squash
vegetables,hyponym,plantain
vegetables,hyponym,celery
vegetables,hyponym,pumpkin
vegetables,hyponym,mushroom
vegetables,hyponym,onion
vegetables,hyponym,greens
vegetables,hyponym,green
vegetables,hyponym,cucumber
vegetables,synonym,vegetable
vegetables,synonym,veggie
vegetables,partHolonym,herb
vegetables,hypernym,herb
vegetables,hyponym,spinach
vegetables,hyponym,beet
teeth,hypernym,set
teeth,partHolonym,mouth
teeth,hypernym,bone
teeth,hyponym,tusk
teeth,hyponym,grinder
teeth,synonym,tooth
teeth,partMeronym,stump
teeth,partMeronym,crown
teeth,partMeronym,root
teeth,partHolonym,comb
teeth,hypernym,structure
teeth,hypernym,way
teeth,partHolonym,gear
beam,hypernym,signal
beam,hypernym,sign
beam,hypernym,piece
beam,hyponym,rafter
beam,hyponym,ridge
beam,hyponym,tie
beam,hyponym,shore
beam,hypernym,light
beam,synonym,shaft
beam,hypernym,side
7,hypernym,figure
7,synonym,seven
garnish,hypernym,decoration
garnish,hypernym,ornament
garnish,hyponym,topping
cherries,hypernym,wood
cherries,synonym,cherry
cherries,partMeronym,cherry
cherries,partHolonym,cherry
cherries,hypernym,red
soap,hypernym,cleaner
soap,synonym,scoop
sewer,hypernym,drain
sewer,synonym,gutter
sewer,synonym,toilet
blocks,hypernym,artifact
blocks,hyponym,step
blocks,hyponym,pad
blocks,hyponym,cake
blocks,hyponym,bar
blocks,hyponym,cube
blocks,hyponym,nut
blocks,hyponym,slab
blocks,hyponym,wedge
blocks,synonym,block
blocks,hypernym,area
blocks,hypernym,country
blocks,synonym,cube
blocks,hypernym,collection
blocks,hypernym,housing
blocks,hypernym,machine
blocks,hypernym,cast
blocks,partMeronym,cylinder
blocks,hyponym,plug
blocks,hyponym,stopper
blocks,synonym,stop
blocks,hypernym,platform
event,hyponym,makeup
event,synonym,case
event,hyponym,wake
event,hyponym,branch
event,hyponym,dent
event,hyponym,product
tube,hyponym,straw
tube,hyponym,drain
tube,hyponym,barrel
tube,hyponym,coil
tube,hyponym,pipe
tube,hyponym,stem
tube,hyponym,column
tube,hyponym,piping
tube,hyponym,hose
tube,synonym,tubing
tube,partMeronym,plate
tube,partMeronym,grid
tube,hypernym,cylinder
tube,synonym,pipe
tube,hypernym,structure
tube,hyponym,vessel
tube,hypernym,railway
tube,hypernym,railroad
tube,synonym,subway
pickup,hypernym,truck
pickup,hypernym,friend
pickup,hypernym,collection
faucet,hyponym,tap
faucet,hyponym,hydrant
faucet,synonym,spigot
faucet,partMeronym,handle
faucet,partMeronym,grip
aisle,hypernym,area
rafters,hypernym,beam
rafters,synonym,rafter
magazine,hypernym,product
magazine,partHolonym,camera
magazine,hypernym,storage
magazine,hypernym,store
magazine,synonym,clip
magazine,partHolonym,gun
drawing,hypernym,artwork
drawing,hypernym,art
drawing,hypernym,graphics
drawing,hyponym,frame
drawing,hyponym,silhouette
drawing,hyponym,numbers
drawing,hypernym,drain
drawing,hypernym,pull
drapes,hypernym,blind
drapes,hypernym,screen
drapes,hyponym,drop
drapes,synonym,curtain
drapes,synonym,drape
drapes,synonym,mantle
drapes,hypernym,way
drapes,hypernym,covering
motorbike,hypernym,motorcycle
motorbike,hypernym,bike
motorbike,hyponym,moped
stage,hyponym,peak
stage,hyponym,top
stage,hyponym,plane
stage,hyponym,ladder
stage,synonym,level
stage,synonym,point
stage,hypernym,platform
stage,hyponym,apron
stage,hyponym,setting
stage,hyponym,wing
stage,partHolonym,house
stage,hypernym,coach
stage,synonym,leg
stage,hypernym,scene
pie,hypernym,pastry
pie,hyponym,patty
forks,hypernym,cutlery
forks,synonym,fork
forks,partMeronym,prong
forks,partMeronym,tine
forks,hypernym,branch
forks,hypernym,leg
forks,hypernym,tool
forks,partHolonym,body
tag,hypernym,label
tag,synonym,ticket
tag,synonym,rag
gondola,hypernym,boat
gondola,hypernym,compartment
gondola,synonym,car
salsa,hypernym,condiment
plantain,hypernym,herb
plantain,hypernym,banana
plantain,partMeronym,plantain
plantain,hypernym,vegetable
plantain,hypernym,veggie
plantain,partHolonym,plantain
bar,hypernym,room
bar,hypernym,counter
bar,hyponym,bolt
bar,hyponym,track
bar,hyponym,rail
bar,hyponym,rails
bar,hyponym,runway
bar,hyponym,handlebar
bar,hyponym,lever
bar,partHolonym,goal
bar,hypernym,barrier
bar,hypernym,ridge
bar,hypernym,marking
bar,hyponym,band
bar,synonym,stripe
bar,synonym,streak
bar,hypernym,block
bar,hyponym,tablet
bar,synonym,cake
bar,hypernym,support
bar,partHolonym,bars
bar,hypernym,railing
bar,hypernym,rail
bar,partHolonym,court
trouser,hypernym,garment
trouser,hyponym,white
trouser,hyponym,slacks
trouser,hyponym,sweatpants
trouser,hyponym,cords
trouser,hyponym,jean
trouser,hyponym,denim
trouser,hyponym,shorts
trouser,hyponym,trunks
trouser,synonym,pant
trouser,partMeronym,zipper
trouser,partMeronym,trouser
trouser,partMeronym,lap
trouser,partMeronym,leg
trouser,partMeronym,seat
trouser,partHolonym,trouser
trouser,partHolonym,pant
strawberries,hypernym,berry
strawberries,synonym,strawberry
strawberries,hypernym,herb
advertisements,hypernym,packaging
advertisements,hyponym,circular
advertisements,hyponym,bill
advertisements,hyponym,flyer
advertisements,hyponym,trailer
advertisements,synonym,ad
advertisements,synonym,advertisement
advertisements,synonym,advertising
packet,hypernym,collection
packet,synonym,package
packet,synonym,bundle
packet,hypernym,message
packet,hypernym,package
packet,hyponym,deck
packet,hypernym,boat
railing,hypernym,barrier
railing,hyponym,guardrail
railing,hyponym,bar
railing,synonym,rail
railing,partHolonym,bannister
railing,partHolonym,banister
railing,partHolonym,handrail
railing,hypernym,material
goose,partMeronym,goose
goose,partHolonym,goose
parka,hypernym,jacket
parka,synonym,windbreaker
numeral,hypernym,symbol
numeral,synonym,number
spices,synonym,spice
spices,hypernym,seasoning
spices,hyponym,bite
oatmeal,hypernym,meal
yellow,hyponym,lemon
yellow,hyponym,straw
yellow,hyponym,wheat
yellow,hyponym,gold
bowtie,hypernym,necktie
bowtie,hypernym,tie
broccoli,partMeronym,broccoli
broccoli,partHolonym,broccoli
phone,hyponym,handset
phone,synonym,telephone
phone,synonym,headphone
6,hypernym,figure
6,synonym,six
cables,hypernym,wire
cables,synonym,cable
cables,hypernym,conductor
cables,synonym,line
cables,partHolonym,cable
cables,hypernym,rope
cables,hypernym,television
cables,hypernym,video
cables,partMeronym,cable
cables,partMeronym,line
bins,hypernym,container
bins,hyponym,crib
bins,synonym,bin
bins,hypernym,number
pasta,hypernym,dish
pasta,hyponym,spaghetti
pasta,hypernym,food
pasta,hyponym,macaroni
pasta,hyponym,noodle
pans,hyponym,skillet
pans,synonym,pan
pans,hypernym,container
shade,hyponym,shadow
shade,hypernym,color
shade,hypernym,protection
shade,hyponym,parasol
shade,hyponym,lampshade
shade,hypernym,shadow
shade,synonym,ghost
shutter,partHolonym,camera
shutter,hypernym,blind
shutter,hypernym,screen
photograph,hyponym,stereo
photograph,hyponym,snap
photograph,hyponym,shot
photograph,hyponym,scene
photograph,hyponym,frame
photograph,hyponym,print
photograph,hyponym,cheesecake
photograph,synonym,photo
photograph,synonym,picture
skateboards,hypernym,board
skateboards,synonym,skateboard
alligator,hypernym,leather
brand,hypernym,name
brand,hyponym,label
brand,hypernym,marker
brand,hypernym,marking
brand,hypernym,mark
brand,hypernym,symbol
brand,synonym,mark
brand,synonym,stain
brand,hypernym,arm
brand,synonym,sword
brand,synonym,blade
brand,synonym,steel
brand,partMeronym,point
brand,partMeronym,tip
brand,partMeronym,peak
brand,partMeronym,blade
lettering,hypernym,writing
bale,hypernym,bundle
man,hypernym,adult
man,hypernym,male
man,hyponym,stud
man,hyponym,dude
man,hyponym,guy
man,hyponym,cat
man,hyponym,boy
man,hyponym,bull
man,hyponym,gentleman
man,hyponym,officer
man,hypernym,person
man,hypernym,individual
man,hypernym,someone
man,hyponym,man
man,synonym,human
man,partMeronym,figure
man,partMeronym,shape
man,partMeronym,frame
man,partMeronym,face
man,partMeronym,foot
man,partMeronym,hand
man,partMeronym,mitt
man,partMeronym,paw
man,partMeronym,arm
man,partMeronym,mane
man,synonym,gentleman
man,hyponym,black
man,hyponym,tile
man,hyponym,white
man,synonym,piece
man,hypernym,group
man,hypernym,man
man,hypernym,human
crackers,hypernym,bread
crackers,hyponym,pretzel
crackers,synonym,cracker
shrub,hyponym,pepper
shrub,hyponym,tea
shrub,hyponym,broom
shrub,hyponym,blueberry
shrub,hyponym,box
shrub,hyponym,rose
shrub,synonym,bush
knife,partMeronym,point
knife,partMeronym,blade
knife,hypernym,arm
knife,hyponym,sticker
knife,partMeronym,tip
knife,partMeronym,peak
knife,synonym,tongue
device,hyponym,lift
device,hyponym,drive
device,hyponym,tongs
device,hyponym,support
device,hyponym,stabilizer
device,hyponym,fan
device,hyponym,indicator
device,hyponym,instrument
device,hyponym,horn
device,hyponym,lighter
device,hyponym,light
device,hyponym,surface
device,hyponym,foil
device,hyponym,button
device,hyponym,key
device,hyponym,guard
device,hyponym,sensor
device,hyponym,runner
device,hyponym,extinguisher
device,hyponym,feeder
device,hyponym,keyboard
device,hyponym,charger
device,hyponym,filter
device,hyponym,toy
device,hyponym,comforter
device,hyponym,pacifier
device,hyponym,remote
device,hyponym,reflector
device,hyponym,appliance
device,hyponym,gadget
device,hyponym,pull
device,hyponym,fender
device,hyponym,imprint
device,hyponym,conductor
device,hyponym,router
device,hyponym,mechanism
device,hyponym,alarm
device,hyponym,magnet
device,hyponym,comb
device,hyponym,heater
device,hyponym,valve
device,hyponym,muffler
device,hyponym,machine
device,hyponym,trick
device,hypernym,design
device,hypernym,pattern
device,hypernym,figure
device,hyponym,seal
device,hyponym,stamp
device,hypernym,emblem
sill,hyponym,windowsill
sill,hypernym,rock
sill,hypernym,stone
sailboats,synonym,sailboat
candle,hypernym,lamp
candle,hyponym,dip
candle,synonym,cd
show,hyponym,display
show,hyponym,exhibit
show,synonym,display
show,hyponym,movie
show,hyponym,picture
armchair,hypernym,chair
armchair,hyponym,recliner
armchair,partMeronym,arm
brown,hyponym,chocolate
brown,hyponym,coffee
transformer,hyponym,coil
liner,hypernym,protection
liner,synonym,lining
liner,partHolonym,garment
liner,partMeronym,cabin
buffalo,hypernym,bison
buffalo,partMeronym,buffalo
buffalo,hypernym,game
buffalo,partHolonym,buffalo
mound,synonym,hill
mound,partHolonym,diamond
mound,partHolonym,infield
mound,hypernym,hill
mound,synonym,hammock
mound,hypernym,collection
mound,hyponym,stack
mound,synonym,pile
mound,hypernym,structure
mound,hypernym,construction
mound,hyponym,embankment
mound,synonym,pitcher
trails,hypernym,path
trails,hypernym,track
trails,hypernym,course
trails,hyponym,slot
trails,synonym,trail
trails,hypernym,grounds
trails,synonym,lead
trails,synonym,track
in,partMeronym,mesh
in,partHolonym,foot
in,hypernym,metal
register,hypernym,record
register,hyponym,counter
register,partHolonym,storage
register,partHolonym,store
rails,hypernym,bar
rails,synonym,track
rails,synonym,rail
rails,synonym,runway
rails,partHolonym,railroad
rails,partHolonym,railway
rails,hypernym,barrier
rails,hyponym,guardrail
rails,hyponym,bar
rails,synonym,railing
rails,partHolonym,bannister
rails,partHolonym,banister
rails,partHolonym,handrail
rails,hypernym,railway
rails,hypernym,railroad
magnet,hypernym,device
magnet,partMeronym,pole
shoes,synonym,place
shoes,hypernym,footwear
shoes,hyponym,walker
shoes,hyponym,cleats
shoes,hyponym,sneaker
shoes,hyponym,fin
shoes,hyponym,sandal
shoes,hyponym,pump
shoes,hyponym,platform
shoes,synonym,shoe
shoes,partMeronym,tongue
shoes,partMeronym,counter
shoes,partMeronym,heel
shoes,partMeronym,spike
shoes,partMeronym,collar
shoes,partMeronym,saddle
shoes,partMeronym,lace
shoes,partMeronym,shoelace
shoes,hypernym,case
shoes,hypernym,plate
shoes,hypernym,scale
shoes,hypernym,shell
coil,hypernym,structure
coil,hypernym,construction
coil,synonym,roll
coil,synonym,curl
coil,hypernym,transformer
coil,hypernym,tube
coil,hypernym,tubing
coil,hyponym,head
chopsticks,synonym,chopstick
bowl,hypernym,vessel
bowl,synonym,trough
bowl,hypernym,dish
bowl,hypernym,structure
bowl,hypernym,construction
bowl,hyponym,dome
bowl,hyponym,park
bowl,synonym,stadium
bowl,synonym,arena
bowl,partMeronym,field
bowl,partMeronym,stand
bowl,hypernym,ball
bowl,partHolonym,bowls
bowl,hypernym,container
bowl,partHolonym,pipe
bowl,synonym,roll
cleats,hypernym,shoe
cleats,partMeronym,cleat
cleats,synonym,cleat
cleats,partHolonym,cleats
cleats,hypernym,fastener
cleats,hypernym,strip
veins,synonym,vein
veins,hypernym,formation
veins,hypernym,rib
roll,hyponym,card
roll,hypernym,wave
roll,synonym,roller
roll,synonym,coil
roll,synonym,curl
roll,hypernym,bread
roll,hyponym,croissant
roll,hyponym,bagel
roll,synonym,bun
roll,hypernym,cylinder
roll,hyponym,bolt
roll,hypernym,throw
roll,synonym,cast
roll,synonym,bowl
hip,partHolonym,torso
hip,partHolonym,trunk
hip,partHolonym,body
hip,partMeronym,hip
hip,partHolonym,thigh
hip,partHolonym,hip
hip,hypernym,fruit
hip,partHolonym,rose
party,hyponym,mask
party,hyponym,mixer
party,hyponym,dinner
party,hyponym,shower
party,hypernym,set
party,hypernym,circle
party,hypernym,band
party,hypernym,lot
party,synonym,company
party,hypernym,person
party,hypernym,individual
party,hypernym,someone
cats,hypernym,feline
cats,synonym,cat
cats,hypernym,man
cats,synonym,guy
cats,hypernym,woman
cats,hyponym,lion
cats,hyponym,cheetah
cats,hyponym,tiger
monkey,hypernym,child
monkey,hypernym,kid
monkey,hypernym,fry
basket,hypernym,container
basket,hyponym,hamper
basket,hypernym,goal
basket,synonym,hoop
men,synonym,hands
men,hypernym,adult
men,hypernym,male
men,hyponym,stud
men,hyponym,dude
men,hyponym,guy
men,hyponym,cat
men,hyponym,boy
men,hyponym,bull
men,hyponym,gentleman
men,synonym,man
men,hyponym,officer
men,hypernym,person
men,hypernym,individual
men,hypernym,someone
men,hyponym,man
men,synonym,human
men,partMeronym,figure
men,partMeronym,shape
men,partMeronym,frame
men,partMeronym,face
men,partMeronym,foot
men,partMeronym,hand
men,partMeronym,mitt
men,partMeronym,paw
men,partMeronym,arm
men,partMeronym,mane
men,synonym,gentleman
men,hyponym,black
men,hyponym,tile
men,hyponym,white
men,synonym,piece
men,hypernym,group
men,hypernym,man
men,hypernym,human
chunk,synonym,ball
chunk,synonym,lump
chunk,synonym,clump
pineapple,hypernym,herb
pineapple,partMeronym,pineapple
pineapple,partHolonym,pineapple
gates,hyponym,tailgate
gates,synonym,gate
gates,partMeronym,lock
gates,partMeronym,hinge
stalks,synonym,stalk
stalks,synonym,straw
stalks,synonym,stubble
stalks,hyponym,branch
stalks,hyponym,bulb
stalks,hyponym,cane
stalks,hyponym,trunk
stalks,synonym,stem
stalks,partMeronym,receptacle
propellor,hyponym,prop
propellor,hyponym,screw
propellor,synonym,propeller
propellor,partMeronym,blade
propellor,partMeronym,vane
note,synonym,line
note,hyponym,chord
note,hyponym,pedal
note,hypernym,air
note,synonym,bill
note,hyponym,credit
board,synonym,plank
board,partMeronym,knot
board,hypernym,sheet
board,hyponym,hawk
board,hyponym,skateboard
board,hyponym,snowboard
board,hyponym,surfboard
board,hyponym,scoreboard
board,hyponym,pallet
board,hyponym,wakeboard
board,synonym,table
board,hypernym,display
board,hypernym,table
board,hyponym,dashboard
board,synonym,panel
board,synonym,card
board,hypernym,surface
earth,synonym,globe
earth,partMeronym,air
earth,partMeronym,sky
earth,partMeronym,land
earth,partMeronym,earth
earth,partMeronym,ground
earth,hypernym,material
earth,hypernym,stuff
earth,hyponym,soil
earth,hyponym,dirt
earth,synonym,ground
earth,hypernym,object
earth,hyponym,plain
earth,hyponym,field
earth,hyponym,island
earth,hyponym,forest
earth,hyponym,floor
earth,hyponym,cape
earth,hyponym,neck
earth,synonym,land
earth,partHolonym,earth
earth,partHolonym,globe
earth,hypernym,connector
pearl,hypernym,white
pearl,synonym,bone
pearl,hypernym,sphere
pearl,synonym,drop
pearl,synonym,bead
painting,hyponym,mural
painting,hyponym,cityscape
painting,hyponym,icon
painting,hyponym,landscape
painting,synonym,picture
painting,hypernym,art
painting,hypernym,covering
painting,hyponym,splash
painting,hyponym,splashing
painting,partHolonym,construction
painting,partHolonym,building
engine,hypernym,motor
engine,partMeronym,gear
engine,partMeronym,train
engine,synonym,locomotive
engine,partMeronym,fender
engine,partMeronym,pilot
engine,hypernym,instrument
foam,hypernym,bubble
foam,hyponym,head
foam,synonym,froth
foam,hypernym,material
foam,hypernym,stuff
calendar,hypernym,arrangement
calendar,hypernym,system
calendar,hypernym,table
scoop,synonym,pocket
scoop,hypernym,story
scoop,synonym,soap
scoop,hypernym,shovel
scoop,hypernym,ladle
fingertip,hypernym,tip
fingertip,partHolonym,finger
tick,hypernym,mark
tick,synonym,check
tick,hypernym,mattress
banners,hypernym,flag
banners,synonym,banner
banners,synonym,streamer
chart,hyponym,profile
chart,hypernym,map
shovel,hyponym,scoop
shovel,hypernym,machine
medal,hypernym,award
medal,synonym,decoration
medal,synonym,medallion
medal,synonym,palm
medal,synonym,ribbon
mushroom,hypernym,cloud
mushroom,hypernym,vegetable
mushroom,hypernym,veggie
section,hypernym,writing
section,hypernym,music
section,hyponym,spot
section,hyponym,lead
section,hyponym,above
section,hyponym,end
section,hyponym,book
section,hypernym,slice
section,partHolonym,slide
section,hypernym,area
section,hypernym,country
section,hyponym,neighborhood
section,hypernym,part
section,hypernym,portion
section,hyponym,curve
section,hyponym,leaf
section,partHolonym,whole
section,partHolonym,unit
section,hypernym,team
section,hyponym,frame
section,hyponym,turn
section,hyponym,round
section,hyponym,over
section,hyponym,half
section,hyponym,ingredient
section,hyponym,middle
section,hyponym,game
section,synonym,part
section,hypernym,course
section,hyponym,strings
section,partHolonym,band
section,hypernym,cut
cheese,hypernym,food
cheese,hyponym,mozzarella
hose,hypernym,footwear
hose,hyponym,stocking
hose,hyponym,sock
hose,hyponym,tights
hose,hypernym,garment
hose,hypernym,tube
hose,hypernym,tubing
hose,hyponym,airline
cupcake,hypernym,cake
handles,hyponym,knob
handles,synonym,handle
handles,synonym,grip
handles,partMeronym,stem
handles,partHolonym,umbrella
handles,partHolonym,teacup
handles,partHolonym,faucet
handles,partHolonym,spigot
handles,partHolonym,cart
handles,partHolonym,baggage
handles,partHolonym,luggage
handles,partHolonym,racket
handles,partHolonym,racquet
handles,partHolonym,mug
handles,partHolonym,handlebar
handles,partHolonym,cutlery
handles,partHolonym,spatula
handles,partHolonym,brush
handles,partHolonym,handset
handles,partHolonym,ladle
handles,partHolonym,bat
handles,partHolonym,skillet
handles,partHolonym,briefcase
twig,hypernym,branch
doughnut,synonym,ring
doughnut,synonym,donut
cards,hypernym,game
cards,hyponym,bridge
cards,hyponym,crib
cards,partMeronym,lead
cards,partMeronym,cut
cards,hypernym,paper
cards,synonym,card
cards,hypernym,cardboard
cards,hypernym,sign
cards,synonym,poster
cards,synonym,placard
cards,synonym,notice
cards,synonym,bill
cards,hypernym,record
cards,hypernym,book
cards,hypernym,bill
cards,synonym,menu
cards,hypernym,roll
cards,synonym,board
cheek,partHolonym,face
cheek,partHolonym,torso
cheek,partHolonym,trunk
cheek,partHolonym,body
cheek,synonym,face
face,hyponym,mug
face,partMeronym,jaw
face,partMeronym,chin
face,partMeronym,cheek
face,partMeronym,eye
face,partMeronym,eyebrow
face,partMeronym,brow
face,partMeronym,beard
face,partMeronym,whiskers
face,partMeronym,forehead
face,partMeronym,mouth
face,partMeronym,nose
face,partHolonym,head
face,partHolonym,man
face,partHolonym,human
face,hyponym,light
face,synonym,expression
face,hypernym,surface
face,partHolonym,racket
face,partHolonym,racquet
face,hypernym,person
face,hypernym,individual
face,hypernym,someone
face,hyponym,top
face,hyponym,front
face,hyponym,bottom
face,hyponym,underside
face,hyponym,rear
face,hyponym,backside
face,synonym,side
face,hyponym,muzzle
face,partHolonym,animal
face,hypernym,front
face,hyponym,dial
face,partHolonym,watch
face,synonym,font
face,synonym,case
face,synonym,cheek
creek,hypernym,stream
bumper,hypernym,glass
bumper,partHolonym,car
bumper,partHolonym,automobile
bumper,partHolonym,machine
bumper,partHolonym,truck
surfboards,hypernym,board
surfboards,synonym,surfboard
calender,hypernym,machine
seven,hypernym,figure
seven,synonym,7
seven,hypernym,spot
mozzarella,hypernym,cheese
dirt,hypernym,earth
dirt,hypernym,ground
dirt,hyponym,sand
dirt,hyponym,clay
dirt,hyponym,mold
dirt,hyponym,mud
dirt,synonym,soil
dirt,synonym,stain
dirt,synonym,grease
dirt,hypernym,stool
dirt,synonym,poop
signal,hyponym,indicator
signal,hyponym,symbol
signal,hyponym,beam
signal,hyponym,number
signal,hyponym,alarm
signal,synonym,sign
passengers,synonym,passenger
passengers,synonym,rider
beach,hypernym,formation
beach,partHolonym,shore
boots,hypernym,footwear
boots,synonym,boot
boots,partMeronym,tongue
boots,partMeronym,counter
boots,partMeronym,heel
boots,partMeronym,collar
boots,hypernym,trunk
boots,synonym,flush
boots,hypernym,shell
boots,hypernym,case
boots,hypernym,casing
lanyard,hypernym,cord
lanyard,hypernym,line
cityscape,hypernym,stand
cityscape,hypernym,painting
cityscape,hypernym,picture
curve,hypernym,line
curve,hyponym,bow
curve,hyponym,wave
curve,hyponym,bell
curve,hyponym,hook
curve,hyponym,envelope
curve,hyponym,turn
curve,hyponym,arch
curve,hypernym,pitch
curve,hypernym,shape
curve,hypernym,section
curve,hyponym,elbow
curve,partHolonym,road
curve,partHolonym,route
footboard,hypernym,platform
footboard,hypernym,panel
speck,hypernym,spot
speck,hypernym,patch
speck,hypernym,material
speck,hypernym,stuff
speck,hyponym,grain
bark,hypernym,covering
bark,hypernym,cover
bark,hyponym,cork
bark,partHolonym,branch
bark,partHolonym,trunk
bark,partHolonym,root
work,hypernym,product
work,hyponym,wicker
work,hypernym,business
work,hypernym,line
work,hyponym,pit
work,hyponym,laundry
work,hyponym,bakery
work,hyponym,lab
work,hyponym,shop
work,hyponym,farm
work,hyponym,writing
strips,hypernym,part
strips,hypernym,piece
strips,hyponym,row
strips,synonym,strip
strips,hypernym,artifact
strips,hyponym,ribbon
strips,hyponym,band
strips,hyponym,ring
strips,hyponym,lead
strips,hyponym,tape
strips,hyponym,tab
strips,hypernym,airfield
strips,hypernym,field
strips,partMeronym,runway
strips,hypernym,cartoon
strips,partMeronym,frame
strips,partHolonym,newspaper
strips,partHolonym,paper
strips,hyponym,cleat
strips,hyponym,toothpick
strips,hyponym,slat
bracket,hypernym,set
bracket,hypernym,support
bracket,hyponym,truss
bracket,hyponym,console
bracket,hyponym,sconce
row,hypernym,line
row,hyponym,terrace
row,synonym,words
row,hypernym,strip
row,hypernym,layer
row,hypernym,bed
row,synonym,course
row,partHolonym,wall
row,hyponym,crab
row,partMeronym,feather
swimsuit,hypernym,garment
swimsuit,hyponym,bikini
ovens,synonym,oven
suits,hypernym,garment
suits,synonym,suit
suits,synonym,case
glove,synonym,mitt
glove,hyponym,mitten
glove,partMeronym,thumb
glove,partMeronym,finger
p,hypernym,letter
strand,hypernym,shape
strand,hypernym,pattern
strand,hypernym,line
strand,hypernym,necklace
strand,synonym,chain
strand,synonym,string
strand,hypernym,shore
microphone,hyponym,bug
duckling,hypernym,duck
racquet,hyponym,bat
racquet,synonym,racket
racquet,partMeronym,handle
racquet,partMeronym,grip
racquet,partMeronym,face
lipstick,hypernym,makeup
raft,hypernym,float
raft,synonym,flock
raft,synonym,lot
raft,synonym,mountain
raft,synonym,pile
raft,synonym,pot
raft,synonym,stack
trucks,hyponym,pickup
trucks,hyponym,lorry
trucks,hyponym,tractor
trucks,hyponym,semi
trucks,hyponym,van
trucks,synonym,truck
trucks,partMeronym,bumper
trucks,partMeronym,tailgate
trucks,partMeronym,roof
trucks,hypernym,cart
bush,hyponym,pepper
bush,hyponym,tea
bush,hyponym,broom
bush,hyponym,blueberry
bush,hyponym,box
bush,hyponym,rose
bush,synonym,shrub
bush,hypernym,wilderness
bush,hypernym,wild
bush,hypernym,vegetation
bush,hypernym,hair
net,partMeronym,portion
net,partMeronym,part
net,hypernym,goal
net,hyponym,cage
net,hypernym,fabric
net,hypernym,cloth
net,hypernym,material
net,hyponym,netting
net,synonym,mesh
small,partHolonym,back
player,hyponym,seed
player,hyponym,server
player,hyponym,ham
player,hyponym,star
player,hyponym,lead
player,hyponym,plant
player,hypernym,person
player,hypernym,individual
player,hypernym,someone
snowman,hypernym,figure
school,hypernym,building
school,partMeronym,classroom
school,hypernym,body
substance,hypernym,part
substance,hypernym,portion
substance,hyponym,material
substance,hyponym,stuff
substance,hyponym,mixture
substance,synonym,center
substance,synonym,heart
substance,synonym,meat
substance,hyponym,pocketbook
substance,hyponym,entry
substance,hyponym,packaging
substance,hyponym,body
substance,hyponym,direction
substance,hyponym,information
substance,hyponym,view
substance,hyponym,garbage
substance,hyponym,story
substance,synonym,message
substance,hyponym,vehicle
substance,hyponym,food
substance,hyponym,jelly
restaurant,hypernym,building
restaurant,hyponym,grill
restaurant,hyponym,diner
restaurant,hyponym,cafe
plaza,hypernym,square
plaza,synonym,place
plaza,hypernym,outlet
plaza,synonym,mall
plaza,synonym,center
lampshade,hypernym,shade
lampshade,partHolonym,lamp
steak,hypernym,cut
pockets,hypernym,pouch
pockets,synonym,pocket
pockets,partHolonym,garment
pockets,synonym,pouch
pockets,synonym,sack
pockets,hypernym,space
pockets,synonym,scoop
pockets,hypernym,people
pockets,hypernym,opening
pockets,hypernym,gap
shingle,hypernym,gravel
shingle,hypernym,signboard
shingle,hypernym,sign
artifact,hypernym,whole
artifact,hypernym,unit
artifact,hyponym,square
artifact,hyponym,sphere
artifact,hyponym,marker
artifact,hyponym,float
artifact,hyponym,cone
artifact,hyponym,surface
artifact,hyponym,decoration
artifact,hyponym,ornament
artifact,hyponym,padding
artifact,hyponym,covering
artifact,hyponym,fixture
artifact,hyponym,fabric
artifact,hyponym,cloth
artifact,hyponym,material
artifact,hyponym,line
artifact,hyponym,button
artifact,hyponym,toy
artifact,hyponym,way
artifact,hyponym,opening
artifact,hyponym,track
artifact,hyponym,layer
artifact,hyponym,bed
artifact,hyponym,thing
artifact,hyponym,sheet
artifact,hyponym,structure
artifact,hyponym,construction
artifact,hyponym,block
artifact,hyponym,pavement
artifact,hyponym,lemon
artifact,hyponym,strip
bubble,hyponym,foam
bubble,hyponym,froth
bubble,hypernym,covering
pocketbook,hypernym,substance
pocketbook,hypernym,case
pocketbook,synonym,wallet
pocketbook,hypernym,container
pocketbook,synonym,bag
pocketbook,synonym,handbag
pocketbook,synonym,purse
pocketbook,partMeronym,clasp
bananas,hypernym,herb
bananas,hyponym,plantain
bananas,synonym,banana
castle,hypernym,hall
castle,partMeronym,turret
machines,hypernym,device
machines,hyponym,machinery
machines,hyponym,calculator
machines,hyponym,stapler
machines,hyponym,shovel
machines,hyponym,stamp
machines,hyponym,motor
machines,hyponym,calender
machines,hyponym,feeder
machines,hyponym,computer
machines,hyponym,printer
machines,synonym,machine
machines,hypernym,person
machines,hypernym,individual
machines,hypernym,someone
machines,hyponym,wheel
machines,hyponym,block
machines,hyponym,lever
machines,hyponym,convertible
machines,hyponym,wagon
machines,hyponym,jeep
machines,hyponym,hatchback
machines,hyponym,sedan
machines,hyponym,cab
machines,hyponym,taxi
machines,hyponym,racer
machines,hyponym,minivan
machines,hyponym,bus
machines,hyponym,ambulance
machines,synonym,car
machines,synonym,automobile
machines,partMeronym,bumper
machines,partMeronym,window
machines,partMeronym,fin
machines,partMeronym,hood
machines,partMeronym,bonnet
machines,partMeronym,trunk
machines,partMeronym,roof
machines,partMeronym,horn
machines,partMeronym,fender
machines,partMeronym,wing
machines,partMeronym,grille
machines,partMeronym,gun
creamer,hypernym,pitcher
trellis,hypernym,lattice
kiwi,hypernym,vine
kiwi,partMeronym,kiwi
kiwi,partHolonym,kiwi
pea,partHolonym,pea
pea,partMeronym,pea
map,hyponym,chart
watch,hyponym,wristwatch
watch,partMeronym,face
watch,hyponym,wake
stud,hypernym,man
stud,hypernym,decoration
stud,hypernym,ornament
stud,synonym,rivet
stud,partHolonym,building
jumper,hypernym,person
jumper,hypernym,individual
jumper,hypernym,someone
jumper,hypernym,athlete
jumper,hypernym,garment
jumper,hyponym,turtleneck
jumper,hyponym,turtle
jumper,hyponym,cardigan
jumper,hyponym,pullover
jumper,synonym,sweater
jumper,hypernym,connector
jumper,hyponym,lead
jumper,hypernym,jacket
jumper,hypernym,dress
mouth,hyponym,hole
mouth,partMeronym,teeth
mouth,partMeronym,gum
mouth,partMeronym,tongue
mouth,partHolonym,mouth
mouth,hypernym,opening
mouth,hyponym,beak
mouth,hyponym,bill
mouth,partMeronym,lip
mouth,partMeronym,mouth
mouth,partHolonym,face
mouth,hypernym,gap
mouth,hypernym,formation
mouth,hypernym,feeder
mouth,hypernym,counter
mouth,synonym,lip
mouth,partHolonym,jar
mouth,partHolonym,bottle
trough,hyponym,slide
trough,synonym,gutter
trough,synonym,bowl
trough,hypernym,receptacle
trough,hypernym,container
green,synonym,park
green,hypernym,vegetable
green,hypernym,veggie
green,hyponym,spinach
green,synonym,greens
green,synonym,jet
back,partMeronym,small
back,partMeronym,saddle
back,partHolonym,torso
back,partHolonym,trunk
back,partHolonym,body
back,hypernym,side
back,hyponym,tail
back,hyponym,poop
back,synonym,rear
back,hypernym,place
back,synonym,spine
back,hypernym,protection
back,synonym,binding
back,synonym,cover
back,partHolonym,book
back,hypernym,support
back,synonym,backrest
back,partHolonym,chair
briefcase,hypernym,case
briefcase,partMeronym,handle
briefcase,partMeronym,grip
coke,synonym,snow
chicken,hyponym,hen
chicken,partMeronym,breast
chicken,partHolonym,chicken
chicken,hyponym,rooster
chicken,partMeronym,chicken
shelter,hypernym,structure
shelter,hypernym,construction
shelter,hyponym,hut
shelter,hyponym,hutch
shelter,hyponym,shack
shelter,hyponym,tent
shelter,hyponym,sconce
shelter,hyponym,dugout
shelter,hypernym,protection
shelter,hyponym,canopy
shelter,hyponym,birdhouse
shelter,synonym,protection
shelter,hypernym,housing
cuffs,hypernym,lap
cuffs,synonym,cuff
cuffs,partHolonym,leg
cuffs,partHolonym,sleeve
cuffs,partHolonym,arm
cuffs,hypernym,hamper
beans,synonym,bean
beans,partHolonym,bean
beans,hypernym,seed
beans,partMeronym,bean
beans,synonym,noodle
beans,synonym,dome
official,hyponym,officer
official,hyponym,judge
official,hyponym,umpire
official,hyponym,referee
official,hyponym,timer
outline,hyponym,silhouette
outline,hyponym,coastline
outline,hyponym,skyline
signals,hyponym,indicator
signals,hyponym,symbol
signals,hyponym,beam
signals,hyponym,number
signals,hyponym,alarm
signals,synonym,signal
signals,synonym,sign
potatoes,hyponym,fries
potatoes,hyponym,chips
potatoes,synonym,potato
potatoes,partMeronym,jacket
potatoes,partHolonym,potato
potatoes,hypernym,vine
potatoes,partMeronym,potato
houses,hypernym,building
houses,hypernym,home
houses,hyponym,cabin
houses,hyponym,hall
houses,hyponym,lodge
houses,synonym,house
houses,partMeronym,library
houses,partMeronym,porch
houses,hypernym,business
houses,hypernym,audience
houses,hypernym,family
houses,hypernym,part
houses,synonym,sign
houses,hypernym,unit
houses,synonym,family
houses,synonym,home
houses,partMeronym,circle
houses,partMeronym,stage
houses,partMeronym,pit
soldiers,hyponym,tanker
soldiers,synonym,soldier
soldiers,hypernym,worker
entrance,hyponym,opening
entrance,hyponym,arch
entrance,hyponym,archway
entrance,hyponym,doorway
entrance,hyponym,door
entrance,synonym,entryway
entrance,synonym,entry
scarf,hypernym,garment
scarf,hyponym,muffler
scarf,hypernym,joint
teen,synonym,teenager
edging,hypernym,border
edging,hyponym,fringe
edging,partHolonym,tapestry
edging,partHolonym,fabric
edging,partHolonym,cloth
edging,partHolonym,material
edging,partHolonym,rug
edging,partHolonym,carpet
edging,partHolonym,carpeting
lodge,synonym,club
lodge,hypernym,house
lodge,hypernym,home
lodge,hypernym,hotel
hillside,hypernym,slope
hillside,hypernym,side
hillside,partHolonym,hill
six,hypernym,figure
six,synonym,6
six,hypernym,spot
clips,synonym,clip
clips,synonym,magazine
clips,partHolonym,gun
clips,hypernym,case
clips,synonym,time
clips,hypernym,fastener
clips,hypernym,jewelry
clips,hypernym,cut
sea,hypernym,water
sea,partMeronym,bay
sea,synonym,ocean
diaper,hypernym,garment
diaper,synonym,napkin
diaper,hypernym,fabric
diaper,hypernym,cloth
diaper,hypernym,material
fingernail,hypernym,nail
fingernail,hyponym,thumbnail
fingernail,partHolonym,finger
pew,hypernym,bench
calves,synonym,calf
calves,hypernym,leather
wrist,partHolonym,arm
candles,hypernym,lamp
candles,hyponym,dip
candles,synonym,candle
candles,synonym,cd
belly,hyponym,underbelly
belly,synonym,stomach
belly,partHolonym,torso
belly,partHolonym,trunk
belly,partHolonym,body
belly,hyponym,pot
belly,hypernym,bump
belly,hypernym,hump
belly,hypernym,inside
belly,hypernym,interior
hamburger,hypernym,sandwich
hamburger,synonym,burger
hamburger,partMeronym,hamburger
hamburger,hypernym,beef
hamburger,partHolonym,hamburger
hamburger,partHolonym,burger
condiment,hypernym,seasoning
condiment,hyponym,ketchup
condiment,hyponym,salsa
condiment,hyponym,sauce
condiment,hyponym,dip
condiment,hyponym,relish
condiment,hyponym,mustard
condiment,hyponym,spread
eating,hyponym,bite
eating,hyponym,grazing
cliff,hypernym,formation
cliff,synonym,drop
tile,hypernym,slab
tile,hypernym,man
tile,hypernym,piece
snowboarder,hypernym,slipper
blooms,synonym,bloom
blooms,hyponym,floret
blooms,hyponym,bud
blooms,synonym,flower
blooms,synonym,blossom
blooms,synonym,flush
blooms,synonym,peak
plugs,hypernym,block
plugs,hypernym,stop
plugs,hyponym,cork
plugs,hyponym,tap
plugs,hyponym,spigot
plugs,synonym,plug
plugs,synonym,stopper
plugs,hypernym,bit
plugs,hypernym,bite
plugs,hypernym,packaging
plugs,hypernym,hydrant
plugs,hypernym,horse
flooring,hypernym,level
flooring,synonym,floor
flooring,partHolonym,hallway
flooring,partHolonym,hall
flooring,partHolonym,room
wall,hypernym,partition
wall,hypernym,divider
wall,partMeronym,paneling
wall,partMeronym,pane
wall,partMeronym,pier
wall,partMeronym,course
wall,partMeronym,row
wall,partMeronym,arch
wall,partMeronym,archway
wall,partMeronym,doorway
wall,partMeronym,door
wall,partHolonym,hallway
wall,partHolonym,hall
wall,partHolonym,building
wall,partHolonym,room
wall,hypernym,object
wall,hypernym,formation
wall,partHolonym,cave
wall,hypernym,layer
wall,hypernym,bed
wall,hypernym,fence
wall,hypernym,fencing
wall,hypernym,embankment
flower,hyponym,sunflower
flower,hyponym,pink
flower,hyponym,daisy
flower,hyponym,floret
flower,hyponym,bud
flower,synonym,bloom
flower,synonym,blossom
flower,synonym,peak
flower,synonym,flush
website,hypernym,computer
bridle,partMeronym,bit
bridle,partMeronym,rein
bridle,partHolonym,harness
bridle,synonym,check
bridle,synonym,curb
nostrils,synonym,nostril
nostrils,partHolonym,nose
stove,synonym,range
stove,partMeronym,grate
stove,partMeronym,grating
stove,hypernym,heater
spoon,hypernym,cutlery
spoon,hypernym,container
spoon,hypernym,wood
bite,hyponym,crumb
bite,hyponym,plug
bite,synonym,bit
bite,hypernym,meal
bite,synonym,snack
bite,hypernym,spice
bite,hypernym,eating
coins,hyponym,medallion
coins,hyponym,crown
coins,hyponym,eagle
coins,synonym,coin
coins,partMeronym,head
coins,partMeronym,tail
things,hypernym,property
things,hypernym,holding
things,synonym,thing
things,hypernym,artifact
things,hyponym,pacifier
things,hypernym,object
things,hypernym,target
things,hyponym,part
things,hyponym,piece
things,hyponym,unit
things,hyponym,water
patch,hypernym,marking
patch,hyponym,speck
patch,hyponym,splash
patch,hyponym,plaque
patch,synonym,spot
patch,hyponym,garden
patch,hyponym,bed
patch,hyponym,flash
patch,hypernym,time
patch,hyponym,snap
patch,synonym,piece
patch,hypernym,connector
patch,hypernym,dressing
patch,hyponym,wrapping
patch,hyponym,cast
patch,hyponym,truss
patch,synonym,bandage
plaque,hypernym,spot
plaque,hypernym,patch
plaque,hypernym,monument
khakis,hypernym,fabric
khakis,hypernym,cloth
khakis,hypernym,material
figurine,hypernym,figure
k,hypernym,metal
k,synonym,yard
k,partMeronym,word
k,hypernym,letter
k,synonym,jet
k,synonym,green
hull,hyponym,shell
hull,hypernym,structure
hull,hypernym,construction
hull,partMeronym,rib
hull,partHolonym,vessel
figures,synonym,figure
figures,hypernym,body
figures,hyponym,person
figures,synonym,shape
figures,synonym,frame
figures,partHolonym,person
figures,partHolonym,individual
figures,partHolonym,someone
figures,partHolonym,man
figures,partHolonym,human
figures,hyponym,six
figures,hyponym,6
figures,hyponym,0
figures,hyponym,one
figures,hyponym,1
figures,hyponym,five
figures,hyponym,5
figures,hyponym,fin
figures,hyponym,seven
figures,hyponym,7
figures,hyponym,nine
figures,hyponym,9
figures,hyponym,8
figures,hyponym,three
figures,hyponym,3
figures,hyponym,leash
figures,hyponym,two
figures,hyponym,2
figures,hyponym,four
figures,hyponym,4
figures,hypernym,model
figures,hyponym,snowman
figures,hyponym,figurine
figures,synonym,name
figures,hypernym,shape
figures,hyponym,pencil
figures,synonym,number
figures,synonym,image
figures,hypernym,decoration
figures,hypernym,ornament
figures,hyponym,marking
figures,hyponym,device
figures,hyponym,tattoo
figures,hyponym,decal
figures,hyponym,emblem
figures,synonym,design
figures,synonym,pattern
plantains,hypernym,herb
plantains,synonym,plantain
plantains,hypernym,banana
plantains,partMeronym,plantain
plantains,hypernym,vegetable
plantains,hypernym,veggie
plantains,partHolonym,plantain
cushions,hypernym,muffler
cushions,synonym,cushion
cushions,hypernym,layer
cushions,hypernym,bed
cushions,hypernym,padding
cushions,hyponym,headrest
cushions,hyponym,pillow
homes,synonym,home
homes,synonym,place
homes,hypernym,housing
homes,hyponym,house
homes,hyponym,lodge
homes,partMeronym,kitchen
homes,partMeronym,bedroom
homes,partMeronym,bathroom
homes,partMeronym,bath
homes,hypernym,base
homes,hypernym,bag
homes,synonym,plate
homes,synonym,base
homes,hypernym,root
homes,hypernym,unit
homes,synonym,family
homes,synonym,house
doorway,hypernym,entrance
doorway,hypernym,entryway
doorway,hypernym,entry
doorway,synonym,door
doorway,partMeronym,casing
doorway,partMeronym,case
doorway,partMeronym,door
doorway,partHolonym,wall
streamer,hypernym,light
streamer,synonym,banner
streamer,hypernym,flag
streamer,synonym,pennant
gray,hyponym,silver
gray,synonym,grey
gray,hypernym,clothing
gray,hypernym,mount
flash,hyponym,streak
flash,hypernym,bit
flash,hypernym,display
flash,hypernym,patch
flash,hypernym,lamp
sunflower,hypernym,flower
keyhole,hypernym,hole
keyhole,partHolonym,lock
ramekin,hypernym,dish
platform,hypernym,level
platform,hyponym,stand
platform,hyponym,podium
platform,hyponym,stump
platform,hyponym,pier
platform,hyponym,dock
platform,hyponym,landing
platform,hyponym,runway
platform,hyponym,pad
platform,hyponym,deck
platform,hyponym,stage
platform,hyponym,pallet
platform,hyponym,ring
platform,hyponym,block
platform,hyponym,footboard
platform,hyponym,top
platform,hypernym,document
platform,hypernym,papers
platform,partMeronym,plank
platform,partMeronym,computer
platform,hypernym,structure
platform,hypernym,construction
platform,hyponym,turret
platform,hypernym,shoe
hanger,hypernym,worker
hanger,hypernym,support
hanger,hyponym,strap
ripple,hypernym,wave
speckles,hypernym,marking
speckles,hyponym,speck
speckles,hyponym,splash
speckles,hyponym,plaque
speckles,synonym,spot
speckles,synonym,patch
ripples,hypernym,wave
ripples,synonym,ripple
ring,synonym,doughnut
ring,hypernym,band
ring,hyponym,collar
ring,hyponym,tire
ring,hyponym,tyre
ring,hyponym,rim
ring,synonym,hoop
ring,partHolonym,barrel
ring,hypernym,chain
ring,hyponym,nest
ring,synonym,pack
ring,hypernym,platform
ring,partMeronym,canvas
ring,hypernym,jewelry
ring,synonym,band
ring,hypernym,strip
meadow,hypernym,grassland
shuttle,synonym,bird
shuttle,hypernym,spool
name,hyponym,title
name,hyponym,brand
name,hyponym,signature
name,hypernym,family
name,synonym,figure
clumps,hyponym,tuft
clumps,hyponym,knot
clumps,synonym,bunch
clumps,synonym,clump
clumps,synonym,cluster
clumps,synonym,ball
clumps,synonym,lump
clumps,synonym,chunk
stoplights,synonym,stoplight
stoplights,partHolonym,brakes
stoplights,hypernym,light
ladle,hypernym,vessel
ladle,hyponym,scoop
ladle,partMeronym,handle
ladle,partMeronym,grip
portion,hyponym,member
portion,hyponym,item
portion,hyponym,point
portion,hyponym,detail
portion,hyponym,base
portion,hyponym,butt
portion,hyponym,rest
portion,hyponym,unit
portion,hyponym,substance
portion,synonym,part
portion,hypernym,object
portion,hyponym,neck
portion,hyponym,section
portion,hyponym,bulb
portion,hyponym,bit
portion,hyponym,waist
portion,hyponym,spine
portion,hyponym,cutout
portion,hyponym,seat
portion,hyponym,toe
portion,hyponym,heel
portion,hyponym,limb
portion,hyponym,piece
portion,partHolonym,whole
portion,partHolonym,unit
portion,hyponym,stake
portion,hyponym,slice
portion,hyponym,cut
portion,hyponym,way
portion,partHolonym,net
portion,synonym,lot
portion,hypernym,gift
portion,hyponym,medallion
portion,hyponym,drink
portion,hyponym,wing
portion,hyponym,round
portion,hyponym,thigh
portion,hyponym,breast
portion,partHolonym,meal
protection,hyponym,covering
protection,hypernym,covering
protection,hyponym,cap
protection,hyponym,coaster
protection,hyponym,shelter
protection,hyponym,lining
protection,hyponym,liner
protection,hyponym,housing
protection,hyponym,shield
protection,hyponym,binder
protection,hyponym,hood
protection,hyponym,bonnet
protection,hyponym,dashboard
protection,hyponym,roof
protection,hyponym,mulch
protection,hyponym,shade
protection,hyponym,blind
protection,hyponym,screen
protection,hyponym,binding
protection,hyponym,cover
protection,hyponym,back
protection,hyponym,mask
protection,hyponym,hedge
protection,synonym,shelter
headphone,synonym,phone
stair,hypernym,support
stair,synonym,step
stair,partMeronym,tread
stair,partHolonym,stairway
stair,partHolonym,staircase
yarn,partMeronym,end
yarn,partMeronym,body
yarn,hypernym,cord
yarn,hyponym,filling
yarn,hyponym,pile
yarn,synonym,thread
herb,hyponym,dock
herb,hyponym,vegetable
herb,hyponym,lettuce
herb,hyponym,eggplant
herb,hyponym,plantain
herb,hyponym,basil
herb,hyponym,strawberry
herb,hyponym,cilantro
herb,hyponym,tomato
herb,hyponym,celery
herb,hyponym,pineapple
herb,hyponym,banana
herb,hyponym,rocket
herb,hyponym,arugula
herb,hyponym,asparagus
herb,hyponym,parsley
herb,hyponym,clover
herb,hyponym,dandelion
herb,hyponym,carrot
herb,partMeronym,vegetable
herb,partMeronym,veggie
herb,hypernym,seasoning
herb,hyponym,tea
herb,hyponym,chives
sponsor,hyponym,angel
vine,hyponym,squash
vine,hyponym,ivy
vine,hyponym,potato
vine,hyponym,kiwi
vine,hyponym,grape
bookshelves,hypernym,shelf
bookshelves,synonym,bookshelf
necktie,hyponym,bowtie
necktie,synonym,tie
cop,hypernym,policeman
cop,hypernym,officer
cop,synonym,bull
cop,synonym,pig
bartender,hypernym,employee
kites,hypernym,check
kites,synonym,kite
kites,hypernym,toy
kites,hypernym,hawk
machinery,hypernym,machine
machinery,hyponym,grinder
machinery,hypernym,system
hen,hypernym,chicken
hen,hyponym,layer
hen,hypernym,bird
hen,hypernym,female
toiletry,hyponym,cream
toiletry,hyponym,toothbrush
toiletry,hyponym,powder
toiletry,hyponym,lotion
computer,hypernym,machine
computer,hyponym,server
computer,hyponym,website
computer,partMeronym,storage
computer,partMeronym,store
computer,partMeronym,hardware
computer,partMeronym,keyboard
computer,partMeronym,monitor
computer,partMeronym,chip
computer,partMeronym,bus
computer,partHolonym,platform
computer,synonym,calculator
cathedral,hypernym,church
snack,hypernym,meal
snack,synonym,bite
rapids,hypernym,waterway
rapids,partHolonym,river
saddlebag,hypernym,bag
items,hypernym,part
items,hypernym,portion
items,hyponym,place
items,synonym,item
items,synonym,point
items,synonym,detail
items,hypernym,whole
items,hypernym,unit
items,hyponym,piece
items,hypernym,symbol
items,hyponym,stamp
skateboard,hypernym,board
motor,hypernym,machine
motor,hyponym,engine
pastries,hypernym,dough
pastries,synonym,pastry
pastries,hyponym,pie
thread,hypernym,cord
thread,hyponym,filling
thread,hyponym,pile
thread,synonym,yarn
thread,hypernym,object
thread,hyponym,blade
thread,synonym,ribbon
thread,hypernym,rib
thread,partHolonym,screw
slices,hypernym,portion
slices,hypernym,part
slices,synonym,slice
slices,synonym,piece
slices,synonym,cut
slices,hypernym,swing
slices,hypernym,piece
slices,hyponym,section
slices,hypernym,spatula
peas,synonym,pea
peas,partHolonym,pea
peas,partMeronym,pea
brownies,synonym,brownie
brownies,hypernym,cookie
brownies,hypernym,biscuit
stands,hypernym,support
stands,synonym,base
stands,synonym,pedestal
stands,synonym,stand
stands,hypernym,place
stands,hypernym,vegetation
stands,hypernym,table
stands,hyponym,tripod
stands,synonym,rack
stands,hypernym,stop
stands,hyponym,cityscape
stands,hyponym,landscape
stands,hypernym,booth
stands,synonym,stall
stands,hyponym,bleachers
stands,partHolonym,park
stands,partHolonym,stadium
stands,partHolonym,bowl
stands,partHolonym,arena
stands,hypernym,platform
beverages,hypernym,food
beverages,hypernym,liquid
beverages,hyponym,mixer
beverages,hyponym,cooler
beverages,hyponym,coffee
beverages,hyponym,chocolate
beverages,hyponym,tea
beverages,hyponym,alcohol
beverages,hyponym,milk
beverages,synonym,beverage
beverages,synonym,drink
shore,hypernym,formation
shore,hyponym,strand
shore,hyponym,coast
shore,partMeronym,shoreline
shore,partMeronym,beach
shore,hypernym,beam
footprints,hypernym,mark
footprints,hypernym,print
footprints,synonym,footprint
footprints,synonym,step
footprints,hypernym,shadow
footprints,hypernym,area
alcohol,hypernym,beverage
alcohol,hypernym,drink
alcohol,hyponym,liquor
alcohol,hyponym,wine
alcohol,hypernym,liquid
blouse,hypernym,top
telephone,hyponym,handset
telephone,synonym,phone
stamp,synonym,cast
stamp,synonym,mold
stamp,hypernym,family
stamp,hypernym,symbol
stamp,hyponym,imprint
stamp,hyponym,seal
stamp,hypernym,item
stamp,hypernym,sheet
stamp,hypernym,machine
stamp,partHolonym,battery
stamp,hypernym,device
stamp,synonym,seal
dumpster,hypernym,container
stall,hypernym,compartment
stall,partHolonym,stable
stall,hypernym,closet
stall,synonym,booth
stall,synonym,cubicle
stall,synonym,kiosk
stall,hypernym,booth
stall,synonym,stand
stall,hypernym,seating
stall,hypernym,seats
stall,hypernym,alcove
stall,hypernym,bay
stall,partHolonym,library
baseline,hypernym,line
slot,hypernym,slit
slot,hypernym,trail
slot,hypernym,receptacle
lace,hypernym,cord
lace,hyponym,shoelace
lace,partHolonym,shoe
lace,hypernym,fabric
lace,hypernym,cloth
lace,hypernym,material
paintings,hyponym,mural
paintings,hyponym,cityscape
paintings,hyponym,icon
paintings,hyponym,landscape
paintings,synonym,painting
paintings,synonym,picture
paintings,hypernym,art
paintings,hypernym,covering
paintings,hyponym,splash
paintings,hyponym,splashing
paintings,partHolonym,construction
paintings,partHolonym,building
figurines,hypernym,figure
figurines,synonym,figurine
soccer,hypernym,football
game,hyponym,cards
game,hypernym,animal
game,hypernym,part
game,hypernym,section
game,partHolonym,set
game,hypernym,meat
game,hyponym,buffalo
game,hyponym,rabbit
game,hypernym,business
game,hypernym,line
reins,hypernym,strap
reins,synonym,rein
reins,partHolonym,bridle
reins,hypernym,control
cube,synonym,block
cube,hypernym,number
cube,hypernym,block
waves,hypernym,motion
waves,hyponym,surf
waves,hyponym,wake
waves,hyponym,ripple
waves,hyponym,roller
waves,hyponym,roll
waves,hyponym,lift
waves,synonym,wave
waves,hyponym,flap
waves,hypernym,curve
waves,hypernym,weather
waves,hypernym,woman
movie,hypernym,product
movie,hypernym,show
movie,synonym,picture
movie,partMeronym,credit
movie,partMeronym,scene
movie,partMeronym,shot
paw,hypernym,foot
paw,partMeronym,pad
paw,partHolonym,feline
paw,hyponym,right
paw,hyponym,hooks
paw,hyponym,fist
paw,hyponym,left
paw,synonym,hand
paw,synonym,mitt
paw,partMeronym,finger
paw,partMeronym,palm
paw,partMeronym,ball
paw,partHolonym,arm
paw,partHolonym,man
paw,partHolonym,human
stalk,synonym,straw
stalk,synonym,stubble
stalk,hyponym,branch
stalk,hyponym,bulb
stalk,hyponym,cane
stalk,hyponym,trunk
stalk,synonym,stem
stalk,partMeronym,receptacle
scenery,hypernym,set
scenery,hyponym,flat
scenery,hyponym,backdrop
scenery,hyponym,background
scenery,synonym,scene
scenery,hypernym,neighborhood
scenery,hyponym,landscape
croissant,hypernym,bun
croissant,hypernym,roll
splashing,hypernym,painting
splashing,synonym,splash
ramps,synonym,ramp
ramps,hypernym,stairway
ramps,hypernym,staircase
peg,hypernym,pin
peg,hyponym,tee
peg,hypernym,marker
peg,hypernym,marking
peg,hypernym,mark
peg,synonym,pin
peg,hypernym,leg
peg,synonym,stick
peg,synonym,leg
peg,hypernym,holder
peg,partHolonym,rowboat
rug,hyponym,runner
rug,synonym,carpet
rug,synonym,carpeting
rug,partMeronym,edging
exhibit,hypernym,show
exhibit,hyponym,parade
exhibit,synonym,display
mountainside,hypernym,slope
mountainside,hypernym,side
mountainside,partHolonym,mountain
mountainside,partHolonym,mount
hitter,synonym,batter
berry,hyponym,strawberry
berry,hyponym,blackberry
berry,hyponym,blueberry
berry,hyponym,raspberry
berry,partHolonym,berry
berry,hypernym,fruit
berry,partMeronym,berry
fridge,hypernym,refrigerator
fridge,hyponym,freezer
handrail,hypernym,barrier
handrail,synonym,bannister
handrail,synonym,banister
handrail,partMeronym,railing
handrail,partMeronym,rail
handrail,partHolonym,balcony
holders,hyponym,keyboard
holders,hyponym,peg
holders,hyponym,pin
holders,hyponym,candlestick
holders,synonym,holder
holders,hypernym,owner
holders,hyponym,officer
lambs,synonym,lamb
lambs,hypernym,meat
forefront,hypernym,front
forefront,synonym,head
forefront,hypernym,view
fin,hypernym,figure
fin,synonym,five
fin,synonym,5
fin,hypernym,decoration
fin,hypernym,ornament
fin,partHolonym,car
fin,partHolonym,automobile
fin,partHolonym,machine
fin,hypernym,slat
fin,hypernym,shoe
fin,hypernym,stabilizer
fin,hyponym,vane
fin,partHolonym,ship
fin,hypernym,member
fin,partHolonym,fish
shingles,synonym,shingle
shingles,hypernym,gravel
shingles,hypernym,signboard
shingles,hypernym,sign
outlets,hyponym,shop
outlets,hyponym,store
outlets,hyponym,plaza
outlets,hyponym,mall
outlets,hyponym,center
outlets,hyponym,market
outlets,synonym,outlet
outlets,partMeronym,merchandise
outlets,partMeronym,product
outlets,hypernym,receptacle
outlets,hyponym,point
outlets,hypernym,opening
outlets,synonym,exit
outlets,synonym,vent
books,hyponym,text
books,hyponym,booklet
books,hyponym,brochure
books,hyponym,folder
books,hyponym,pamphlet
books,synonym,book
books,partMeronym,signature
books,hypernym,product
books,hyponym,notebook
books,partMeronym,binding
books,partMeronym,cover
books,partMeronym,back
books,partMeronym,spine
books,hyponym,card
books,synonym,record
books,hypernym,record
books,hypernym,collection
books,partMeronym,text
books,hypernym,section
books,partHolonym,text
portrait,hypernym,picture
instrument,hypernym,device
instrument,hyponym,arm
instrument,hyponym,engine
instrument,hypernym,way
instrument,synonym,tool
instrument,hypernym,document
instrument,hypernym,papers
instrument,hyponym,license
instrument,hyponym,bill
instrument,hyponym,title
instrument,hyponym,wind
streamers,hypernym,light
streamers,synonym,streamer
streamers,synonym,banner
streamers,hypernym,flag
streamers,synonym,pennant
soles,hypernym,bottom
soles,hypernym,underside
soles,synonym,sole
soles,partMeronym,waist
soles,partHolonym,footwear
soles,partHolonym,sole
soles,hypernym,area
soles,partMeronym,ball
soles,partHolonym,foot
soles,partMeronym,sole
grates,synonym,grate
grates,synonym,grating
grates,partHolonym,stove
grates,partHolonym,range
grates,hypernym,barrier
grates,hyponym,grille
yacht,hypernym,vessel
employee,hypernym,worker
employee,hyponym,bartender
toothpick,hypernym,strip
oar,hyponym,paddle
oar,partMeronym,blade
oar,partMeronym,vane
shoe,hypernym,footwear
shoe,hyponym,walker
shoe,hyponym,cleats
shoe,hyponym,sneaker
shoe,hyponym,fin
shoe,hyponym,sandal
shoe,hyponym,pump
shoe,hyponym,platform
shoe,partMeronym,tongue
shoe,partMeronym,counter
shoe,partMeronym,heel
shoe,partMeronym,spike
shoe,partMeronym,collar
shoe,partMeronym,saddle
shoe,partMeronym,lace
shoe,partMeronym,shoelace
shoe,hypernym,case
shoe,hypernym,plate
shoe,hypernym,scale
shoe,hypernym,shell
helmet,partMeronym,visor
helmet,hypernym,headdress
drape,hypernym,blind
drape,hypernym,screen
drape,hyponym,drop
drape,synonym,curtain
drape,synonym,mantle
drape,hypernym,way
drape,hypernym,covering
grille,hypernym,opening
grille,synonym,lattice
grille,partMeronym,stump
grille,hypernym,grate
grille,hypernym,grating
grille,partHolonym,car
grille,partHolonym,automobile
grille,partHolonym,machine
grille,synonym,grill
carving,hypernym,sculpture
carving,hypernym,art
carving,hyponym,molding
carving,hyponym,moulding
carving,synonym,sculpture
tongs,hypernym,device
bars,partMeronym,bar
bars,hypernym,room
bars,synonym,bar
bars,hypernym,counter
bars,hyponym,bolt
bars,hyponym,track
bars,hyponym,rail
bars,hyponym,rails
bars,hyponym,runway
bars,hyponym,handlebar
bars,hyponym,lever
bars,partHolonym,goal
bars,hypernym,barrier
bars,hypernym,ridge
bars,hypernym,marking
bars,hyponym,band
bars,synonym,stripe
bars,synonym,streak
bars,hypernym,block
bars,hyponym,tablet
bars,synonym,cake
bars,hypernym,support
bars,partHolonym,bars
bars,hypernym,railing
bars,hypernym,rail
bars,partHolonym,court
pedal,hypernym,note
pedal,hypernym,lever
pedal,hyponym,gun
pedal,partHolonym,bicycle
pedal,partHolonym,bike
pedal,partHolonym,wheel
pedal,partHolonym,cycle
flame,hyponym,blaze
flame,synonym,fire
basin,hypernym,vessel
basin,hyponym,font
basin,hyponym,bidet
basin,hypernym,sink
carousel,hypernym,conveyor
carousel,hypernym,ride
chive,synonym,chives
chive,partMeronym,chives
sausage,hypernym,meat
sausage,hyponym,salami
sausage,hyponym,pepperoni
sausage,hyponym,hotdog
sausage,hyponym,dog
item,hypernym,part
item,hypernym,portion
item,hyponym,place
item,synonym,point
item,synonym,detail
item,hypernym,whole
item,hypernym,unit
item,hyponym,piece
item,hypernym,symbol
item,hyponym,stamp
accents,synonym,accent
ears,synonym,ear
ears,partHolonym,head
ears,hypernym,fruit
ears,synonym,spike
ears,partHolonym,corn
ropes,hypernym,line
ropes,hyponym,tier
ropes,hyponym,brace
ropes,hyponym,cable
ropes,hyponym,halter
ropes,synonym,rope
ropes,synonym,circle
couple,hypernym,pair
couple,hypernym,family
couple,synonym,match
couple,hypernym,two
couple,hypernym,2
couple,synonym,pair
couple,synonym,brace
couple,hypernym,unit
bindings,synonym,binding
bindings,synonym,dressing
bindings,hypernym,protection
bindings,synonym,cover
bindings,synonym,back
bindings,partHolonym,book
heels,hypernym,bottom
heels,hypernym,underside
heels,hyponym,spike
heels,hyponym,wedge
heels,synonym,heel
heels,partMeronym,lift
heels,partHolonym,boot
heels,partHolonym,shoe
heels,partHolonym,foot
heels,synonym,dog
heels,hypernym,end
heels,hypernym,terminal
heels,partHolonym,loaf
heels,hypernym,part
heels,hypernym,portion
spigot,hypernym,plug
spigot,hypernym,stopper
spigot,synonym,tap
spigot,partHolonym,barrel
spigot,hyponym,tap
spigot,hyponym,hydrant
spigot,synonym,faucet
spigot,partMeronym,handle
spigot,partMeronym,grip
plain,hypernym,land
plain,hypernym,earth
plain,hypernym,ground
plain,hyponym,flat
plain,synonym,field
hallway,synonym,hall
hallway,partMeronym,floor
hallway,partMeronym,flooring
hallway,partMeronym,ceiling
hallway,partMeronym,wall
chest,hyponym,bust
chest,partMeronym,breast
chest,partMeronym,chest
chest,partHolonym,torso
chest,partHolonym,trunk
chest,partHolonym,body
chest,hypernym,box
chest,hyponym,toolbox
chest,partMeronym,lid
chest,synonym,breast
chest,partHolonym,chest
chest,hypernym,furniture
chest,hyponym,commode
chest,synonym,dresser
chest,partMeronym,shelf
chest,partMeronym,drawer
bells,synonym,bell
bells,partMeronym,tongue
bells,hypernym,button
bells,hypernym,curve
bells,hypernym,opening
bells,partHolonym,wind
bunny,hypernym,rabbit
router,hypernym,device
deck,hypernym,platform
deck,partHolonym,ship
deck,hypernym,packet
deck,hypernym,pack
deck,hypernym,porch
profile,hypernym,chart
profile,partMeronym,horizon
mayo,hypernym,dressing
mayo,synonym,mayonnaise
avocados,synonym,avocado
avocados,partHolonym,avocado
avocados,partMeronym,avocado
daisies,hypernym,flower
daisies,synonym,daisy
writing,hyponym,document
writing,hyponym,papers
writing,hyponym,title
writing,hyponym,section
writing,hyponym,lettering
writing,hypernym,work
writing,hyponym,handwriting
writing,hyponym,hand
mugs,synonym,mug
mugs,synonym,mark
mugs,hypernym,face
mugs,partMeronym,handle
mugs,partMeronym,grip
set,hypernym,collection
set,hyponym,intersection
set,hyponym,product
set,hyponym,bracket
set,hyponym,pair
set,hyponym,brace
set,hyponym,field
set,hyponym,teeth
set,hyponym,group
set,hyponym,image
set,hyponym,range
set,hyponym,root
set,hyponym,scenery
set,hyponym,scene
set,partHolonym,setting
set,hyponym,pack
set,hyponym,party
set,hyponym,company
set,synonym,circle
set,synonym,band
set,synonym,lot
set,partMeronym,game
banner,hypernym,flag
banner,synonym,streamer
soda,hypernym,salt
stubble,synonym,stalk
stubble,synonym,straw
stubble,hypernym,beard
stubble,hypernym,whiskers
flatbed,synonym,flat
planters,synonym,planter
planters,hypernym,worker
planters,hypernym,pot
planters,hypernym,flowerpot
bottle,hypernym,vessel
bottle,hyponym,jug
bottle,hyponym,carafe
bottle,partMeronym,mouth
bottle,partMeronym,nipple
dish,hypernym,container
dish,hyponym,bowl
dish,hyponym,boat
dish,hyponym,ramekin
dish,hyponym,sushi
dish,hyponym,mold
dish,hyponym,meatball
dish,hyponym,soup
dish,hyponym,pasta
dish,hyponym,salad
dish,hyponym,patty
dish,hyponym,cake
dish,hyponym,sauerkraut
dish,hyponym,chili
dish,hyponym,stew
dish,hyponym,burrito
dish,hyponym,omelette
dish,hyponym,pizza
dish,partMeronym,ingredient
dish,partMeronym,topping
dish,partMeronym,sauce
dish,partHolonym,meal
dish,hypernym,woman
dish,synonym,peach
dish,synonym,saucer
dish,synonym,bag
buses,synonym,bus
buses,synonym,coach
buses,partMeronym,window
buses,partMeronym,roof
buses,hypernym,conductor
buses,partHolonym,computer
buses,hypernym,car
buses,hypernym,automobile
buses,hypernym,machine
pottery,hypernym,shop
groom,hypernym,hand
laundry,hypernym,garment
laundry,hypernym,work
lip,partHolonym,mouth
lip,hypernym,counter
lip,synonym,mouth
lip,hypernym,edge
lip,hyponym,collar
lip,synonym,brim
lip,synonym,rim
lip,partHolonym,vessel
lip,hypernym,border
paws,hypernym,foot
paws,synonym,paw
paws,partMeronym,pad
paws,partHolonym,feline
paws,hyponym,right
paws,hyponym,hooks
paws,hyponym,fist
paws,hyponym,left
paws,synonym,hand
paws,synonym,mitt
paws,partMeronym,finger
paws,partMeronym,palm
paws,partMeronym,ball
paws,partHolonym,arm
paws,partHolonym,man
paws,partHolonym,human
socket,partHolonym,bone
socket,hypernym,receptacle
friends,hypernym,person
friends,hypernym,individual
friends,hypernym,someone
friends,hyponym,light
friends,synonym,friend
friends,hyponym,pickup
friends,hyponym,toaster
friends,hyponym,pillar
rubber,hypernym,eraser
rubber,partHolonym,pencil
wicker,hypernym,wood
wicker,hypernym,work
person,hyponym,child
person,hyponym,baby
person,hyponym,divider
person,hyponym,owner
person,hyponym,case
person,hyponym,friend
person,hyponym,controller
person,hyponym,ostrich
person,hyponym,machine
person,hyponym,counter
person,hyponym,worker
person,hyponym,mouse
person,hyponym,comforter
person,hyponym,image
person,hyponym,female
person,hyponym,adult
person,hyponym,dresser
person,hyponym,shaker
person,hyponym,fighter
person,hyponym,beard
person,hyponym,topper
person,hyponym,party
person,hyponym,ruler
person,hyponym,man
person,hyponym,face
person,hyponym,player
person,hyponym,sweater
person,hyponym,engineer
person,hyponym,jumper
person,hyponym,male
person,hyponym,blonde
person,hyponym,slipper
person,hyponym,tiger
person,hyponym,fastener
person,hyponym,match
person,hyponym,waiter
person,synonym,individual
person,synonym,someone
person,partMeronym,figure
person,partMeronym,shape
person,partMeronym,frame
person,hypernym,figure
person,hypernym,shape
person,hypernym,frame
switch,hypernym,control
switch,hypernym,controller
switch,hyponym,cutout
switch,hyponym,button
switch,hypernym,railroad
switch,hypernym,railway
switch,hyponym,cane
menu,hypernym,bill
menu,synonym,card
names,hyponym,title
names,hyponym,brand
names,hyponym,signature
names,synonym,name
names,hypernym,family
names,synonym,figure
toiletries,hyponym,cream
toiletries,hyponym,toothbrush
toiletries,hyponym,powder
toiletries,hyponym,lotion
toiletries,synonym,toiletry
chocolate,hypernym,beverage
chocolate,hypernym,drink
chocolate,hypernym,food
chocolate,hypernym,brown
chocolate,synonym,coffee
hinges,hypernym,joint
hinges,synonym,hinge
hinges,partHolonym,gate
sphere,hyponym,front
sphere,hyponym,land
sphere,hyponym,lap
sphere,synonym,area
sphere,synonym,field
sphere,synonym,arena
sphere,hypernym,artifact
sphere,hyponym,globe
sphere,hyponym,drop
sphere,hyponym,bead
sphere,hyponym,pearl
sphere,hyponym,ball
sphere,hyponym,orb
sphere,hypernym,surface
jaw,hypernym,bone
jaw,partHolonym,skull
jaw,partHolonym,face
jaw,partHolonym,wrench
jaw,partHolonym,pliers
partition,hypernym,structure
partition,hypernym,construction
partition,hyponym,wall
partition,hyponym,screen
partition,synonym,divider
clover,hypernym,herb
water,hypernym,liquid
water,hypernym,thing
water,hyponym,waterfall
water,hyponym,bay
water,hyponym,main
water,hyponym,stream
water,hyponym,pool
water,hyponym,puddle
water,hyponym,waterway
water,hyponym,drink
water,hyponym,sea
water,hyponym,lake
water,hyponym,crossing
water,hyponym,ocean
water,partHolonym,surface
water,partHolonym,base
water,hypernym,food
hooves,hypernym,foot
hooves,synonym,hoof
hooves,partMeronym,toe
hooves,partMeronym,hoof
hooves,partHolonym,hoof
cup,hypernym,container
cup,hyponym,goblet
cup,hyponym,teacup
cup,hypernym,hole
cup,hypernym,trophy
birds,hyponym,hen
birds,hyponym,parrot
birds,synonym,bird
birds,partMeronym,rump
birds,partMeronym,feather
birds,partMeronym,bird
birds,partMeronym,beak
birds,partMeronym,bill
birds,partMeronym,wing
birds,hypernym,meat
birds,partMeronym,thigh
birds,partHolonym,bird
birds,hypernym,girl
birds,synonym,doll
birds,synonym,skirt
birds,synonym,raspberry
birds,synonym,shuttle
pancake,hypernym,cake
pancake,hyponym,tortilla
corner,hypernym,area
corner,hypernym,country
corner,hypernym,point
corner,partHolonym,building
corner,hypernym,intersection
corner,hypernym,crossing
corner,synonym,box
corner,hypernym,part
corner,hypernym,piece
corner,hypernym,structure
corner,hypernym,construction
zebras,synonym,zebra
obstacle,hypernym,check
obstacle,hyponym,hitch
obstacle,hyponym,hurdle
obstacle,hyponym,barrier
rings,synonym,ring
rings,synonym,doughnut
rings,hypernym,band
rings,hyponym,collar
rings,hyponym,tire
rings,hyponym,tyre
rings,hyponym,rim
rings,synonym,hoop
rings,partHolonym,barrel
rings,hypernym,chain
rings,hyponym,nest
rings,synonym,pack
rings,hypernym,platform
rings,partMeronym,canvas
rings,hypernym,jewelry
rings,synonym,band
rings,hypernym,strip
indentations,synonym,indentation
indentations,hypernym,space
indentations,hypernym,place
indentations,synonym,indent
charger,hypernym,device
booklet,hypernym,book
booklet,synonym,brochure
booklet,synonym,folder
booklet,synonym,pamphlet
ferry,hypernym,boat
vent,hypernym,hole
vent,hypernym,opening
vent,hypernym,crack
vent,hypernym,crevice
vent,hypernym,slit
vent,synonym,outlet
bottoms,hypernym,side
bottoms,hypernym,face
bottoms,hyponym,heel
bottoms,hyponym,sole
bottoms,hyponym,underbelly
bottoms,hyponym,base
bottoms,synonym,bottom
bottoms,synonym,underside
bottoms,hypernym,part
bottoms,hyponym,foot
bottoms,synonym,butt
bottoms,synonym,backside
bottoms,synonym,buns
bottoms,synonym,can
bottoms,synonym,rear
bottoms,synonym,rump
bottoms,synonym,seat
bottoms,synonym,tail
bottoms,synonym,behind
bottoms,partHolonym,torso
bottoms,partHolonym,trunk
bottoms,partHolonym,body
bottoms,hypernym,turn
bottoms,hypernym,round
bottoms,partHolonym,frame
bottoms,synonym,bed
bottoms,hypernym,land
bottoms,hypernym,ground
bottoms,hypernym,soil
wrinkle,hypernym,imprint
wrinkle,synonym,crease
wrinkle,synonym,seam
wrinkle,synonym,line
wrinkle,partHolonym,skin
spire,hypernym,tower
spire,synonym,steeple
goat,hyponym,kid
goat,partMeronym,beard
goat,partMeronym,horn
goat,synonym,butt
goat,hypernym,person
goat,hypernym,individual
goat,hypernym,someone
utensils,hyponym,server
utensils,synonym,utensil
formation,hypernym,arrangement
formation,hyponym,head
formation,hyponym,line
formation,hyponym,flight
formation,hyponym,center
formation,hyponym,wing
formation,hyponym,rear
formation,hypernym,object
formation,hyponym,mouth
formation,hyponym,range
formation,hyponym,chain
formation,hyponym,spring
formation,hyponym,fountain
formation,hyponym,cave
formation,hyponym,slope
formation,hyponym,side
formation,hyponym,shore
formation,hyponym,wall
formation,hyponym,ridge
formation,hyponym,cliff
formation,hyponym,drop
formation,hyponym,beach
formation,hyponym,vein
tank,partMeronym,turret
tank,hypernym,vessel
tank,hyponym,aquarium
tank,hypernym,cell
tank,synonym,cooler
semi,hypernym,match
semi,hypernym,truck
semi,partMeronym,trailer
semi,partMeronym,semi
semi,hypernym,trailer
semi,partHolonym,semi
base,hypernym,support
base,hyponym,bed
base,synonym,foundation
base,synonym,foot
base,partHolonym,structure
base,partHolonym,construction
base,hyponym,home
base,hyponym,plate
base,synonym,bag
base,partHolonym,diamond
base,partHolonym,infield
base,hypernym,part
base,hypernym,piece
base,hypernym,bottom
base,hypernym,control
base,synonym,floor
base,synonym,pedestal
base,synonym,stand
base,hypernym,portion
base,hypernym,number
base,synonym,home
base,synonym,root
base,synonym,stem
base,hypernym,store
base,partMeronym,main
base,partMeronym,grid
base,partMeronym,water
base,hypernym,ingredient
base,hypernym,underside
base,partHolonym,box
base,partHolonym,lamp
base,partHolonym,vessel
sideburns,synonym,sideburn
block,hypernym,artifact
block,hyponym,step
block,hyponym,pad
block,hyponym,cake
block,hyponym,bar
block,hyponym,cube
block,hyponym,nut
block,hyponym,slab
block,hyponym,wedge
block,hypernym,area
block,hypernym,country
block,synonym,cube
block,hypernym,collection
block,hypernym,housing
block,hypernym,machine
block,hypernym,cast
block,partMeronym,cylinder
block,hyponym,plug
block,hyponym,stopper
block,synonym,stop
block,hypernym,platform
screw,hypernym,propeller
screw,hypernym,propellor
screw,partHolonym,ship
screw,hypernym,fastener
screw,hyponym,bolt
screw,partMeronym,thread
screw,partMeronym,head
marina,hypernym,dock
almonds,synonym,almond
almonds,partMeronym,almond
almonds,partHolonym,almond
sitting,hypernym,motion
tomato,partHolonym,tomato
tomato,hypernym,herb
tomato,partMeronym,tomato
sunshine,hypernym,light
sunshine,synonym,sunlight
sunshine,synonym,sun
sunshine,hypernym,weather
propellers,hyponym,prop
propellers,hyponym,screw
propellers,synonym,propeller
propellers,synonym,propellor
propellers,partMeronym,blade
propellers,partMeronym,vane
corral,hypernym,pen
dent,hypernym,event
dent,hypernym,imprint
dent,synonym,scratch
dent,synonym,slit
dent,hypernym,blemish
elephants,synonym,elephant
elephants,partMeronym,trunk
elephants,partMeronym,tusk
elephants,hypernym,emblem
blemish,hyponym,smudge
blemish,hyponym,spot
blemish,hyponym,check
blemish,hyponym,chip
blemish,hyponym,mole
blemish,hyponym,scratch
blemish,hyponym,scar
blemish,hyponym,mark
blemish,hyponym,crack
blemish,hyponym,dent
neighborhood,hypernym,section
neighborhood,hyponym,scenery
neighborhood,hyponym,place
neighborhood,hyponym,hood
neighborhood,hyponym,street
neighborhood,hypernym,area
neighborhood,hypernym,country
address,partMeronym,end
address,partMeronym,body
address,hypernym,direction
address,synonym,destination
address,partHolonym,letter
scratch,hypernym,imprint
scratch,synonym,slit
scratch,synonym,dent
scratch,hypernym,money
scratch,synonym,bread
scratch,synonym,cabbage
scratch,synonym,dough
scratch,synonym,kale
scratch,synonym,lettuce
scratch,synonym,sugar
scratch,hypernym,line
scratch,hypernym,handwriting
scratch,hypernym,hand
scratch,hypernym,blemish
scratch,synonym,scar
scratch,synonym,mark
chalkboard,hypernym,sheet
chalkboard,synonym,blackboard
batter,synonym,hitter
batter,hypernym,mixture
object,hyponym,head
object,hyponym,property
object,hyponym,prop
object,hyponym,whole
object,hyponym,unit
object,hyponym,ice
object,hyponym,stuff
object,hyponym,part
object,hyponym,portion
object,hyponym,moon
object,hyponym,wall
object,hyponym,ribbon
object,hyponym,thread
object,hyponym,land
object,hyponym,earth
object,hyponym,ground
object,hyponym,formation
object,hyponym,vehicle
object,hyponym,lot
object,hyponym,growth
object,hyponym,soil
object,hyponym,charm
object,hypernym,goal
object,hypernym,end
object,hyponym,thing
object,hyponym,business
object,hyponym,point
object,synonym,target
object,hyponym,center
hood,hypernym,covering
hood,hypernym,cover
hood,synonym,cap
hood,partHolonym,plant
hood,hypernym,neighborhood
hood,hypernym,attachment
hood,partHolonym,camera
hood,hypernym,roof
hood,hypernym,headdress
hood,hypernym,protection
hood,synonym,bonnet
hood,partHolonym,airplane
hood,partHolonym,aeroplane
hood,partHolonym,plane
hood,partHolonym,car
hood,partHolonym,automobile
hood,partHolonym,machine
napkins,hyponym,bib
napkins,synonym,napkin
napkins,hypernym,garment
napkins,synonym,diaper
carnation,hypernym,pink
worker,hypernym,person
worker,hypernym,individual
worker,hypernym,someone
worker,hyponym,employee
worker,hyponym,wiper
worker,hyponym,planter
worker,hyponym,gutter
worker,hyponym,poster
worker,hyponym,hanger
worker,hyponym,topper
worker,hyponym,bleacher
worker,hyponym,tier
worker,hyponym,washer
worker,hyponym,driver
worker,hyponym,soldier
shears,hypernym,scissors
streak,hypernym,marking
streak,hyponym,band
streak,synonym,stripe
streak,synonym,bar
streak,hypernym,flash
canisters,synonym,canister
canisters,partMeronym,shot
canisters,hypernym,container
canisters,synonym,cannister
canisters,synonym,tin
puddles,synonym,puddle
puddles,hypernym,water
puddles,synonym,pool
puddles,hypernym,place
puddles,hypernym,spot
word,hyponym,language
word,hyponym,head
word,hypernym,information
word,hypernym,language
word,partMeronym,text
raincoat,hypernym,coat
skis,hypernym,runner
skis,synonym,ski
pouch,hypernym,bag
pouch,hyponym,pocket
pouch,synonym,sack
pouch,synonym,pocket
alcove,hyponym,cubicle
alcove,hyponym,stall
alcove,synonym,bay
swimmer,hypernym,athlete
swimmer,hyponym,plunger
swimmer,hyponym,surfer
swimmer,hyponym,surfboarder
ship,hypernym,vessel
ship,partMeronym,skeleton
ship,partMeronym,frame
ship,partMeronym,bay
ship,partMeronym,screw
ship,partMeronym,caboose
ship,partMeronym,deck
ship,partMeronym,poop
ship,partMeronym,tail
ship,partMeronym,fin
ship,partMeronym,log
ship,partMeronym,top
ship,partMeronym,sheet
skater,hypernym,athlete
skater,hyponym,skateboarder
firefighter,hypernym,protector
firefighter,synonym,fireman
bakery,hypernym,work
bakery,hypernym,shop
bakery,hypernym,store
armrest,hypernym,rest
armrest,hyponym,arm
camper,hyponym,van
utensil,hyponym,server
drain,synonym,drainage
drain,hypernym,tube
drain,hypernym,tubing
drain,hypernym,pipe
drain,hypernym,piping
drain,hyponym,sewer
drain,hyponym,drawing
tomatos,synonym,tomato
tomatos,partHolonym,tomato
tomatos,hypernym,herb
tomatos,partMeronym,tomato
fuselage,hypernym,body
fuselage,partMeronym,tail
fuselage,partHolonym,airplane
fuselage,partHolonym,aeroplane
fuselage,partHolonym,plane
dad,hypernym,father
art,hyponym,drawing
art,hyponym,sculpture
art,hyponym,carving
art,hyponym,painting
art,synonym,artwork
art,synonym,graphics
mohawk,hypernym,haircut
earring,hypernym,jewelry
overhead,hypernym,foil
overhead,hypernym,ceiling
overhead,partHolonym,cabin
trim,hyponym,braid
trim,synonym,trimming
trim,hypernym,cut
archways,hypernym,entrance
archways,hypernym,entryway
archways,hypernym,entry
archways,synonym,arch
archways,synonym,archway
archways,partHolonym,wall
wrench,synonym,pull
wrench,hypernym,motion
wrench,partMeronym,jaw
seat,hypernym,space
seat,hyponym,perch
seat,synonym,place
seat,synonym,butt
seat,synonym,backside
seat,synonym,buns
seat,synonym,can
seat,synonym,rear
seat,synonym,rump
seat,synonym,tail
seat,synonym,bottom
seat,synonym,behind
seat,partHolonym,torso
seat,partHolonym,trunk
seat,partHolonym,body
seat,hypernym,furniture
seat,hyponym,box
seat,hyponym,chair
seat,hyponym,sofa
seat,hyponym,couch
seat,hyponym,ottoman
seat,hyponym,bench
seat,hyponym,stool
seat,partMeronym,seat
seat,hypernym,support
seat,hyponym,cockpit
seat,hyponym,saddle
seat,partHolonym,seat
seat,hypernym,center
seat,hypernym,middle
seat,hypernym,heart
seat,hypernym,eye
seat,hypernym,part
seat,hypernym,portion
seat,partHolonym,trouser
seat,partHolonym,pant
seat,partHolonym,skirt
hat,hypernym,headdress
hat,hyponym,fedora
hat,hyponym,bonnet
hat,hyponym,topper
hat,synonym,lid
hat,partMeronym,brim
hat,partMeronym,crown
hat,hypernym,office
hat,hypernym,part
hanging,hypernym,decoration
hanging,hypernym,ornament
hanging,hyponym,tapestry
hanging,hypernym,support
crest,hypernym,line
crest,hypernym,place
crest,hypernym,spot
crest,hyponym,hilltop
crest,hyponym,brow
crest,synonym,peak
crest,synonym,crown
crest,synonym,top
crest,synonym,tip
crest,hypernym,top
crest,partHolonym,road
crest,partHolonym,route
crest,hypernym,emblem
crest,partHolonym,arms
crest,hyponym,comb
crest,hyponym,tuft
lime,partMeronym,lime
lime,hypernym,tree
lime,partHolonym,lime
engineer,hypernym,person
engineer,hypernym,individual
engineer,hypernym,someone
railway,hypernym,line
railway,hyponym,rail
railway,hyponym,tube
railway,hyponym,subway
railway,synonym,railroad
railway,hypernym,track
railway,hyponym,switch
railway,hyponym,siding
railway,partMeronym,tie
railway,partMeronym,track
railway,partMeronym,rail
railway,partMeronym,rails
railway,partMeronym,runway
railway,partHolonym,line
dispenser,hypernym,container
dispenser,hyponym,spray
robe,hypernym,garment
robe,hyponym,bathrobe
robe,synonym,gown
figure,hypernym,body
figure,hyponym,person
figure,synonym,shape
figure,synonym,frame
figure,partHolonym,person
figure,partHolonym,individual
figure,partHolonym,someone
figure,partHolonym,man
figure,partHolonym,human
figure,hyponym,six
figure,hyponym,6
figure,hyponym,0
figure,hyponym,one
figure,hyponym,1
figure,hyponym,five
figure,hyponym,5
figure,hyponym,fin
figure,hyponym,seven
figure,hyponym,7
figure,hyponym,nine
figure,hyponym,9
figure,hyponym,8
figure,hyponym,three
figure,hyponym,3
figure,hyponym,leash
figure,hyponym,two
figure,hyponym,2
figure,hyponym,four
figure,hyponym,4
figure,hypernym,model
figure,hyponym,snowman
figure,hyponym,figurine
figure,synonym,name
figure,hypernym,shape
figure,hyponym,pencil
figure,synonym,number
figure,synonym,image
figure,hypernym,decoration
figure,hypernym,ornament
figure,hyponym,marking
figure,hyponym,device
figure,hyponym,tattoo
figure,hyponym,decal
figure,hyponym,emblem
figure,synonym,design
figure,synonym,pattern
dandelions,hypernym,herb
dandelions,synonym,dandelion
cover,hypernym,covering
cover,hyponym,blind
cover,synonym,screen
cover,hypernym,bedding
cover,synonym,blanket
cover,synonym,covering
cover,hypernym,protection
cover,synonym,binding
cover,synonym,back
cover,partHolonym,book
cover,hyponym,shell
cover,hyponym,case
cover,hyponym,crust
cover,hyponym,envelope
cover,hyponym,blanket
cover,hyponym,mantle
cover,hyponym,hood
cover,hyponym,cap
cover,hyponym,bark
cover,hyponym,scale
cover,hyponym,roof
cover,hyponym,lid
cover,synonym,top
cover,hypernym,fire
tiger,hypernym,person
tiger,hypernym,individual
tiger,hypernym,someone
tiger,hypernym,cat
key,hypernym,device
key,partMeronym,stem
key,partMeronym,bit
key,hypernym,pitch
key,hypernym,space
key,synonym,paint
key,synonym,headstone
key,partHolonym,arch
key,hypernym,lever
key,hyponym,tab
veggies,hypernym,produce
veggies,hyponym,asparagus
veggies,hyponym,squash
veggies,hyponym,plantain
veggies,hyponym,celery
veggies,hyponym,pumpkin
veggies,hyponym,mushroom
veggies,hyponym,onion
veggies,hyponym,greens
veggies,hyponym,green
veggies,hyponym,cucumber
veggies,synonym,vegetable
veggies,synonym,veggie
veggies,partHolonym,herb
cylinder,hyponym,roll
cylinder,hyponym,roller
cylinder,hyponym,drum
cylinder,hyponym,stem
cylinder,hyponym,pipe
cylinder,hyponym,tube
cylinder,hyponym,barrel
cylinder,partHolonym,block
cylinder,partHolonym,pump
cylinder,hypernym,container
tv,hyponym,cable
tv,synonym,television
tv,synonym,video
tv,partMeronym,video
tv,partMeronym,picture
tv,partHolonym,television
grate,synonym,grating
grate,partHolonym,stove
grate,partHolonym,range
grate,hypernym,barrier
grate,hyponym,grille
sauce,hypernym,condiment
sauce,hyponym,dressing
sauce,hyponym,gravy
sauce,hyponym,mole
sauce,partHolonym,dish
audience,hyponym,house
audience,hypernym,people
lids,synonym,eyelid
lids,synonym,lid
lids,partMeronym,eyelash
lids,partHolonym,eye
lids,hypernym,top
lids,hypernym,cover
lids,partMeronym,lock
lids,partHolonym,chest
lids,partHolonym,box
lids,partHolonym,jar
lids,hypernym,headdress
lids,hyponym,fedora
lids,hyponym,bonnet
lids,hyponym,topper
lids,synonym,hat
lids,partMeronym,brim
lids,partMeronym,crown
pinky,hypernym,finger
rooftop,hypernym,top
bathrobe,hypernym,robe
knuckle,partHolonym,finger
jalapeno,hypernym,pepper
jalapeno,partMeronym,chili
jalapeno,hypernym,chili
body,hyponym,figure
body,hyponym,shape
body,hyponym,frame
body,partMeronym,head
body,partMeronym,arm
body,partMeronym,fork
body,partMeronym,torso
body,partMeronym,trunk
body,partMeronym,body
body,partMeronym,neck
body,partMeronym,leg
body,hyponym,panel
body,hyponym,church
body,hyponym,school
body,hyponym,clay
body,synonym,torso
body,synonym,trunk
body,partMeronym,shoulder
body,partMeronym,belly
body,partMeronym,cheek
body,partMeronym,side
body,partMeronym,chest
body,partMeronym,stomach
body,partMeronym,back
body,partMeronym,hip
body,partMeronym,middle
body,partMeronym,waist
body,partMeronym,butt
body,partMeronym,backside
body,partMeronym,buns
body,partMeronym,can
body,partMeronym,rear
body,partMeronym,rump
body,partMeronym,seat
body,partMeronym,tail
body,partMeronym,bottom
body,partMeronym,behind
body,partHolonym,body
body,hypernym,system
body,hypernym,property
body,hypernym,message
body,hypernym,substance
body,partHolonym,address
body,partHolonym,yarn
body,hypernym,structure
body,hypernym,construction
body,hyponym,fuselage
stereo,hypernym,photograph
stereo,hypernym,photo
stereo,hypernym,picture
pennant,hypernym,award
pennant,synonym,crown
pennant,hypernym,flag
pennant,synonym,streamer
ski,hypernym,runner
thing,hypernym,artifact
thing,hyponym,pacifier
thing,hypernym,object
thing,hypernym,target
thing,hyponym,part
thing,hyponym,piece
thing,hyponym,unit
thing,hyponym,water
horns,synonym,horn
horns,hyponym,antler
horns,partHolonym,ram
horns,partHolonym,goat
horns,partHolonym,bull
horns,hypernym,alarm
horns,hypernym,device
horns,partHolonym,car
horns,partHolonym,automobile
horns,partHolonym,machine
symbols,hypernym,signal
symbols,hypernym,sign
symbols,hyponym,item
symbols,hyponym,mark
symbols,hyponym,brand
symbols,hyponym,stain
symbols,hyponym,award
symbols,hyponym,stamp
symbols,hyponym,icon
symbols,hyponym,numeral
symbols,hyponym,number
symbols,hyponym,mantle
symbols,hyponym,nose
symbols,hyponym,marker
symbols,hyponym,marking
symbols,synonym,symbol
symbols,hyponym,emblem
guardrail,hypernym,railing
guardrail,hypernym,rail
tip,hypernym,end
tip,hypernym,terminal
tip,hyponym,beak
tip,hyponym,fingertip
tip,hypernym,direction
tip,synonym,lead
tip,synonym,steer
tip,synonym,wind
tip,hyponym,head
tip,synonym,point
tip,synonym,peak
tip,partHolonym,sword
tip,partHolonym,blade
tip,partHolonym,brand
tip,partHolonym,steel
tip,partHolonym,cone
tip,partHolonym,pencil
tip,partHolonym,knife
tip,hypernym,place
tip,hypernym,spot
tip,hyponym,hilltop
tip,hyponym,brow
tip,synonym,crown
tip,synonym,crest
tip,synonym,top
goatee,hypernym,beard
goatee,hypernym,whiskers
goatee,partHolonym,chin
toothbrushes,hypernym,brush
toothbrushes,hypernym,toiletry
toothbrushes,synonym,toothbrush
toothbrushes,hypernym,mustache
toothbrushes,hypernym,moustache
tape,hypernym,strip
mango,partMeronym,mango
mango,partHolonym,mango
dolls,hypernym,toy
dolls,synonym,doll
dolls,synonym,dolly
dolls,hypernym,girl
dolls,synonym,skirt
dolls,synonym,bird
dune,hypernym,ridge
crates,hypernym,box
crates,synonym,crate
area,hyponym,space
area,hyponym,playground
area,hyponym,block
area,hyponym,neighborhood
area,hyponym,resort
area,hyponym,arena
area,hyponym,shrubbery
area,hyponym,corner
area,hyponym,section
area,hyponym,scene
area,hyponym,open
area,hyponym,clear
area,hyponym,center
area,hyponym,middle
area,hyponym,heart
area,hyponym,eye
area,synonym,country
area,hyponym,waist
area,hyponym,sole
area,hyponym,side
area,hyponym,palm
area,hyponym,front
area,hyponym,land
area,hyponym,lap
area,synonym,sphere
area,synonym,field
area,synonym,arena
area,hypernym,structure
area,hypernym,construction
area,hyponym,enclosure
area,hyponym,court
area,hyponym,courtyard
area,hyponym,aisle
area,hyponym,patio
area,hyponym,terrace
area,hyponym,room
area,hyponym,pit
area,hyponym,box
area,hyponym,place
area,hyponym,footprint
gum,partHolonym,mouth
gum,hypernym,cement
gum,hypernym,wood
gum,hypernym,tree
apple,partHolonym,apple
apple,partMeronym,apple
jean,hypernym,trouser
jean,hypernym,pant
jean,synonym,denim
jean,hypernym,fabric
jean,hypernym,cloth
jean,hypernym,material
seafood,hypernym,food
seafood,hyponym,octopus
seafood,hyponym,shrimp
truck,hyponym,pickup
truck,hyponym,lorry
truck,hyponym,tractor
truck,hyponym,semi
truck,hyponym,van
truck,partMeronym,bumper
truck,partMeronym,tailgate
truck,partMeronym,roof
truck,hypernym,cart
drawstring,hypernym,tie
drawstring,synonym,string
ostrich,hypernym,person
ostrich,hypernym,individual
ostrich,hypernym,someone
hutch,hypernym,cage
hutch,hypernym,shelter
hutch,synonym,hut
hutch,synonym,shack
trunks,hypernym,trouser
trunks,hypernym,pant
trunks,synonym,shorts
trunks,hypernym,stalk
trunks,hypernym,stem
trunks,synonym,trunk
trunks,partMeronym,bark
trunks,partHolonym,tree
trunks,hypernym,baggage
trunks,hypernym,luggage
trunks,hyponym,locker
trunks,synonym,torso
trunks,synonym,body
trunks,partMeronym,shoulder
trunks,partMeronym,belly
trunks,partMeronym,cheek
trunks,partMeronym,side
trunks,partMeronym,chest
trunks,partMeronym,stomach
trunks,partMeronym,back
trunks,partMeronym,hip
trunks,partMeronym,middle
trunks,partMeronym,waist
trunks,partMeronym,butt
trunks,partMeronym,backside
trunks,partMeronym,buns
trunks,partMeronym,can
trunks,partMeronym,rear
trunks,partMeronym,rump
trunks,partMeronym,seat
trunks,partMeronym,tail
trunks,partMeronym,bottom
trunks,partMeronym,behind
trunks,partHolonym,body
trunks,hypernym,compartment
trunks,hyponym,boot
trunks,partHolonym,car
trunks,partHolonym,automobile
trunks,partHolonym,machine
trunks,hypernym,snout
trunks,partHolonym,elephant
paneling,hypernym,panel
paneling,synonym,pane
paneling,partHolonym,wall
glass,partHolonym,glass
glass,hypernym,container
glass,hyponym,tumbler
glass,hyponym,pony
glass,hyponym,wineglass
glass,hyponym,goblet
glass,hyponym,bumper
glass,partMeronym,glass
glass,synonym,chalk
glass,synonym,ice
glass,synonym,trash
glass,hypernym,mirror
glass,hypernym,glassware
lake,hypernym,water
lake,hyponym,pond
lake,hyponym,pool
lake,partMeronym,floor
tubing,hyponym,straw
tubing,hyponym,drain
tubing,hyponym,barrel
tubing,hyponym,coil
tubing,hyponym,pipe
tubing,hyponym,stem
tubing,hyponym,column
tubing,hyponym,piping
tubing,hyponym,hose
tubing,synonym,tube
jungle,hypernym,forest
jungle,hypernym,wood
jungle,hypernym,woods
beard,hyponym,goatee
beard,hyponym,stubble
beard,synonym,whiskers
beard,partMeronym,mustache
beard,partMeronym,moustache
beard,partHolonym,face
beard,hypernym,hair
beard,hypernym,person
beard,hypernym,individual
beard,hypernym,someone
beard,partHolonym,goat
tie,hyponym,bowtie
tie,synonym,necktie
tie,hypernym,beam
tie,hypernym,fastener
tie,hyponym,bridge
tie,synonym,link
tie,hypernym,brace
tie,partHolonym,railroad
tie,partHolonym,railway
tie,hypernym,cord
tie,hyponym,drawstring
tie,hyponym,string
nine,hypernym,figure
nine,synonym,9
nine,synonym,club
nine,hypernym,spot
lift,hypernym,wave
lift,hypernym,device
lift,hypernym,layer
lift,hypernym,bed
lift,partHolonym,heel
lift,synonym,elevator
lift,partMeronym,car
lift,partHolonym,building
lift,hypernym,drive
lift,hypernym,ride
b,synonym,barn
b,hypernym,letter
canvas,hypernym,fabric
canvas,hypernym,cloth
canvas,hypernym,material
canvas,hyponym,tarp
canvas,hypernym,setting
canvas,hypernym,background
canvas,hypernym,tent
canvas,hyponym,top
canvas,synonym,sail
canvas,synonym,sheet
canvas,hypernym,mat
canvas,partHolonym,ring
property,hyponym,things
property,synonym,holding
property,hyponym,body
property,hyponym,makeup
property,hyponym,way
property,hyponym,level
property,hyponym,center
property,synonym,place
property,hyponym,character
property,hypernym,object
property,synonym,prop
property,partHolonym,setting
booth,hypernym,table
booth,hypernym,closet
booth,synonym,cubicle
booth,synonym,stall
booth,synonym,kiosk
booth,hypernym,shop
booth,hypernym,store
booth,hyponym,stall
booth,hyponym,stand
stable,partMeronym,stall
poop,hypernym,stool
poop,synonym,dirt
poop,hypernym,details
poop,hypernym,rear
poop,hypernym,back
poop,synonym,tail
poop,partHolonym,ship
kite,hypernym,check
kite,hypernym,toy
kite,hypernym,hawk
marks,synonym,mark
marks,hypernym,symbol
marks,hyponym,spot
marks,hyponym,peg
marks,hyponym,pin
marks,hyponym,brand
marks,hyponym,watermark
marks,hyponym,label
marks,synonym,marker
marks,synonym,marking
marks,synonym,target
marks,partMeronym,bull
marks,hyponym,footprint
marks,hyponym,step
marks,hyponym,line
marks,synonym,print
marks,synonym,brand
marks,synonym,stain
marks,synonym,mug
marks,hyponym,arrow
marks,hyponym,check
marks,hyponym,tick
marks,hyponym,point
marks,hyponym,head
marks,synonym,sign
marks,hypernym,blemish
marks,synonym,scratch
marks,synonym,scar
marks,hypernym,marking
marks,synonym,cross
cd,hypernym,metal
cd,synonym,candle
glare,synonym,blaze
glare,synonym,spotlight
rowboat,partMeronym,peg
rowboat,partMeronym,pin
tongue,partHolonym,mouth
tongue,hypernym,language
tongue,synonym,knife
tongue,hypernym,cape
tongue,hypernym,flap
tongue,partHolonym,boot
tongue,partHolonym,shoe
tongue,partHolonym,bell
skateboarding,hypernym,skating
rifle,hypernym,piece
rifle,partMeronym,bolt
shadow,hypernym,shade
shadow,hypernym,scene
shadow,synonym,dark
shadow,hyponym,ghost
shadow,hyponym,shade
shadow,hyponym,footprint
shadow,hypernym,resort
shadow,synonym,tail
tray,hypernym,receptacle
number,synonym,figure
number,hyponym,square
number,hyponym,record
number,hyponym,root
number,hyponym,base
number,hyponym,cube
number,hyponym,stopper
number,synonym,turn
number,synonym,bit
number,hypernym,signal
number,hypernym,sign
number,hypernym,symbol
number,synonym,numeral
number,hypernym,company
number,hypernym,merchandise
number,hypernym,product
weathervane,synonym,vane
imprint,hyponym,crevice
imprint,hyponym,crack
imprint,hyponym,dimple
imprint,hyponym,dip
imprint,hyponym,wrinkle
imprint,hyponym,crease
imprint,hyponym,seam
imprint,hyponym,line
imprint,hyponym,scratch
imprint,hyponym,slit
imprint,hyponym,dent
imprint,hyponym,groove
imprint,hypernym,stamp
imprint,hypernym,device
sprouts,hyponym,bud
sprouts,hypernym,greens
sprouts,hypernym,green
handwriting,hypernym,writing
handwriting,hyponym,scratch
handwriting,synonym,hand
ferns,hyponym,brake
ferns,synonym,fern
cases,hyponym,piece
cases,hyponym,bit
cases,hyponym,time
cases,hyponym,clip
cases,synonym,case
cases,synonym,event
cases,synonym,suit
cases,hypernym,container
cases,hyponym,sleeve
cases,hyponym,shoe
cases,hyponym,wallet
cases,hyponym,pocketbook
cases,hyponym,baggage
cases,hyponym,luggage
cases,hyponym,briefcase
cases,hypernym,person
cases,hypernym,individual
cases,hypernym,someone
cases,hypernym,adult
cases,synonym,character
cases,synonym,font
cases,synonym,face
cases,hypernym,covering
cases,hypernym,cover
cases,hypernym,housing
cases,hyponym,boot
cases,hyponym,jacket
cases,synonym,shell
cases,synonym,casing
cases,partHolonym,doorway
cases,partHolonym,door
cases,partHolonym,window
cases,hypernym,receptacle
cases,synonym,pillowcase
stapler,hypernym,machine
headphones,synonym,headphone
headphones,synonym,phone
housing,hypernym,structure
housing,hypernym,construction
housing,hyponym,block
housing,hyponym,home
housing,hyponym,shelter
housing,hyponym,apartment
housing,hyponym,flat
housing,hypernym,protection
housing,hyponym,shell
housing,hyponym,case
housing,hyponym,casing
housing,hyponym,cabinet
housing,hyponym,console
tortillas,hypernym,pancake
tortillas,synonym,tortilla
tortillas,partHolonym,wrap
crops,hypernym,plant
crops,hypernym,collection
crops,hypernym,handle
crops,hypernym,grip
crops,hypernym,stomach
clump,hyponym,tuft
clump,hyponym,knot
clump,synonym,bunch
clump,synonym,cluster
clump,synonym,ball
clump,synonym,lump
clump,synonym,chunk
plum,partMeronym,plum
plum,partHolonym,plum
plum,hypernym,post
plum,hypernym,office
plum,hypernym,spot
plum,hypernym,place
stripes,hypernym,badge
stripes,synonym,stripe
stripes,synonym,band
stripes,partHolonym,garment
stripes,hypernym,marking
stripes,hyponym,band
stripes,synonym,streak
stripes,synonym,bar
seam,hypernym,joint
seam,hypernym,imprint
seam,synonym,wrinkle
seam,synonym,crease
seam,synonym,line
seam,partHolonym,skin
seam,synonym,bed
wheelchair,hypernym,chair
buoys,hyponym,can
buoys,synonym,buoy
freckle,partHolonym,skin
chimney,hyponym,smokestack
chimney,hyponym,stack
chimney,partMeronym,fireplace
stems,synonym,root
stems,synonym,base
stems,synonym,stem
stems,hyponym,branch
stems,hyponym,bulb
stems,hyponym,cane
stems,hyponym,trunk
stems,synonym,stalk
stems,partMeronym,receptacle
stems,hypernym,cylinder
stems,partHolonym,wineglass
stems,partHolonym,pin
stems,partHolonym,handle
stems,partHolonym,grip
stems,partHolonym,key
stems,partHolonym,anchor
stems,partHolonym,nail
stems,hypernym,tube
stems,hypernym,tubing
stems,partHolonym,pipe
stems,hypernym,front
stems,synonym,bow
stems,partHolonym,vessel
stems,hypernym,turn
wool,hypernym,fabric
wool,hypernym,cloth
wool,hypernym,material
wool,hypernym,coat
celery,hypernym,herb
celery,partMeronym,celery
celery,hypernym,vegetable
celery,hypernym,veggie
celery,partHolonym,celery
grating,hypernym,barrier
grating,hyponym,grille
grating,synonym,grate
grating,partHolonym,stove
grating,partHolonym,range
ice,hypernym,object
ice,hypernym,diamond
ice,hypernym,topping
ice,synonym,frosting
ice,synonym,icing
ice,synonym,chalk
ice,synonym,glass
ice,synonym,trash
ice,partMeronym,block
ice,partHolonym,motorboat
ice,hypernym,rink
airport,hypernym,airfield
airport,hypernym,field
airport,partMeronym,hangar
table,hyponym,calendar
table,hypernym,furniture
table,hyponym,booth
table,hyponym,dresser
table,hyponym,vanity
table,hyponym,console
table,hyponym,counter
table,hyponym,desk
table,hyponym,stand
table,partMeronym,leg
table,partMeronym,tabletop
table,hyponym,board
table,synonym,board
wakeboard,hypernym,board
button,hypernym,fastener
button,hypernym,switch
button,hyponym,bell
button,hypernym,badge
button,hypernym,device
button,hypernym,artifact
powder,hypernym,toiletry
empty,hypernym,container
log,hypernym,wood
log,hypernym,power
log,partHolonym,ship
asparagus,hypernym,herb
asparagus,partMeronym,asparagus
asparagus,hypernym,vegetable
asparagus,hypernym,veggie
asparagus,partHolonym,asparagus
clothing,hypernym,covering
clothing,hyponym,footwear
clothing,hyponym,uniform
clothing,hyponym,grey
clothing,hyponym,gray
clothing,hyponym,garment
clothing,hyponym,dress
clothing,hyponym,clothes
clothing,hyponym,headdress
clothing,hyponym,attire
clothing,hyponym,black
clothing,hyponym,blue
clothing,partMeronym,wardrobe
perch,hypernym,support
perch,synonym,rod
perch,synonym,pole
perch,partMeronym,yard
perch,hypernym,seat
perch,hypernym,place
avocado,partHolonym,avocado
avocado,partMeronym,avocado
coconut,hypernym,food
coconut,partHolonym,coconut
coconut,hypernym,palm
coconut,partMeronym,coconut
fender,hypernym,barrier
fender,synonym,wing
fender,partHolonym,car
fender,partHolonym,automobile
fender,partHolonym,machine
fender,synonym,pilot
fender,partHolonym,locomotive
fender,partHolonym,engine
fender,hypernym,guard
fender,hypernym,device
match,hypernym,lighter
match,hypernym,light
match,hyponym,semi
match,hypernym,adult
match,hypernym,person
match,hypernym,individual
match,hypernym,someone
match,hypernym,family
match,synonym,couple
products,hyponym,cargo
products,hyponym,line
products,hyponym,number
products,synonym,merchandise
products,synonym,product
products,partHolonym,outlet
products,hyponym,work
products,hyponym,newspaper
products,hyponym,paper
products,hyponym,fruit
products,hyponym,movie
products,hyponym,picture
products,hyponym,magazine
products,hyponym,book
products,hypernym,event
products,hypernym,set
products,synonym,intersection
nostril,partHolonym,nose
skin,partMeronym,wrinkle
skin,partMeronym,crease
skin,partMeronym,seam
skin,partMeronym,line
skin,partMeronym,freckle
skin,hypernym,surface
skin,partHolonym,aircraft
skin,hyponym,jacket
skin,synonym,peel
skin,hypernym,bag
layer,hypernym,artifact
layer,hyponym,lift
layer,hyponym,mount
layer,hyponym,blanket
layer,hyponym,wall
layer,hyponym,tier
layer,hyponym,course
layer,hyponym,row
layer,hyponym,cushion
layer,synonym,bed
layer,hypernym,part
layer,hyponym,surface
layer,hyponym,mantle
layer,hyponym,crust
layer,hyponym,snow
layer,hypernym,place
layer,synonym,level
layer,hypernym,hen
layer,hypernym,structure
bamboo,hypernym,wood
taxi,hypernym,car
taxi,hypernym,automobile
taxi,hypernym,machine
taxi,synonym,cab
mane,hypernym,hair
mane,partHolonym,lion
mane,partHolonym,man
mane,partHolonym,human
grain,hypernym,speck
grain,hyponym,rice
grain,hyponym,wheat
grain,hyponym,corn
grain,synonym,cereal
grain,hypernym,leather
grain,hypernym,seed
grain,hypernym,cereal
grain,hypernym,texture
grain,hypernym,makeup
grain,synonym,texture
fencing,hypernym,barrier
fencing,hyponym,hedge
fencing,hyponym,wall
fencing,synonym,fence
u,hypernym,base
u,hypernym,metal
u,hypernym,letter
denim,hypernym,trouser
denim,hypernym,pant
denim,synonym,jean
denim,hypernym,fabric
denim,hypernym,cloth
denim,hypernym,material
oval,hyponym,circle
bull,hypernym,cattle
bull,hypernym,cows
bull,hypernym,oxen
bull,partMeronym,horn
bull,hypernym,man
bull,hypernym,policeman
bull,hypernym,officer
bull,synonym,cop
bull,synonym,pig
bull,hypernym,person
bull,hypernym,individual
bull,hypernym,someone
bull,hypernym,center
bull,partHolonym,target
bull,partHolonym,mark
id,hypernym,badge
coat,hyponym,raincoat
coat,hyponym,jacket
coat,hyponym,topper
coat,hypernym,covering
coat,hyponym,paint
coat,hyponym,seal
coat,hypernym,hair
coat,hyponym,fur
coat,hyponym,wool
coat,partHolonym,mammal
soldier,hyponym,tanker
soldier,hypernym,worker
dock,hypernym,enclosure
dock,hypernym,herb
dock,hypernym,platform
dock,synonym,pier
dock,hypernym,landing
dock,hyponym,marina
dock,partHolonym,harbor
dock,partHolonym,tail
dock,hypernym,tail
rear,hypernym,formation
rear,hypernym,side
rear,hypernym,face
rear,synonym,backside
rear,hypernym,place
rear,synonym,back
rear,synonym,butt
rear,synonym,buns
rear,synonym,can
rear,synonym,rump
rear,synonym,seat
rear,synonym,tail
rear,synonym,bottom
rear,synonym,behind
rear,partHolonym,torso
rear,partHolonym,trunk
rear,partHolonym,body
rear,hyponym,tail
rear,hyponym,poop
baggage,hypernym,case
baggage,hyponym,bag
baggage,hyponym,grip
baggage,hyponym,suitcase
baggage,hyponym,satchel
baggage,hyponym,trunk
baggage,synonym,luggage
baggage,partMeronym,handle
baggage,partMeronym,grip
baggage,partMeronym,strap
baggage,hypernym,woman
hurdle,hypernym,barrier
hurdle,hypernym,obstacle
hurdle,hypernym,jump
daylight,synonym,day
daylight,synonym,daytime
daylight,partHolonym,day
daylight,hypernym,light
filter,hypernym,device
filter,hyponym,strainer
crosswalk,hypernym,path
crosswalk,synonym,crossing
directions,hypernym,path
directions,hypernym,route
directions,hyponym,course
directions,synonym,direction
directions,synonym,way
directions,hyponym,point
directions,hypernym,message
directions,hypernym,substance
directions,hyponym,tip
directions,hyponym,lead
directions,hyponym,steer
directions,hyponym,wind
directions,hyponym,steering
directions,hyponym,address
directions,hyponym,destination
directions,hypernym,control
directions,synonym,steering
brownie,hypernym,cookie
brownie,hypernym,biscuit
ledge,hypernym,ridge
ledge,synonym,shelf
cross,hypernym,structure
cross,hypernym,construction
cross,hypernym,marking
cross,synonym,mark
cross,hypernym,emblem
cross,synonym,crossing
white,hypernym,person
white,hypernym,individual
white,hypernym,someone
white,hyponym,bone
white,hyponym,pearl
white,hyponym,chalk
white,hypernym,ingredient
white,partHolonym,egg
white,partHolonym,eggs
white,hypernym,man
white,hypernym,piece
white,hypernym,trouser
white,hypernym,pant
bruise,hyponym,mouse
roots,hyponym,carrot
roots,hyponym,radish
roots,synonym,root
roots,partMeronym,bark
roots,hypernym,point
roots,hyponym,head
roots,hyponym,home
roots,hyponym,spring
roots,synonym,base
roots,synonym,stem
roots,hypernym,number
roots,hypernym,set
roots,hyponym,father
roots,hypernym,structure
roots,partMeronym,cement
roots,partHolonym,tooth
clocks,hyponym,alarm
clocks,synonym,clock
lips,synonym,lip
lips,partHolonym,mouth
lips,hypernym,counter
lips,synonym,mouth
lips,hypernym,edge
lips,hyponym,collar
lips,synonym,brim
lips,synonym,rim
lips,partHolonym,vessel
lips,hypernym,border
root,hyponym,carrot
root,hyponym,radish
root,partMeronym,bark
root,hypernym,point
root,hyponym,head
root,hyponym,home
root,hyponym,spring
root,synonym,base
root,synonym,stem
root,hypernym,number
root,hypernym,set
root,hyponym,father
root,hypernym,structure
root,partMeronym,cement
root,partHolonym,tooth
reflections,synonym,reflection
reflections,synonym,expression
reflections,hypernym,picture
reflections,hypernym,image
reflections,hypernym,icon
lettuce,hypernym,money
lettuce,synonym,bread
lettuce,synonym,cabbage
lettuce,synonym,dough
lettuce,synonym,kale
lettuce,synonym,scratch
lettuce,synonym,sugar
lettuce,hypernym,herb
playground,hypernym,area
playground,hypernym,country
playground,partMeronym,resort
playground,hypernym,yard
playground,hypernym,grounds
playground,partMeronym,swing
playground,partMeronym,slide
package,hypernym,collection
package,synonym,bundle
package,synonym,packet
package,hypernym,container
package,hyponym,packet
package,hyponym,pack
package,hyponym,bundle
hitch,synonym,check
hitch,synonym,stop
hitch,hypernym,obstacle
hitch,hypernym,connector
hitch,hypernym,knot
bubbles,hyponym,foam
bubbles,hyponym,froth
bubbles,synonym,bubble
bubbles,hypernym,covering
necklaces,hypernym,jewelry
necklaces,hyponym,collar
necklaces,hyponym,chain
necklaces,hyponym,string
necklaces,hyponym,strand
necklaces,synonym,necklace
necklaces,partMeronym,pendant
ladies,hypernym,woman
ladies,synonym,lady
waffle,hypernym,cake
placard,hypernym,sign
placard,synonym,poster
placard,synonym,notice
placard,synonym,bill
placard,synonym,card
lump,synonym,ball
lump,synonym,clump
lump,synonym,chunk
lump,hypernym,part
lump,hypernym,piece
straws,synonym,straw
straws,synonym,stalk
straws,synonym,stubble
straws,hypernym,yellow
straws,synonym,wheat
straws,hypernym,tube
straws,hypernym,tubing
smoke,hyponym,cigarette
smoke,hyponym,butt
smoke,hyponym,cigar
smoke,synonym,pot
smoke,synonym,grass
smoke,synonym,weed
smoke,partMeronym,pull
smoke,hypernym,pitch
smoke,synonym,heater
posts,hypernym,place
posts,synonym,post
posts,synonym,station
posts,hypernym,business
posts,hypernym,line
posts,hyponym,chair
posts,hyponym,plum
posts,synonym,office
posts,synonym,spot
posts,synonym,place
posts,hyponym,lamppost
posts,hyponym,stake
posts,hyponym,stump
posts,hypernym,collection
posts,synonym,mail
posts,synonym,stake
evergreens,synonym,evergreen
kitten,synonym,kitty
jeans,hypernym,trouser
jeans,hypernym,pant
jeans,synonym,jean
jeans,synonym,denim
jeans,hypernym,fabric
jeans,hypernym,cloth
jeans,hypernym,material
e,hypernym,metal
e,hypernym,letter
furniture,hyponym,nest
furniture,hyponym,wardrobe
furniture,hyponym,closet
furniture,hyponym,table
furniture,hyponym,counter
furniture,hyponym,chest
furniture,hyponym,dresser
furniture,hyponym,lamp
furniture,hyponym,cabinet
furniture,hyponym,bookcase
furniture,hyponym,seat
cutout,hypernym,switch
cutout,hypernym,print
cutout,hypernym,part
cutout,hypernym,portion
appliance,hypernym,device
appliance,synonym,gadget
appliance,hyponym,dryer
parachute,hyponym,parasail
parachute,partMeronym,harness
parachute,partMeronym,canopy
individual,hyponym,child
individual,hyponym,baby
individual,hyponym,divider
individual,hyponym,owner
individual,hyponym,case
individual,hyponym,friend
individual,hyponym,controller
individual,hyponym,ostrich
individual,hyponym,machine
individual,hyponym,counter
individual,hyponym,worker
individual,hyponym,mouse
individual,hyponym,comforter
individual,hyponym,image
individual,hyponym,female
individual,hyponym,adult
individual,hyponym,dresser
individual,hyponym,shaker
individual,hyponym,fighter
individual,hyponym,beard
individual,hyponym,topper
individual,hyponym,party
individual,hyponym,ruler
individual,hyponym,man
individual,hyponym,face
individual,hyponym,player
individual,hyponym,sweater
individual,hyponym,engineer
individual,hyponym,jumper
individual,hyponym,male
individual,hyponym,blonde
individual,hyponym,slipper
individual,hyponym,tiger
individual,hyponym,fastener
individual,hyponym,match
individual,hyponym,waiter
individual,synonym,person
individual,synonym,someone
individual,partMeronym,figure
individual,partMeronym,shape
individual,partMeronym,frame
individual,hyponym,head
streets,hyponym,alley
streets,synonym,street
streets,hypernym,neighborhood
globes,synonym,earth
globes,synonym,globe
globes,partMeronym,air
globes,partMeronym,sky
globes,partMeronym,land
globes,partMeronym,earth
globes,partMeronym,ground
globes,hypernym,sphere
globes,synonym,ball
globes,synonym,orb
globes,hypernym,model
brim,hypernym,edge
brim,hyponym,collar
brim,synonym,rim
brim,synonym,lip
brim,partHolonym,vessel
brim,hyponym,bill
brim,hyponym,peak
brim,hyponym,visor
brim,partHolonym,hat
brim,partHolonym,lid
windowsill,hypernym,sill
traffic,hypernym,collection
harness,hypernym,support
harness,partHolonym,parachute
harness,partMeronym,bridle
harness,partMeronym,halter
nuts,hypernym,seed
nuts,hyponym,mast
nuts,synonym,nut
nuts,hypernym,block
nuts,synonym,ball
nuts,synonym,egg
numbers,hypernym,drawing
numbers,synonym,number
numbers,synonym,figure
numbers,hyponym,square
numbers,hyponym,record
numbers,hyponym,root
numbers,hyponym,base
numbers,hyponym,cube
numbers,hyponym,stopper
numbers,synonym,turn
numbers,synonym,bit
numbers,hypernym,signal
numbers,hypernym,sign
numbers,hypernym,symbol
numbers,synonym,numeral
numbers,hypernym,company
numbers,hypernym,merchandise
numbers,hypernym,product
seasonings,hypernym,ingredient
seasonings,hyponym,herb
seasonings,hyponym,garlic
seasonings,hyponym,spice
seasonings,hyponym,pepper
seasonings,hyponym,salt
seasonings,hyponym,condiment
seasonings,synonym,seasoning
trees,hyponym,gum
trees,hyponym,coffee
trees,hyponym,lime
trees,hyponym,palm
trees,synonym,tree
trees,partMeronym,stump
trees,partMeronym,crown
trees,partMeronym,limb
trees,partMeronym,trunk
chunks,synonym,ball
chunks,synonym,lump
chunks,synonym,clump
chunks,synonym,chunk
moulding,hypernym,decoration
moulding,hypernym,ornament
moulding,hyponym,thumb
moulding,hyponym,bead
moulding,hyponym,baseboard
moulding,hyponym,rib
moulding,synonym,molding
moulding,hypernym,edge
moulding,synonym,border
moulding,hypernym,sculpture
moulding,synonym,mold
moulding,hypernym,carving
remotes,hypernym,device
remotes,synonym,remote
branch,synonym,arm
branch,hypernym,stalk
branch,hypernym,stem
branch,hyponym,twig
branch,hyponym,limb
branch,partMeronym,bark
branch,hyponym,fork
branch,synonym,leg
branch,hypernym,event
branch,hypernym,stream
branch,hyponym,feeder
branch,synonym,limb
uniform,hypernym,clothing
behind,synonym,butt
behind,synonym,backside
behind,synonym,buns
behind,synonym,can
behind,synonym,rear
behind,synonym,rump
behind,synonym,seat
behind,synonym,tail
behind,synonym,bottom
behind,partHolonym,torso
behind,partHolonym,trunk
behind,partHolonym,body
sinks,hyponym,basin
sinks,synonym,sink
platter,synonym,record
platter,synonym,disk
platter,synonym,disc
grip,synonym,clasp
grip,hyponym,knob
grip,synonym,handle
grip,partMeronym,stem
grip,partHolonym,umbrella
grip,partHolonym,teacup
grip,partHolonym,faucet
grip,partHolonym,spigot
grip,partHolonym,cart
grip,partHolonym,baggage
grip,partHolonym,luggage
grip,partHolonym,racket
grip,partHolonym,racquet
grip,partHolonym,mug
grip,partHolonym,handlebar
grip,partHolonym,cutlery
grip,partHolonym,spatula
grip,partHolonym,brush
grip,partHolonym,handset
grip,partHolonym,ladle
grip,partHolonym,bat
grip,partHolonym,skillet
grip,partHolonym,briefcase
grip,hypernym,baggage
grip,hypernym,luggage
grip,synonym,bag
grip,synonym,suitcase
power,hyponym,control
power,hyponym,hand
power,synonym,office
power,hyponym,log
power,hypernym,country
power,hypernym,land
mannequins,synonym,mannequin
mannequins,synonym,model
drop,hypernym,sphere
drop,synonym,bead
drop,synonym,pearl
drop,hyponym,droplet
drop,hyponym,tear
drop,synonym,dip
drop,hypernym,formation
drop,synonym,cliff
drop,hypernym,curtain
drop,hypernym,drape
drop,hypernym,mantle
suv,hypernym,car
suv,hypernym,automobile
suv,hypernym,machine
tuft,hypernym,bunch
tuft,hypernym,clump
tuft,hypernym,cluster
tuft,hypernym,crest
prop,hypernym,support
prop,hypernym,object
prop,synonym,property
prop,partHolonym,setting
prop,hypernym,propeller
prop,hypernym,propellor
rump,partHolonym,bird
rump,synonym,butt
rump,synonym,backside
rump,synonym,buns
rump,synonym,can
rump,synonym,rear
rump,synonym,seat
rump,synonym,tail
rump,synonym,bottom
rump,synonym,behind
rump,partHolonym,torso
rump,partHolonym,trunk
rump,partHolonym,body
temple,partHolonym,head
temple,hypernym,building
temple,partMeronym,column
temple,partMeronym,pillar
storage,hypernym,holding
storage,hyponym,warehouse
storage,hyponym,magazine
storage,synonym,store
storage,hypernym,business
storage,hypernym,hardware
storage,partMeronym,register
storage,partHolonym,computer
cement,hypernym,concrete
cement,hyponym,gum
cement,hypernym,filling
cement,partHolonym,root
wheelbarrow,hypernym,cart
turn,hypernym,curve
turn,hyponym,right
turn,hyponym,stem
turn,hyponym,left
turn,hyponym,trick
turn,hyponym,lead
turn,hyponym,down
turn,hyponym,bat
turn,hypernym,motion
turn,hypernym,part
turn,hypernym,section
turn,hyponym,bottom
turn,hyponym,top
turn,synonym,round
turn,hyponym,stopper
turn,synonym,number
turn,synonym,bit
turn,hypernym,walk
freckles,synonym,freckle
freckles,partHolonym,skin
cracks,hypernym,opening
cracks,hypernym,gap
cracks,hyponym,vent
cracks,hyponym,break
cracks,hyponym,slit
cracks,synonym,crack
cracks,synonym,crevice
cracks,synonym,gap
cracks,hypernym,imprint
cracks,synonym,snap
cracks,synonym,shot
cracks,hypernym,blemish
cracks,hypernym,break
adult,hypernym,person
adult,hypernym,individual
adult,hypernym,someone
adult,hyponym,character
adult,hyponym,case
adult,hyponym,match
adult,hyponym,man
adult,hyponym,woman
adult,hypernym,animal
rod,hyponym,kickstand
rod,hyponym,shaft
rod,hyponym,pole
rod,synonym,perch
rod,synonym,pole
rod,partMeronym,yard
pebble,hypernym,rock
pebble,hypernym,stone
ticket,hypernym,label
ticket,synonym,tag
tire,hypernym,hoop
tire,hypernym,ring
tire,synonym,tyre
pigtails,hypernym,braid
coastline,hypernym,outline
feline,hyponym,cat
feline,partMeronym,paw
fries,hypernym,potato
fries,synonym,chips
fries,hyponym,monkey
fries,hyponym,toddler
fries,synonym,child
fries,synonym,kid
fries,synonym,fry
blue,hypernym,clothing
blue,hypernym,sky
five,hypernym,figure
five,synonym,5
five,synonym,fin
five,hypernym,team
five,hypernym,spot
tiles,hypernym,slab
tiles,synonym,tile
tiles,hypernym,man
tiles,hypernym,piece
doll,hypernym,toy
doll,synonym,dolly
doll,hypernym,girl
doll,synonym,skirt
doll,synonym,bird
coats,hyponym,raincoat
coats,hyponym,jacket
coats,hyponym,topper
coats,synonym,coat
coats,hypernym,covering
coats,hyponym,paint
coats,hyponym,seal
coats,hypernym,hair
coats,hyponym,fur
coats,hyponym,wool
coats,partHolonym,mammal
meatballs,hypernym,dish
meatballs,synonym,meatball
circles,hypernym,oval
circles,synonym,circle
circles,hyponym,pack
circles,hyponym,party
circles,hyponym,company
circles,synonym,set
circles,synonym,band
circles,synonym,lot
circles,hypernym,shape
circles,synonym,lap
circles,partHolonym,road
circles,partHolonym,route
circles,synonym,rope
circles,hypernym,seating
circles,hypernym,seats
circles,partHolonym,house
circles,hyponym,disk
circles,hyponym,disc
circles,synonym,round
curl,synonym,coil
curl,synonym,roll
curl,hypernym,hair
curl,synonym,lock
v,hypernym,metal
v,hypernym,figure
v,synonym,five
v,synonym,5
v,synonym,fin
v,hypernym,letter
cyclist,synonym,bicyclist
blossom,hyponym,floret
blossom,hyponym,bud
blossom,synonym,flower
blossom,synonym,bloom
blossom,synonym,peak
blossom,synonym,flush
spots,hypernym,point
spots,hyponym,end
spots,hyponym,stop
spots,hyponym,peak
spots,hyponym,crown
spots,hyponym,crest
spots,hyponym,top
spots,hyponym,tip
spots,hyponym,target
spots,hyponym,pool
spots,hyponym,puddle
spots,synonym,place
spots,synonym,spot
spots,hypernym,section
spots,synonym,point
spots,hypernym,blemish
spots,synonym,smudge
spots,hypernym,marking
spots,hyponym,speck
spots,hyponym,splash
spots,hyponym,plaque
spots,synonym,patch
spots,hyponym,joint
spots,hyponym,club
spots,hypernym,business
spots,hypernym,line
spots,hyponym,chair
spots,hyponym,plum
spots,synonym,post
spots,synonym,office
spots,synonym,bit
spots,hypernym,marker
spots,hypernym,mark
spots,hypernym,lamp
spots,synonym,spotlight
spots,hyponym,seven
spots,hyponym,five
spots,hyponym,six
spots,hyponym,nine
spots,hyponym,four
spots,synonym,stain
hangar,hypernym,structure
hangar,hypernym,construction
hangar,partHolonym,airport
walls,hypernym,partition
walls,hypernym,divider
walls,synonym,wall
walls,partMeronym,paneling
walls,partMeronym,pane
walls,partMeronym,pier
walls,partMeronym,course
walls,partMeronym,row
walls,partMeronym,arch
walls,partMeronym,archway
walls,partMeronym,doorway
walls,partMeronym,door
walls,partHolonym,hallway
walls,partHolonym,hall
walls,partHolonym,building
walls,partHolonym,room
walls,hypernym,object
walls,hypernym,formation
walls,partHolonym,cave
walls,hypernym,layer
walls,hypernym,bed
walls,hypernym,fence
walls,hypernym,fencing
walls,hypernym,embankment
pens,synonym,pen
pens,hypernym,enclosure
pens,hyponym,fold
pens,hyponym,corral
pens,hypernym,swan
planks,synonym,board
planks,synonym,plank
planks,partMeronym,knot
planks,partHolonym,platform
spinach,hypernym,vegetable
spinach,partMeronym,spinach
spinach,hypernym,greens
spinach,hypernym,green
spinach,partHolonym,spinach
saddle,hypernym,seat
saddle,partMeronym,stirrup
saddle,hypernym,cut
saddle,partHolonym,shoe
saddle,partHolonym,bicycle
saddle,partHolonym,bike
saddle,partHolonym,wheel
saddle,partHolonym,cycle
saddle,partHolonym,back
teapot,hypernym,pot
wipers,hypernym,worker
wipers,synonym,wiper
bust,hyponym,turkey
bust,hypernym,chest
bust,hypernym,sculpture
bust,synonym,tear
dimple,hypernym,imprint
gazebo,hypernym,building
swing,hypernym,toy
swing,partHolonym,playground
swing,hypernym,motion
swing,hypernym,shot
swing,hyponym,slice
swing,hyponym,drive
swing,hyponym,hook
swing,synonym,cut
droplet,hypernym,drop
oranges,synonym,orange
oranges,partHolonym,orange
oranges,partMeronym,orange
ladder,hypernym,stairs
ladder,hypernym,steps
ladder,partMeronym,spoke
ladder,partMeronym,rung
ladder,hypernym,level
ladder,hypernym,stage
ladder,hypernym,point
walk,synonym,walking
walk,partMeronym,tread
walk,hypernym,carriage
walk,hyponym,turn
walk,hyponym,foot
walk,hypernym,path
walk,hyponym,sidewalk
walk,hyponym,pavement
walk,hyponym,mall
walk,hyponym,boardwalk
walk,synonym,walkway
binding,synonym,dressing
binding,hypernym,protection
binding,synonym,cover
binding,synonym,back
binding,partHolonym,book
ashtray,hypernym,receptacle
countertop,hypernym,tabletop
countertop,partHolonym,counter
round,synonym,cycle
round,hypernym,path
round,hypernym,route
round,hypernym,part
round,hypernym,section
round,hyponym,bottom
round,hyponym,top
round,synonym,turn
round,hypernym,track
round,hypernym,course
round,hypernym,portion
round,synonym,rung
round,hyponym,disk
round,hyponym,disc
round,synonym,circle
vines,hyponym,squash
vines,hyponym,ivy
vines,hyponym,potato
vines,hyponym,kiwi
vines,hyponym,grape
vines,synonym,vine
pots,hypernym,vessel
pots,hyponym,teapot
pots,hyponym,urn
pots,hyponym,kettle
pots,synonym,pot
pots,synonym,toilet
pots,synonym,can
pots,synonym,commode
pots,synonym,stool
pots,partHolonym,bathroom
pots,partHolonym,bath
pots,partHolonym,toilet
pots,partHolonym,can
pots,hypernym,container
pots,hyponym,planter
pots,synonym,flowerpot
pots,synonym,flock
pots,synonym,lot
pots,synonym,mountain
pots,synonym,pile
pots,synonym,raft
pots,synonym,stack
pots,hypernym,stake
pots,synonym,kitty
pots,hypernym,belly
pots,synonym,grass
pots,synonym,weed
pots,synonym,smoke
roof,hypernym,protection
roof,hyponym,dome
roof,partHolonym,building
roof,hyponym,hood
roof,partHolonym,truck
roof,partHolonym,car
roof,partHolonym,automobile
roof,partHolonym,machine
roof,partHolonym,bus
roof,partHolonym,coach
roof,hypernym,covering
roof,hypernym,cover
roof,partHolonym,cave
roof,hypernym,control
roof,synonym,ceiling
roof,synonym,cap
tricks,hypernym,device
tricks,synonym,trick
tricks,hypernym,customer
tricks,hypernym,turn
stem,synonym,root
stem,synonym,base
stem,hyponym,branch
stem,hyponym,bulb
stem,hyponym,cane
stem,hyponym,trunk
stem,synonym,stalk
stem,partMeronym,receptacle
stem,hypernym,cylinder
stem,partHolonym,wineglass
stem,partHolonym,pin
stem,partHolonym,handle
stem,partHolonym,grip
stem,partHolonym,key
stem,partHolonym,anchor
stem,partHolonym,nail
stem,hypernym,tube
stem,hypernym,tubing
stem,partHolonym,pipe
stem,hypernym,front
stem,synonym,bow
stem,partHolonym,vessel
stem,hypernym,turn
tassels,synonym,tassel
blueberries,hypernym,shrub
blueberries,hypernym,bush
blueberries,synonym,blueberry
blueberries,hypernym,berry
palms,hypernym,area
palms,synonym,palm
palms,partHolonym,hand
palms,partHolonym,mitt
palms,partHolonym,paw
palms,hypernym,tree
palms,hyponym,coconut
palms,hypernym,award
palms,synonym,decoration
palms,synonym,medal
palms,synonym,medallion
palms,synonym,ribbon
peach,partMeronym,peach
peach,hypernym,woman
peach,synonym,dish
peach,partHolonym,peach
peach,hypernym,pink
cleat,partHolonym,cleats
cleat,hypernym,fastener
cleat,hypernym,strip
coach,hypernym,trainer
coach,hyponym,conditioner
coach,hypernym,car
coach,hyponym,diner
coach,synonym,carriage
coach,hypernym,carriage
coach,hyponym,stage
coach,partMeronym,box
coach,synonym,bus
coach,partMeronym,window
coach,partMeronym,roof
scallion,hypernym,onion
spectacles,hyponym,goggles
spectacles,hyponym,sunglasses
spectacles,hyponym,shades
spectacles,synonym,eyeglasses
spectacles,synonym,glasses
spectacles,partMeronym,bridge
spectacles,partHolonym,frame
spectacles,synonym,spectacle
spectacles,hypernym,display
down,hypernym,feather
down,hypernym,turn
down,hypernym,hair
down,synonym,pile
bikini,hypernym,swimsuit
players,hyponym,seed
players,hyponym,server
players,synonym,player
players,hyponym,ham
players,hyponym,star
players,hyponym,lead
players,hyponym,plant
players,hypernym,person
players,hypernym,individual
players,hypernym,someone
noodles,hypernym,pasta
noodles,synonym,noodle
noodles,synonym,bean
noodles,synonym,dome
pane,hyponym,window
pane,partHolonym,window
pane,hypernym,panel
pane,synonym,paneling
pane,partHolonym,wall
pane,synonym,dot
tusks,synonym,tusk
tusks,hypernym,tooth
tusks,partHolonym,elephant
valve,hypernym,structure
valve,partHolonym,heart
valve,partHolonym,pump
valve,hypernym,device
valve,hypernym,control
valve,hypernym,controller
valve,hypernym,shell
angel,partMeronym,wing
angel,hypernym,sponsor
book,hyponym,text
book,hyponym,booklet
book,hyponym,brochure
book,hyponym,folder
book,hyponym,pamphlet
book,partMeronym,signature
book,hypernym,product
book,hyponym,notebook
book,partMeronym,binding
book,partMeronym,cover
book,partMeronym,back
book,partMeronym,spine
book,hyponym,card
book,synonym,record
book,hypernym,record
book,hypernym,collection
book,partMeronym,text
book,hypernym,section
book,partHolonym,text
foot,partMeronym,heel
foot,partMeronym,toe
foot,partMeronym,sole
foot,partHolonym,leg
foot,partHolonym,man
foot,partHolonym,human
foot,partMeronym,in
foot,partHolonym,yard
foot,hypernym,bottom
foot,hyponym,paw
foot,hyponym,hoof
foot,hypernym,support
foot,hyponym,bed
foot,synonym,foundation
foot,synonym,base
foot,partHolonym,structure
foot,partHolonym,construction
foot,hypernym,walk
foot,hypernym,meter
salami,hypernym,sausage
crosses,hypernym,racket
crosses,hypernym,racquet
crosses,hypernym,structure
crosses,hypernym,construction
crosses,synonym,cross
crosses,hypernym,marking
crosses,synonym,mark
crosses,hypernym,emblem
crosses,synonym,crossing
frame,partMeronym,spectacles
frame,partMeronym,eyeglasses
frame,partMeronym,glasses
frame,hypernym,photograph
frame,hypernym,photo
frame,hypernym,picture
frame,hypernym,body
frame,hyponym,person
frame,synonym,figure
frame,synonym,shape
frame,partHolonym,person
frame,partHolonym,individual
frame,partHolonym,someone
frame,partHolonym,man
frame,partHolonym,human
frame,hypernym,part
frame,hypernym,section
frame,partMeronym,bottom
frame,partMeronym,top
frame,hypernym,drawing
frame,partHolonym,strip
frame,hypernym,system
frame,synonym,skeleton
frame,hyponym,hoop
frame,partHolonym,ship
frame,partHolonym,building
frame,partHolonym,aircraft
frame,synonym,framing
reed,hypernym,wood
shell,synonym,shield
shell,partHolonym,turtle
shell,hypernym,hull
shell,hypernym,covering
shell,hypernym,cover
shell,partHolonym,egg
shell,partHolonym,eggs
shell,hypernym,housing
shell,hyponym,boot
shell,hyponym,jacket
shell,synonym,case
shell,synonym,casing
shell,hypernym,shield
shell,hyponym,shoe
shell,synonym,plate
shell,synonym,scale
shell,hyponym,valve
shell,hyponym,seashell
tools,hyponym,plow
tools,hyponym,tap
tools,hyponym,comb
tools,hyponym,fork
tools,hyponym,ram
tools,hyponym,jack
tools,synonym,tool
tools,hypernym,way
tools,synonym,instrument
tools,hypernym,member
tools,synonym,shaft
antelope,hyponym,gazelle
antelope,hyponym,wildebeest
brush,hypernym,vegetation
brush,hyponym,brake
brush,hyponym,toothbrush
brush,partMeronym,bristle
brush,partMeronym,handle
brush,partMeronym,grip
brush,hypernym,tail
pavilion,hypernym,tent
pavilion,synonym,marquee
wastebasket,hypernym,container
cucumber,hypernym,melon
cucumber,partMeronym,cucumber
cucumber,hypernym,vegetable
cucumber,hypernym,veggie
cucumber,partHolonym,cucumber
mitten,hypernym,glove
gift,hyponym,present
gift,hyponym,portion
gift,hyponym,award
toaster,hypernym,friend
vegetable,hypernym,produce
vegetable,hyponym,asparagus
vegetable,hyponym,squash
vegetable,hyponym,plantain
vegetable,hyponym,celery
vegetable,hyponym,pumpkin
vegetable,hyponym,mushroom
vegetable,hyponym,onion
vegetable,hyponym,greens
vegetable,hyponym,green
vegetable,hyponym,cucumber
vegetable,synonym,veggie
vegetable,partHolonym,herb
vegetable,hypernym,herb
vegetable,hyponym,spinach
vegetable,hyponym,beet
orb,synonym,eyeball
orb,partHolonym,eye
orb,hypernym,sphere
orb,synonym,ball
orb,synonym,globe
tarp,hypernym,canvas
tub,hypernym,vessel
tub,synonym,bathtub
tub,synonym,bath
tub,partHolonym,bathroom
tub,partHolonym,bath
hats,hypernym,headdress
hats,hyponym,fedora
hats,hyponym,bonnet
hats,hyponym,topper
hats,synonym,hat
hats,synonym,lid
hats,partMeronym,brim
hats,partMeronym,crown
hats,hypernym,office
hats,hypernym,part
graphic,hypernym,picture
graphic,hypernym,image
graphic,hypernym,icon
wheat,hypernym,cereal
wheat,hypernym,grain
wheat,hypernym,yellow
wheat,synonym,straw
undershirt,synonym,vest
bears,synonym,bear
wiper,hypernym,worker
tips,hypernym,end
tips,hypernym,terminal
tips,hyponym,beak
tips,hyponym,fingertip
tips,synonym,tip
tips,hypernym,direction
tips,synonym,lead
tips,synonym,steer
tips,synonym,wind
tips,hyponym,head
tips,synonym,point
tips,synonym,peak
tips,partHolonym,sword
tips,partHolonym,blade
tips,partHolonym,brand
tips,partHolonym,steel
tips,partHolonym,cone
tips,partHolonym,pencil
tips,partHolonym,knife
tips,hypernym,place
tips,hypernym,spot
tips,hyponym,hilltop
tips,hyponym,brow
tips,synonym,crown
tips,synonym,crest
tips,synonym,top
main,hypernym,water
main,hypernym,pipe
main,hypernym,piping
main,partHolonym,base
flags,hypernym,emblem
flags,hyponym,colors
flags,hyponym,banner
flags,hyponym,streamer
flags,hyponym,pennant
flags,hyponym,jack
flags,synonym,flag
flags,synonym,pin
flags,hypernym,tail
flags,partHolonym,deer
flags,partHolonym,dog
gold,hypernym,yellow
cupcakes,hypernym,cake
cupcakes,synonym,cupcake
surface,hypernym,artifact
surface,hyponym,tread
surface,hyponym,screen
surface,hyponym,ground
surface,hyponym,face
surface,hyponym,board
surface,hyponym,bed
surface,hyponym,skin
surface,hyponym,level
surface,hyponym,side
surface,hyponym,inside
surface,hyponym,interior
surface,hyponym,sphere
surface,hyponym,end
surface,hyponym,outside
surface,hyponym,exterior
surface,hypernym,layer
surface,hyponym,floor
surface,partMeronym,water
surface,partMeronym,opening
surface,partMeronym,gap
surface,synonym,open
surface,hypernym,device
surface,hyponym,elevator
surface,hyponym,flap
surface,hyponym,flaps
surface,hyponym,stabilizer
surface,hyponym,wing
surface,hyponym,rudder
potato,hyponym,fries
potato,hyponym,chips
potato,partMeronym,jacket
potato,partHolonym,potato
potato,hypernym,vine
potato,partMeronym,potato
discs,synonym,record
discs,synonym,disk
discs,synonym,disc
discs,synonym,platter
discs,hyponym,point
discs,hyponym,dot
discs,synonym,saucer
discs,hypernym,plate
discs,hypernym,circle
discs,hypernym,round
discs,hyponym,saucer
hook,hypernym,curve
hook,hyponym,anchor
hook,synonym,claw
hook,hypernym,swing
sweater,hypernym,garment
sweater,hyponym,turtleneck
sweater,hyponym,turtle
sweater,hyponym,cardigan
sweater,hyponym,pullover
sweater,synonym,jumper
sweater,hypernym,person
sweater,hypernym,individual
sweater,hypernym,someone
pipe,hypernym,tube
pipe,hypernym,tubing
pipe,partMeronym,bowl
pipe,partMeronym,stem
pipe,hyponym,drain
pipe,hyponym,line
pipe,hyponym,main
pipe,hyponym,elbow
pipe,synonym,piping
pipe,partMeronym,spout
pipe,hypernym,cylinder
pipe,synonym,tube
pipe,hypernym,wind
wires,synonym,wire
wires,hypernym,conductor
wires,hyponym,lead
wires,hypernym,message
wires,hyponym,cable
sconce,hypernym,shelter
sconce,hypernym,light
sconce,hypernym,bracket
cap,hypernym,headdress
cap,hyponym,beret
cap,hypernym,top
cap,hypernym,cover
cap,hyponym,nipple
cap,hypernym,protection
cap,hyponym,hubcap
cap,hypernym,covering
cap,synonym,hood
cap,partHolonym,plant
cap,hypernym,control
cap,synonym,ceiling
cap,synonym,roof
cap,synonym,crown
cap,synonym,jacket
cap,partHolonym,column
cap,partHolonym,pillar
forest,hypernym,vegetation
forest,hyponym,jungle
forest,hyponym,grove
forest,synonym,wood
forest,synonym,woods
forest,hypernym,land
forest,hypernym,earth
forest,hypernym,ground
leafs,hyponym,pad
leafs,hyponym,frond
leafs,hyponym,greenery
leafs,hyponym,pitcher
leafs,hyponym,scale
leafs,hyponym,blade
leafs,synonym,leaf
leafs,synonym,foliage
leafs,hypernym,sheet
leafs,hyponym,page
leafs,hypernym,section
male,hypernym,animal
male,hyponym,steer
male,hypernym,person
male,hypernym,individual
male,hypernym,someone
male,hyponym,man
male,hyponym,boy
pickles,hypernym,relish
pickles,synonym,pickle
pickles,synonym,hole
pickles,synonym,jam
path,hypernym,course
path,synonym,way
path,hypernym,way
path,hyponym,pathway
path,hyponym,walk
path,hyponym,walkway
path,hyponym,lane
path,hyponym,crossing
path,hyponym,crosswalk
path,hypernym,line
path,hyponym,track
path,hyponym,pattern
path,hyponym,direction
path,hyponym,way
path,hyponym,round
path,synonym,route
path,hyponym,steps
path,hyponym,belt
path,hyponym,trail
path,synonym,track
path,synonym,course
brochure,hypernym,book
brochure,synonym,booklet
brochure,synonym,folder
brochure,synonym,pamphlet
cups,hypernym,container
cups,hyponym,goblet
cups,hyponym,teacup
cups,synonym,cup
cups,hypernym,hole
cups,hypernym,trophy
greens,hypernym,vegetable
greens,hypernym,veggie
greens,hyponym,spinach
greens,synonym,green
greens,synonym,park
greens,synonym,jet
sheet,hypernym,paper
sheet,hyponym,signature
sheet,hyponym,leaf
sheet,hyponym,stamp
sheet,hypernym,shape
sheet,synonym,plane
sheet,hypernym,newspaper
sheet,synonym,rag
sheet,hypernym,artifact
sheet,hyponym,panel
sheet,hyponym,blackboard
sheet,hyponym,chalkboard
sheet,hyponym,plate
sheet,hyponym,board
sheet,hypernym,line
sheet,partHolonym,ship
sheet,synonym,sail
sheet,synonym,canvas
sock,hypernym,hose
yard,partMeronym,foot
yard,partHolonym,perch
yard,partHolonym,rod
yard,partHolonym,pole
yard,partHolonym,chain
yard,hypernym,field
yard,hyponym,backyard
yard,hyponym,playground
yard,hyponym,garden
yard,synonym,grounds
yard,hypernym,enclosure
sub,hypernym,sandwich
sub,synonym,grinder
sub,synonym,wedge
video,synonym,picture
video,partHolonym,television
video,partHolonym,video
video,hyponym,cable
video,synonym,television
video,partMeronym,video
video,partMeronym,picture
skateboarders,hypernym,skater
skateboarders,synonym,skateboarder
top,hypernym,part
top,hyponym,crown
top,hyponym,cap
top,hyponym,head
top,hypernym,side
top,hypernym,face
top,hyponym,rooftop
top,hyponym,crest
top,hyponym,desktop
top,hypernym,place
top,hypernym,spot
top,hyponym,hilltop
top,hyponym,brow
top,synonym,peak
top,synonym,crown
top,synonym,crest
top,synonym,tip
top,hypernym,turn
top,hypernym,round
top,partHolonym,frame
top,hypernym,level
top,hypernym,stage
top,hypernym,point
top,hypernym,platform
top,partHolonym,ship
top,hypernym,toy
top,hypernym,covering
top,hyponym,lid
top,synonym,cover
top,hyponym,halter
top,hyponym,blouse
top,hypernym,canvas
orange,partHolonym,orange
orange,partMeronym,orange
cubicle,hypernym,room
cubicle,synonym,cell
cubicle,hypernym,alcove
cubicle,hypernym,bay
cubicle,synonym,stall
cubicle,partHolonym,library
cubicle,hypernym,closet
cubicle,synonym,booth
cubicle,synonym,kiosk
gear,hypernym,wheel
gear,partMeronym,tooth
gear,synonym,train
gear,partHolonym,engine
gear,hypernym,mechanism
gear,hyponym,park
gear,hypernym,equipment
gear,hyponym,outfit
waterway,hypernym,water
waterway,hyponym,ditch
waterway,hypernym,way
waterway,hyponym,canal
helmets,synonym,helmet
helmets,partMeronym,visor
helmets,hypernym,headdress
tunnel,hyponym,subway
tunnel,partMeronym,shaft
tunnel,hypernym,hole
pickle,hypernym,relish
pickle,synonym,hole
pickle,synonym,jam
logs,hypernym,wood
logs,synonym,log
logs,hypernym,power
logs,partHolonym,ship
necks,synonym,neck
necks,partHolonym,body
necks,hypernym,land
necks,hypernym,earth
necks,hypernym,ground
necks,hypernym,cut
necks,hypernym,part
necks,hypernym,portion
necks,hypernym,opening
necks,partMeronym,collar
necks,partHolonym,garment
bundle,hypernym,collection
bundle,synonym,package
bundle,synonym,packet
bundle,hypernym,package
bundle,hyponym,pack
bundle,hyponym,bale
bundle,hypernym,money
bundle,synonym,pile
eggs,synonym,egg
eggs,partMeronym,shell
eggs,partMeronym,yolk
eggs,partMeronym,white
eggs,synonym,ball
eggs,synonym,nut
tea,hypernym,beverage
tea,hypernym,drink
tea,hypernym,meal
tea,hypernym,shrub
tea,hypernym,bush
tea,partMeronym,tea
tea,hypernym,herb
tea,partHolonym,tea
door,hyponym,screen
door,partMeronym,lock
door,partHolonym,doorway
door,partHolonym,door
door,hypernym,entrance
door,hypernym,entryway
door,hypernym,entry
door,synonym,doorway
door,partMeronym,casing
door,partMeronym,case
door,partMeronym,door
door,partHolonym,wall
door,hypernym,structure
door,hypernym,construction
door,hypernym,room
sash,partHolonym,window
sash,hypernym,band
pitch,hyponym,key
pitch,hypernym,throw
pitch,hyponym,curve
pitch,hyponym,heater
pitch,hyponym,smoke
pitch,hyponym,ball
pitch,hypernym,place
pitch,hypernym,packaging
pitch,hypernym,slope
pitch,hypernym,motion
pitch,hyponym,rock
stuffing,hypernym,mixture
stuffing,synonym,dressing
stuffing,hypernym,padding
fences,hypernym,barrier
fences,hyponym,hedge
fences,hyponym,wall
fences,synonym,fence
fences,synonym,fencing
car,hyponym,convertible
car,hyponym,wagon
car,hyponym,jeep
car,hyponym,hatchback
car,hyponym,sedan
car,hyponym,cab
car,hyponym,taxi
car,hyponym,racer
car,hyponym,minivan
car,hyponym,bus
car,hyponym,ambulance
car,synonym,automobile
car,synonym,machine
car,partMeronym,bumper
car,partMeronym,window
car,partMeronym,fin
car,partMeronym,hood
car,partMeronym,bonnet
car,partMeronym,trunk
car,partMeronym,roof
car,partMeronym,horn
car,partMeronym,fender
car,partMeronym,wing
car,partMeronym,grille
car,partMeronym,gun
car,hyponym,caboose
car,hyponym,coach
car,hyponym,carriage
car,hyponym,van
car,hypernym,compartment
car,synonym,gondola
car,partHolonym,elevator
car,partHolonym,lift
antlers,hypernym,horn
antlers,synonym,antler
antlers,partHolonym,deer
gloves,synonym,glove
gloves,synonym,mitt
gloves,hyponym,mitten
gloves,partMeronym,thumb
gloves,partMeronym,finger
gravel,hypernym,rock
gravel,hypernym,stone
gravel,hyponym,shingle
hairs,hyponym,beard
hairs,hyponym,coat
hairs,hyponym,mane
hairs,hyponym,eyebrow
hairs,hyponym,brow
hairs,hyponym,lock
hairs,hyponym,curl
hairs,hyponym,bush
hairs,hyponym,down
hairs,hyponym,pile
hairs,hyponym,eyelash
hairs,synonym,hair
hairs,partMeronym,part
hairs,partMeronym,hairline
hairs,synonym,whisker
hairs,partHolonym,mammal
hairs,hypernym,fabric
hairs,hypernym,cloth
hairs,hypernym,material
hairs,hyponym,whisker
hairs,hyponym,bristle
keyboard,hypernym,device
keyboard,hyponym,keypad
keyboard,partHolonym,piano
keyboard,partHolonym,computer
keyboard,partHolonym,terminal
keyboard,hypernym,holder
helicopter,partMeronym,blade
helicopter,partMeronym,vane
rivets,hypernym,decoration
rivets,hypernym,ornament
rivets,synonym,stud
rivets,synonym,rivet
rivets,hypernym,pin
brackets,hypernym,set
brackets,synonym,bracket
brackets,hypernym,support
brackets,hyponym,truss
brackets,hyponym,console
brackets,hyponym,sconce
trolley,synonym,tram
kitchen,hypernym,room
kitchen,hyponym,caboose
kitchen,partHolonym,home
pads,hypernym,paper
pads,hyponym,notepad
pads,synonym,pad
pads,synonym,tablet
pads,hypernym,leaf
pads,hypernym,foliage
pads,hypernym,block
pads,hypernym,padding
pads,hyponym,mattress
pads,hyponym,panel
pads,hyponym,mat
pads,hypernym,platform
pads,hypernym,structure
pads,partHolonym,paw
pads,partHolonym,finger
bow,hypernym,knot
bow,hypernym,stick
bow,hypernym,front
bow,synonym,stem
bow,partHolonym,vessel
bow,hypernym,arm
bow,partMeronym,limb
bow,hypernym,curve
bow,hyponym,rainbow
bow,hypernym,motion
bow,hypernym,decoration
bow,hypernym,ornament
bristles,synonym,bristle
bristles,partHolonym,brush
bristles,hypernym,hair
grapes,synonym,grape
grapes,partHolonym,grape
grapes,hypernym,vine
grapes,partMeronym,grape
grapes,hypernym,shot
grease,hypernym,oil
grease,synonym,dirt
grease,synonym,soil
grease,synonym,stain
stains,synonym,stain
stains,hypernym,color
stains,synonym,dirt
stains,synonym,soil
stains,synonym,grease
stains,hypernym,symbol
stains,synonym,mark
stains,synonym,brand
stains,synonym,spot
dinner,hypernym,meal
dinner,hypernym,party
ribs,hypernym,support
ribs,hyponym,thread
ribs,synonym,rib
ribs,partHolonym,umbrella
ribs,partHolonym,hull
ribs,partHolonym,wing
ribs,hypernym,bone
ribs,hypernym,cut
ribs,hypernym,structure
ribs,hyponym,shaft
ribs,hyponym,vein
ribs,hypernym,molding
ribs,hypernym,moulding
grid,hypernym,shape
grid,hypernym,pattern
grid,partHolonym,base
grid,hypernym,plate
grid,partHolonym,tube
gap,synonym,spread
gap,hypernym,space
gap,hyponym,hole
gap,hyponym,crack
gap,hyponym,crevice
gap,hyponym,mouth
gap,hyponym,tear
gap,hyponym,window
gap,hyponym,pocket
gap,synonym,opening
gap,partHolonym,surface
gap,hypernym,opening
gap,synonym,crack
gap,synonym,break
balcony,hypernym,structure
balcony,hypernym,construction
balcony,partMeronym,box
balcony,partMeronym,bannister
balcony,partMeronym,banister
balcony,partMeronym,handrail
link,hypernym,fastener
link,hyponym,bridge
link,synonym,tie
link,hypernym,shape
link,hyponym,joint
link,partHolonym,chain
link,hypernym,line
controls,hypernym,power
controls,hyponym,rein
controls,synonym,control
controls,hyponym,steering
controls,hyponym,direction
controls,hypernym,mechanism
controls,hyponym,valve
controls,hyponym,switch
controls,hyponym,dial
controls,synonym,controller
controls,hyponym,ceiling
controls,hyponym,roof
controls,hyponym,cap
controls,hyponym,floor
controls,hyponym,base
olives,hypernym,fruit
olives,synonym,olive
olives,partHolonym,olive
olives,partMeronym,olive
olives,hypernym,wood
olives,hypernym,relish
barrel,hypernym,tube
barrel,hypernym,tubing
barrel,partHolonym,gun
barrel,hypernym,vessel
barrel,hyponym,butt
barrel,partMeronym,hoop
barrel,partMeronym,ring
barrel,partMeronym,tap
barrel,partMeronym,spigot
barrel,hypernym,cylinder
barrel,synonym,drum
soil,synonym,dirt
soil,synonym,stain
soil,synonym,grease
soil,hypernym,earth
soil,hypernym,ground
soil,hyponym,sand
soil,hyponym,clay
soil,hyponym,mold
soil,hyponym,mud
soil,hypernym,object
soil,hyponym,bottom
soil,hyponym,turf
soil,synonym,land
soil,synonym,ground
nipple,hypernym,cap
nipple,partHolonym,bottle
comforter,hypernym,person
comforter,hypernym,individual
comforter,hypernym,someone
comforter,hypernym,bedding
comforter,hyponym,duvet
comforter,synonym,quilt
comforter,hypernym,device
comforter,synonym,pacifier
dips,hypernym,imprint
dips,synonym,dip
dips,hypernym,condiment
dips,synonym,drop
dips,hypernym,candle
protector,hyponym,guard
protector,hyponym,monitor
protector,hyponym,fighter
protector,hyponym,fireman
protector,hyponym,firefighter
l,hypernym,letter
cork,hypernym,bark
cork,hypernym,plug
cork,hypernym,stopper
cork,hypernym,float
h,hypernym,letter
9,hypernym,figure
9,synonym,nine
napkin,hyponym,bib
napkin,hypernym,garment
napkin,synonym,diaper
dials,hypernym,face
dials,synonym,dial
dials,hypernym,control
dials,hypernym,controller
dials,hypernym,indicator
slope,hypernym,formation
slope,hyponym,coast
slope,hyponym,hillside
slope,hyponym,bank
slope,hyponym,mountainside
slope,synonym,side
slope,hyponym,pitch
boarder,hypernym,pupil
curtains,hypernym,blind
curtains,hypernym,screen
curtains,hyponym,drop
curtains,synonym,curtain
curtains,synonym,drape
curtains,synonym,mantle
curtains,hypernym,barrier
policeman,hyponym,bull
policeman,hyponym,cop
policeman,hyponym,pig
policeman,synonym,officer
asphalt,hypernym,pavement
canister,partMeronym,shot
canister,hypernym,container
canister,synonym,cannister
canister,synonym,tin
torso,synonym,trunk
torso,synonym,body
torso,partMeronym,shoulder
torso,partMeronym,belly
torso,partMeronym,cheek
torso,partMeronym,side
torso,partMeronym,chest
torso,partMeronym,stomach
torso,partMeronym,back
torso,partMeronym,hip
torso,partMeronym,middle
torso,partMeronym,waist
torso,partMeronym,butt
torso,partMeronym,backside
torso,partMeronym,buns
torso,partMeronym,can
torso,partMeronym,rear
torso,partMeronym,rump
torso,partMeronym,seat
torso,partMeronym,tail
torso,partMeronym,bottom
torso,partMeronym,behind
torso,partHolonym,body
tissue,hyponym,band
tissue,hypernym,paper
weather,hyponym,wave
weather,hyponym,sunshine
weather,hyponym,wind
pajamas,hypernym,trouser
pajamas,hypernym,pant
dunes,hypernym,ridge
dunes,synonym,dune
mast,hypernym,nut
mast,hypernym,feed
mast,hypernym,pole
park,synonym,green
park,hypernym,stadium
park,hypernym,bowl
park,hypernym,arena
park,partMeronym,diamond
park,partMeronym,dugout
park,partMeronym,stand
park,hypernym,lot
park,hypernym,gear
pier,hypernym,platform
pier,synonym,dock
pier,hypernym,support
pier,partHolonym,wall
pier,partHolonym,bridge
bandana,hypernym,handkerchief
bandana,synonym,bandanna
headlights,hypernym,light
headlights,synonym,headlight
headlights,synonym,headlamp
womans,hypernym,adult
womans,hypernym,female
womans,hyponym,baggage
womans,hyponym,girl
womans,hyponym,lady
womans,hyponym,peach
womans,hyponym,dish
womans,hyponym,cat
womans,synonym,woman
womans,hypernym,cleaner
part,hyponym,member
part,hyponym,item
part,hyponym,point
part,hyponym,detail
part,hyponym,base
part,hyponym,butt
part,hyponym,rest
part,hyponym,unit
part,hyponym,substance
part,synonym,portion
part,hypernym,object
part,hyponym,neck
part,hyponym,section
part,hyponym,bulb
part,hyponym,bit
part,hyponym,waist
part,hyponym,spine
part,hyponym,cutout
part,hyponym,seat
part,hyponym,toe
part,hyponym,heel
part,hyponym,limb
part,hyponym,piece
part,partHolonym,whole
part,partHolonym,unit
part,hypernym,thing
part,hyponym,lump
part,hyponym,corner
part,hyponym,slice
part,hyponym,strip
part,synonym,piece
part,hyponym,outside
part,hyponym,exterior
part,hyponym,distance
part,hyponym,air
part,hyponym,side
part,hyponym,inside
part,hyponym,interior
part,hyponym,belt
part,hyponym,sign
part,hyponym,house
part,hyponym,layer
part,hyponym,bottom
part,hyponym,top
part,hyponym,place
part,hyponym,hat
part,synonym,office
part,synonym,character
part,hyponym,stake
part,hyponym,cut
part,hyponym,way
part,partHolonym,net
part,hyponym,frame
part,hyponym,end
part,hyponym,turn
part,hyponym,round
part,hyponym,over
part,hyponym,half
part,hyponym,ingredient
part,hyponym,middle
part,hyponym,game
part,synonym,section
part,hypernym,line
part,partHolonym,hair
part,hypernym,air
part,hyponym,support
balloons,synonym,balloon
balloons,partMeronym,envelope
balloons,hypernym,toy
drive,hypernym,mechanism
drive,hypernym,road
drive,hypernym,route
drive,synonym,driveway
drive,hypernym,swing
drive,hyponym,lift
drive,synonym,ride
drive,hypernym,device
drive,partMeronym,spindle
doors,hyponym,screen
doors,synonym,door
doors,partMeronym,lock
doors,partHolonym,doorway
doors,partHolonym,door
doors,hypernym,entrance
doors,hypernym,entryway
doors,hypernym,entry
doors,synonym,doorway
doors,partMeronym,casing
doors,partMeronym,case
doors,partMeronym,door
doors,partHolonym,wall
doors,hypernym,structure
doors,hypernym,construction
doors,hypernym,room
steeples,hypernym,tower
steeples,synonym,steeple
steeples,synonym,spire
shrubs,hyponym,pepper
shrubs,hyponym,tea
shrubs,hyponym,broom
shrubs,hyponym,blueberry
shrubs,hyponym,box
shrubs,hyponym,rose
shrubs,synonym,shrub
shrubs,synonym,bush
trousers,hypernym,garment
trousers,hyponym,white
trousers,hyponym,slacks
trousers,hyponym,sweatpants
trousers,hyponym,cords
trousers,hyponym,jean
trousers,hyponym,denim
trousers,hyponym,shorts
trousers,hyponym,trunks
trousers,synonym,trouser
trousers,synonym,pant
trousers,partMeronym,zipper
trousers,partMeronym,trouser
trousers,partMeronym,lap
trousers,partMeronym,leg
trousers,partMeronym,seat
trousers,partHolonym,trouser
trousers,partHolonym,pant
cheetah,hypernym,cat
floor,hypernym,level
floor,synonym,flooring
floor,partHolonym,hallway
floor,partHolonym,hall
floor,partHolonym,room
floor,hypernym,structure
floor,hypernym,construction
floor,synonym,level
floor,synonym,story
floor,partHolonym,building
floor,hypernym,control
floor,synonym,base
floor,hypernym,land
floor,hypernym,earth
floor,hypernym,ground
floor,hypernym,surface
floor,partHolonym,lake
floor,partHolonym,cave
floor,hypernym,right
floor,hypernym,hall
floor,hypernym,room
arrows,hypernym,mark
arrows,synonym,arrow
arrows,partMeronym,point
arrows,partMeronym,head
arrows,partMeronym,shaft
arrows,hypernym,missile
arrows,partMeronym,vane
women,hypernym,adult
women,hypernym,female
women,hyponym,baggage
women,hyponym,girl
women,hyponym,lady
women,hyponym,peach
women,hyponym,dish
women,hyponym,cat
women,synonym,woman
women,hypernym,cleaner
sand,hypernym,soil
sand,hypernym,dirt
pasture,hypernym,grassland
pasture,partHolonym,country
pasture,synonym,grass
fastener,hypernym,person
fastener,hypernym,individual
fastener,hypernym,someone
fastener,hyponym,button
fastener,hyponym,lock
fastener,hyponym,seal
fastener,hyponym,cleat
fastener,hyponym,locker
fastener,hyponym,loop
fastener,hyponym,knot
fastener,hyponym,pin
fastener,hyponym,link
fastener,hyponym,tie
fastener,hyponym,snap
fastener,hyponym,zipper
fastener,hyponym,buckle
fastener,hyponym,screw
fastener,hyponym,clasp
fastener,hyponym,clip
fastener,hyponym,nail
watermark,hypernym,line
watermark,hypernym,marker
watermark,hypernym,marking
watermark,hypernym,mark
stores,hypernym,outlet
stores,hyponym,booth
stores,hyponym,bakery
stores,synonym,shop
stores,synonym,store
stores,partMeronym,storefront
stores,hyponym,base
stores,hypernym,hardware
stores,synonym,storage
stores,partMeronym,register
stores,partHolonym,computer
stores,hyponym,warehouse
stores,hyponym,magazine
blades,hypernym,leaf
blades,hypernym,foliage
blades,synonym,blade
blades,hypernym,ribbon
blades,hypernym,thread
blades,hypernym,arm
blades,synonym,sword
blades,synonym,brand
blades,synonym,steel
blades,partMeronym,point
blades,partMeronym,tip
blades,partMeronym,peak
blades,partMeronym,blade
blades,hypernym,structure
blades,hyponym,vane
blades,hypernym,runner
blades,hyponym,paddle
blades,synonym,vane
blades,partHolonym,propeller
blades,partHolonym,propellor
blades,partHolonym,helicopter
blades,partHolonym,turbine
blades,partHolonym,oar
blades,partHolonym,windmill
blades,partHolonym,sword
blades,partHolonym,blade
blades,partHolonym,brand
blades,partHolonym,steel
blades,partHolonym,spatula
blades,partHolonym,scissors
blades,partHolonym,knife
stone,hyponym,sill
stone,hyponym,pebble
stone,hyponym,boulder
stone,synonym,rock
stone,hyponym,headstone
stone,hypernym,material
stone,hypernym,stuff
stone,hyponym,gravel
stone,hyponym,marble
stone,partHolonym,jewelry
stone,synonym,pit
red,hyponym,cherry
handset,hypernym,telephone
handset,hypernym,phone
handset,partMeronym,handle
handset,partMeronym,grip
hair,hyponym,beard
hair,hyponym,coat
hair,hyponym,mane
hair,hyponym,eyebrow
hair,hyponym,brow
hair,hyponym,lock
hair,hyponym,curl
hair,hyponym,bush
hair,hyponym,down
hair,hyponym,pile
hair,hyponym,eyelash
hair,partMeronym,part
hair,partMeronym,hairline
hair,synonym,whisker
hair,partHolonym,mammal
hair,hypernym,fabric
hair,hypernym,cloth
hair,hypernym,material
hair,hyponym,whisker
hair,hyponym,bristle
canoe,hyponym,kayak
canoe,hyponym,dugout
diamonds,hyponym,ice
diamonds,synonym,diamond
diamonds,synonym,infield
diamonds,partMeronym,base
diamonds,partMeronym,bag
diamonds,partMeronym,mound
diamonds,partMeronym,hill
diamonds,partMeronym,short
diamonds,partHolonym,diamond
diamonds,hypernym,field
diamonds,partMeronym,box
diamonds,partMeronym,diamond
diamonds,partMeronym,infield
diamonds,partMeronym,outfield
diamonds,partHolonym,park
pomegranate,partMeronym,pomegranate
pomegranate,partHolonym,pomegranate
kayak,hypernym,canoe
decal,hypernym,design
decal,hypernym,pattern
decal,hypernym,figure
boulder,hypernym,rock
boulder,hypernym,stone
parrots,hypernym,bird
parrots,hyponym,parakeet
parrots,synonym,parrot
houseplant,hypernym,plant
burger,hypernym,sandwich
burger,synonym,hamburger
burger,partMeronym,hamburger
pillar,hypernym,shape
pillar,synonym,column
pillar,synonym,tower
pillar,hypernym,friend
pillar,hypernym,structure
pillar,hypernym,construction
pillar,hyponym,pile
pillar,partMeronym,pedestal
pillar,partMeronym,shaft
pillar,partMeronym,cap
pillar,partHolonym,temple
band,hyponym,pack
band,hyponym,party
band,hyponym,company
band,synonym,set
band,synonym,circle
band,synonym,lot
band,partMeronym,section
band,hypernym,stripe
band,hypernym,streak
band,hypernym,bar
band,hyponym,collar
band,synonym,stripe
band,partHolonym,garment
band,hypernym,range
band,hypernym,strip
band,hyponym,sweatband
band,hyponym,strap
band,hyponym,headband
band,hyponym,wristband
band,hyponym,armband
band,hyponym,hoop
band,hyponym,ring
band,hyponym,bracelet
band,hyponym,sash
band,hyponym,weed
band,hypernym,tissue
band,hypernym,jewelry
band,synonym,ring
band,hypernym,belt
band,hypernym,loop
conductor,hypernym,material
conductor,hypernym,stuff
conductor,hyponym,silver
conductor,hypernym,device
conductor,hyponym,cable
conductor,hyponym,line
conductor,hyponym,cord
conductor,hyponym,wire
conductor,hyponym,bus
alarm,hypernym,device
alarm,hyponym,horn
alarm,hypernym,signal
alarm,hypernym,sign
alarm,hypernym,clock
badge,hypernym,emblem
badge,hyponym,insignia
badge,hyponym,button
badge,hyponym,stripe
badge,hyponym,stripes
athlete,hyponym,swimmer
athlete,hyponym,skier
athlete,hyponym,jumper
athlete,hyponym,hooker
athlete,hyponym,skater
athlete,hyponym,runner
eyelashes,hypernym,hair
eyelashes,synonym,eyelash
eyelashes,partHolonym,eyelid
eyelashes,partHolonym,lid
seaweed,hypernym,algae
colors,hypernym,flag
colors,hypernym,emblem
colors,hyponym,shade
colors,synonym,color
colors,hypernym,race
colors,hypernym,material
colors,hypernym,stuff
colors,hyponym,indicator
colors,hyponym,paint
colors,hyponym,stain
boxes,hypernym,container
boxes,hyponym,carton
boxes,hyponym,flat
boxes,hyponym,chest
boxes,hyponym,crate
boxes,hyponym,mailbox
boxes,synonym,box
boxes,partMeronym,lid
boxes,partMeronym,base
boxes,hypernym,compartment
boxes,partHolonym,balcony
boxes,synonym,corner
boxes,hypernym,rectangle
boxes,hypernym,shrub
boxes,hypernym,bush
boxes,hypernym,area
boxes,partHolonym,diamond
boxes,hypernym,seat
boxes,partHolonym,coach
rv,hyponym,camper
wristband,hypernym,band
wristband,partHolonym,sleeve
wristband,partHolonym,arm
wristband,synonym,bracelet
monitor,hypernym,protector
monitor,hypernym,display
monitor,partHolonym,computer
monitor,partHolonym,television
monitor,hypernym,lizard
packages,hypernym,collection
packages,synonym,package
packages,synonym,bundle
packages,synonym,packet
packages,hypernym,container
packages,hyponym,packet
packages,hyponym,pack
packages,hyponym,bundle
slipper,hypernym,footwear
slipper,hypernym,person
slipper,hypernym,individual
slipper,hypernym,someone
slipper,hyponym,snowboarder
television,hyponym,cable
television,synonym,video
television,partMeronym,video
television,partMeronym,picture
television,partMeronym,monitor
television,partMeronym,television
television,partMeronym,tv
television,synonym,tv
television,partHolonym,television
guy,hypernym,man
guy,synonym,cat
guy,hypernym,image
guy,hypernym,brace
guy,partHolonym,tent
carafe,hypernym,bottle
packets,hypernym,collection
packets,synonym,package
packets,synonym,bundle
packets,synonym,packet
packets,hypernym,message
packets,hypernym,package
packets,hyponym,deck
packets,hypernym,boat
hilltop,hypernym,peak
hilltop,hypernym,crown
hilltop,hypernym,crest
hilltop,hypernym,top
hilltop,hypernym,tip
hilltop,synonym,brow
cops,hypernym,policeman
cops,hypernym,officer
cops,synonym,bull
cops,synonym,cop
cops,synonym,pig
candies,hyponym,rock
candies,hyponym,patty
candies,synonym,candy
ride,hyponym,lift
ride,synonym,drive
ride,hyponym,carousel
supplies,hyponym,stocking
rudder,hypernym,surface
rudder,partHolonym,vessel
tail,hyponym,dock
tail,hyponym,flag
tail,hyponym,brush
tail,partMeronym,dock
tail,hypernym,end
tail,synonym,butt
tail,synonym,backside
tail,synonym,buns
tail,synonym,can
tail,synonym,rear
tail,synonym,rump
tail,synonym,seat
tail,synonym,bottom
tail,synonym,behind
tail,partHolonym,torso
tail,partHolonym,trunk
tail,partHolonym,body
tail,synonym,shadow
tail,partHolonym,coin
tail,hypernym,rear
tail,hypernym,back
tail,partMeronym,stabilizer
tail,partHolonym,fuselage
tail,synonym,poop
tail,partHolonym,ship
steel,hypernym,metal
steel,hypernym,arm
steel,synonym,sword
steel,synonym,blade
steel,synonym,brand
steel,partMeronym,point
steel,partMeronym,tip
steel,partMeronym,peak
steel,partMeronym,blade
forearm,hypernym,limb
forearm,partHolonym,arm
stroller,hypernym,pedestrian
stroller,hypernym,walker
stroller,synonym,carriage
hump,hyponym,belly
hump,synonym,bump
muffins,synonym,muffin
fans,hypernym,device
fans,synonym,fan
runway,hypernym,bar
runway,synonym,track
runway,synonym,rail
runway,synonym,rails
runway,partHolonym,railroad
runway,partHolonym,railway
runway,hypernym,slide
runway,hypernym,platform
runway,partHolonym,strip
runway,partHolonym,airfield
runway,partHolonym,field
overpass,hypernym,bridge
creases,synonym,fold
creases,synonym,crease
creases,hypernym,imprint
creases,synonym,wrinkle
creases,synonym,seam
creases,synonym,line
creases,partHolonym,skin
creases,hypernym,sticker
businesses,hyponym,house
businesses,hyponym,carrier
businesses,hyponym,chain
businesses,synonym,business
businesses,hyponym,field
businesses,hyponym,storage
businesses,hyponym,construction
businesses,hyponym,building
businesses,hyponym,advertising
businesses,hyponym,packaging
businesses,partHolonym,market
businesses,hyponym,post
businesses,hyponym,office
businesses,hyponym,spot
businesses,hyponym,place
businesses,hyponym,game
businesses,hyponym,land
businesses,hyponym,work
businesses,synonym,line
businesses,hypernym,object
businesses,hypernym,target
businesses,hypernym,people
drawings,hypernym,artwork
drawings,hypernym,art
drawings,hypernym,graphics
drawings,hyponym,frame
drawings,synonym,drawing
drawings,hyponym,silhouette
drawings,hyponym,numbers
drawings,hypernym,drain
drawings,hypernym,pull
brace,hypernym,support
brace,hypernym,two
brace,hypernym,2
brace,synonym,couple
brace,synonym,pair
brace,hypernym,set
brace,hypernym,rope
brace,partMeronym,strap
brace,hyponym,tie
brace,hyponym,guy
guard,hypernym,protector
guard,hypernym,device
guard,hyponym,fender
guard,hypernym,step
customers,hyponym,trick
customers,synonym,customer
flat,hypernym,plain
flat,hypernym,field
flat,hypernym,box
flat,synonym,flatbed
flat,hypernym,scenery
flat,hypernym,scene
flat,partHolonym,setting
flat,hypernym,housing
flat,synonym,apartment
pullover,hypernym,sweater
pullover,hypernym,jumper
pullover,hyponym,sweatshirt
blinder,hypernym,blind
blinder,hypernym,screen
blinder,synonym,blinker
saucer,hyponym,point
saucer,hyponym,dot
saucer,synonym,disk
saucer,synonym,disc
saucer,synonym,dish
saucer,hypernym,disk
saucer,hypernym,disc
locker,hypernym,compartment
locker,synonym,cabinet
locker,hypernym,fastener
locker,hypernym,trunk
line,hypernym,formation
line,hyponym,row
line,hypernym,mark
line,hypernym,print
line,hyponym,hairline
line,hyponym,shaft
line,hypernym,shape
line,hyponym,edge
line,hyponym,curve
line,hypernym,text
line,hyponym,head
line,hyponym,words
line,partHolonym,letter
line,hyponym,front
line,hypernym,conductor
line,synonym,cable
line,partHolonym,cable
line,hyponym,stream
line,synonym,course
line,hyponym,path
line,hyponym,route
line,hyponym,crest
line,hyponym,track
line,hyponym,course
line,hyponym,watermark
line,hyponym,part
line,hyponym,side
line,hyponym,horizon
line,hyponym,skyline
line,hypernym,imprint
line,synonym,wrinkle
line,synonym,crease
line,synonym,seam
line,partHolonym,skin
line,hypernym,pipe
line,hypernym,piping
line,hypernym,road
line,hypernym,route
line,partMeronym,railroad
line,partMeronym,railway
line,hypernym,connector
line,hyponym,family
line,synonym,blood
line,hypernym,artifact
line,hyponym,strand
line,hyponym,rope
line,hyponym,cord
line,hyponym,sheet
line,hyponym,lanyard
line,hyponym,post
line,hyponym,office
line,hyponym,spot
line,hyponym,place
line,hyponym,game
line,hyponym,land
line,hyponym,work
line,synonym,business
line,hyponym,sideline
line,hyponym,baseline
line,hyponym,scratch
line,hyponym,link
line,hyponym,lens
line,hypernym,merchandise
line,hypernym,product
line,hypernym,carrier
line,hyponym,airline
line,hyponym,railway
line,hyponym,railroad
line,hypernym,credit
line,hypernym,music
line,hyponym,signature
line,synonym,air
line,synonym,note
line,partMeronym,conveyor
arugula,hypernym,herb
arugula,synonym,rocket
trainer,hyponym,coach
connector,hyponym,hitch
connector,hyponym,attachment
connector,hyponym,jumper
connector,hyponym,line
connector,hyponym,patch
connector,hyponym,ground
connector,hyponym,earth
cabinets,hypernym,furniture
cabinets,hyponym,dresser
cabinets,synonym,cabinet
cabinets,partMeronym,shelf
cabinets,hypernym,compartment
cabinets,synonym,locker
cabinets,hypernym,housing
cabinets,synonym,console
signature,hypernym,name
signature,hypernym,way
signature,hypernym,air
signature,hypernym,line
signature,hypernym,sheet
signature,partHolonym,book
strings,hypernym,section
strings,hypernym,cord
strings,synonym,string
strings,hyponym,violin
strings,synonym,train
strings,hypernym,tie
strings,synonym,drawstring
strings,hypernym,collection
strings,hyponym,beads
strings,hypernym,necklace
strings,synonym,chain
strings,synonym,strand
van,hypernym,car
van,hypernym,camper
van,hypernym,truck
van,hyponym,wagon
cleaner,hyponym,shampoo
cleaner,hyponym,soap
cleaner,hypernym,jack
cleaner,hyponym,woman
knobs,synonym,knob
knobs,hypernym,handle
knobs,hypernym,grip
knobs,hyponym,doorknob
knobs,hyponym,stop
knobs,hypernym,decoration
knobs,hypernym,ornament
silver,hypernym,conductor
silver,hypernym,gray
silver,hypernym,grey
silver,hypernym,silverware
silver,hypernym,trophy
bumps,synonym,bump
bumps,hyponym,belly
bumps,synonym,hump
bumps,hyponym,jar
bumps,hyponym,tap
bumps,hyponym,belt
topper,hypernym,worker
topper,hypernym,person
topper,hypernym,individual
topper,hypernym,someone
topper,hypernym,coat
topper,hypernym,hat
topper,hypernym,lid
ingredient,hyponym,base
ingredient,hypernym,part
ingredient,hypernym,section
ingredient,hyponym,point
ingredient,hyponym,seasoning
ingredient,hyponym,white
ingredient,hyponym,yolk
ingredient,partHolonym,dish
pencils,synonym,pencil
pencils,partMeronym,rubber
pencils,partMeronym,point
pencils,partMeronym,tip
pencils,partMeronym,peak
pencils,hypernym,figure
pears,synonym,pear
pears,partHolonym,pear
pears,partMeronym,pear
shampoo,hypernym,cleaner
store,hypernym,outlet
store,hyponym,booth
store,hyponym,bakery
store,synonym,shop
store,partMeronym,storefront
store,hyponym,base
store,hypernym,hardware
store,synonym,storage
store,partMeronym,register
store,partHolonym,computer
store,hyponym,warehouse
store,hyponym,magazine
cluster,hyponym,tuft
cluster,hyponym,knot
cluster,synonym,bunch
cluster,synonym,clump
product,hyponym,cargo
product,hyponym,line
product,hyponym,number
product,synonym,merchandise
product,partHolonym,outlet
product,hyponym,work
product,hyponym,newspaper
product,hyponym,paper
product,hyponym,fruit
product,hyponym,movie
product,hyponym,picture
product,hyponym,magazine
product,hyponym,book
product,hypernym,event
product,hypernym,set
product,synonym,intersection
guys,hypernym,man
guys,synonym,guy
guys,synonym,cat
guys,hypernym,image
guys,hypernym,brace
guys,partHolonym,tent
entryway,hyponym,opening
entryway,hyponym,arch
entryway,hyponym,archway
entryway,hyponym,doorway
entryway,hyponym,door
entryway,synonym,entrance
entryway,synonym,entry
distance,hyponym,way
distance,hyponym,piece
distance,hypernym,part
distance,hyponym,leg
distance,hyponym,gauge
distance,synonym,space
distance,hypernym,point
greenery,hypernym,leaf
greenery,hypernym,foliage
awning,hypernym,canopy
head,partMeronym,skull
head,partMeronym,face
head,partMeronym,ear
head,partMeronym,temple
head,partMeronym,muzzle
head,partHolonym,body
head,partHolonym,animal
head,hyponym,father
head,hypernym,formation
head,hypernym,top
head,hypernym,root
head,hypernym,word
head,hypernym,point
head,hypernym,tip
head,hypernym,peak
head,hypernym,individual
head,hyponym,point
head,hypernym,object
head,hypernym,foam
head,hypernym,froth
head,hypernym,front
head,synonym,forefront
head,hypernym,mark
head,synonym,point
head,partHolonym,arrow
head,hypernym,line
head,hyponym,title
head,hypernym,structure
head,hypernym,coil
head,partHolonym,coin
head,partHolonym,ram
head,partHolonym,hammer
head,hypernym,toilet
head,hypernym,can
head,hypernym,bathroom
head,partHolonym,pin
head,partHolonym,bolt
head,partHolonym,screw
head,partHolonym,nail
head,partHolonym,drum
walking,synonym,walk
walking,partMeronym,tread
crease,synonym,fold
crease,hypernym,imprint
crease,synonym,wrinkle
crease,synonym,seam
crease,synonym,line
crease,partHolonym,skin
crease,hypernym,sticker
way,hypernym,property
way,hyponym,drape
way,hyponym,signature
way,hyponym,road
way,hyponym,tooth
way,hyponym,instrument
way,hyponym,tool
way,hyponym,wings
way,hypernym,path
way,hypernym,route
way,hyponym,course
way,synonym,direction
way,hypernym,course
way,synonym,path
way,hypernym,artifact
way,hyponym,path
way,hyponym,route
way,hyponym,lane
way,hyponym,stairway
way,hyponym,staircase
way,hyponym,waterway
way,partMeronym,roadside
way,hyponym,parking
way,hyponym,seating
way,hyponym,seats
way,synonym,room
way,hypernym,distance
way,hypernym,portion
way,hypernym,part
details,hypernym,information
details,hyponym,poop
details,synonym,detail
details,synonym,item
details,synonym,point
details,hypernym,part
details,hypernym,portion
blossoms,hyponym,floret
blossoms,hyponym,bud
blossoms,synonym,flower
blossoms,synonym,bloom
blossoms,synonym,blossom
blossoms,synonym,peak
blossoms,synonym,flush
frames,synonym,frame
frames,partMeronym,spectacles
frames,partMeronym,eyeglasses
frames,partMeronym,glasses
frames,hypernym,photograph
frames,hypernym,photo
frames,hypernym,picture
frames,hypernym,body
frames,hyponym,person
frames,synonym,figure
frames,synonym,shape
frames,partHolonym,person
frames,partHolonym,individual
frames,partHolonym,someone
frames,partHolonym,man
frames,partHolonym,human
frames,hypernym,part
frames,hypernym,section
frames,partMeronym,bottom
frames,partMeronym,top
frames,hypernym,drawing
frames,partHolonym,strip
frames,hypernym,system
frames,synonym,skeleton
frames,hyponym,hoop
frames,partHolonym,ship
frames,partHolonym,building
frames,partHolonym,aircraft
frames,synonym,framing
lighter,hypernym,device
lighter,hyponym,match
lighter,synonym,light
lighter,hypernym,boat
lighter,hyponym,houseboat
lighter,synonym,barge
futon,hypernym,mattress
judge,hypernym,official
judge,hyponym,umpire
deer,hyponym,moose
deer,partMeronym,antler
deer,partMeronym,flag
tissues,hyponym,band
tissues,synonym,tissue
tissues,hypernym,paper
bit,synonym,spot
bit,hyponym,scale
bit,synonym,chip
bit,hypernym,time
bit,hyponym,flash
bit,hypernym,case
bit,synonym,piece
bit,hyponym,curb
bit,partHolonym,bridle
bit,hypernym,unit
bit,hyponym,crumb
bit,hyponym,plug
bit,synonym,bite
bit,hyponym,stopper
bit,synonym,number
bit,synonym,turn
bit,hypernym,part
bit,hypernym,portion
bit,partHolonym,key
knuckles,hypernym,arm
knuckles,synonym,knuckle
knuckles,partHolonym,finger
bagel,hypernym,bun
bagel,hypernym,roll
basil,hypernym,herb
plaid,hypernym,fabric
plaid,hypernym,cloth
plaid,hypernym,material
carvings,hypernym,sculpture
carvings,synonym,carving
carvings,hypernym,art
carvings,hyponym,molding
carvings,hyponym,moulding
carvings,synonym,sculpture
road,hypernym,way
road,hyponym,line
road,hyponym,roadway
road,hyponym,highway
road,hyponym,driveway
road,hyponym,drive
road,hyponym,track
road,synonym,route
road,partMeronym,curve
road,partMeronym,shoulder
road,partMeronym,intersection
road,partMeronym,crossing
road,partMeronym,circle
road,partMeronym,crown
road,partMeronym,crest
monument,hypernym,structure
monument,hypernym,construction
monument,hyponym,plaque
monument,hyponym,headstone
rag,synonym,tag
rag,hypernym,newspaper
rag,hypernym,paper
rag,synonym,sheet
duck,hyponym,duckling
duck,partMeronym,duck
duck,partHolonym,duck
duck,hypernym,fabric
duck,hypernym,cloth
duck,hypernym,material
silverware,hyponym,silver
hotdogs,synonym,hotdog
hotdogs,hypernym,sandwich
hotdogs,partMeronym,hotdog
hotdogs,partMeronym,dog
hotdogs,hypernym,sausage
hotdogs,synonym,dog
hotdogs,partHolonym,hotdog
photo,hyponym,stereo
photo,hyponym,snap
photo,hyponym,shot
photo,hyponym,scene
photo,hyponym,frame
photo,hyponym,print
photo,hyponym,cheesecake
photo,synonym,photograph
photo,synonym,picture
dial,hypernym,face
dial,hypernym,control
dial,hypernym,controller
dial,hypernym,indicator
sails,synonym,sail
sails,synonym,canvas
sails,synonym,sheet
sails,hypernym,structure
sails,hypernym,construction
earrings,hypernym,jewelry
earrings,synonym,earring
vegetation,hypernym,collection
vegetation,hyponym,brush
vegetation,hyponym,shrubbery
vegetation,hyponym,forest
vegetation,hyponym,wood
vegetation,hyponym,woods
vegetation,hyponym,growth
vegetation,hyponym,stand
vegetation,hyponym,garden
vegetation,hyponym,bush
vegetation,hypernym,growth
computers,hypernym,machine
computers,hyponym,server
computers,hyponym,website
computers,synonym,computer
computers,partMeronym,storage
computers,partMeronym,store
computers,partMeronym,hardware
computers,partMeronym,keyboard
computers,partMeronym,monitor
computers,partMeronym,chip
computers,partMeronym,bus
computers,partHolonym,platform
computers,synonym,calculator
over,hypernym,part
over,hypernym,section
canopies,hypernym,covering
canopies,synonym,canopy
canopies,partHolonym,cockpit
canopies,hypernym,fabric
canopies,hypernym,cloth
canopies,hypernym,material
canopies,partHolonym,parachute
canopies,hypernym,shelter
canopies,hyponym,umbrella
canopies,hyponym,marquee
canopies,hyponym,awning
rib,hypernym,support
rib,hyponym,thread
rib,partHolonym,umbrella
rib,partHolonym,hull
rib,partHolonym,wing
rib,hypernym,bone
rib,hypernym,cut
rib,hypernym,structure
rib,hyponym,shaft
rib,hyponym,vein
rib,hypernym,molding
rib,hypernym,moulding
sculpture,hyponym,bust
sculpture,hyponym,statue
sculpture,hyponym,marble
sculpture,hyponym,carving
sculpture,hyponym,mobile
sculpture,hyponym,mold
sculpture,hyponym,molding
sculpture,hyponym,moulding
sculpture,hypernym,art
sculpture,synonym,carving
barricades,hypernym,barrier
barricades,synonym,barricade
artwork,hyponym,drawing
artwork,synonym,art
artwork,synonym,graphics
patterns,hypernym,structure
patterns,hyponym,strand
patterns,hyponym,grid
patterns,synonym,shape
patterns,synonym,pattern
patterns,hypernym,decoration
patterns,hypernym,ornament
patterns,hyponym,marking
patterns,hyponym,device
patterns,hyponym,tattoo
patterns,hyponym,decal
patterns,hyponym,emblem
patterns,synonym,design
patterns,synonym,figure
patterns,hypernym,model
patterns,hypernym,path
patterns,hypernym,route
braid,hypernym,trimming
braid,hypernym,trim
equipment,hyponym,gear
equipment,hyponym,material
equipment,hyponym,satellite
port,hyponym,harbor
port,hypernym,opening
port,hypernym,side
bulls,hypernym,cattle
bulls,hypernym,cows
bulls,hypernym,oxen
bulls,synonym,bull
bulls,partMeronym,horn
bulls,hypernym,man
bulls,hypernym,policeman
bulls,hypernym,officer
bulls,synonym,cop
bulls,synonym,pig
bulls,hypernym,person
bulls,hypernym,individual
bulls,hypernym,someone
bulls,hypernym,center
bulls,partHolonym,target
bulls,partHolonym,mark
vein,hypernym,formation
vein,hypernym,rib
human,hyponym,man
human,synonym,man
human,partMeronym,figure
human,partMeronym,shape
human,partMeronym,frame
human,partMeronym,face
human,partMeronym,foot
human,partMeronym,hand
human,partMeronym,mitt
human,partMeronym,paw
human,partMeronym,arm
human,partMeronym,mane
tights,hypernym,hose
hamper,hyponym,chains
hamper,hyponym,cuff
hamper,hypernym,basket
feeder,hyponym,diner
feeder,hyponym,mouth
feeder,hypernym,branch
feeder,hypernym,machine
feeder,hypernym,device
feeder,hypernym,animal
footwear,hypernym,clothing
footwear,hyponym,hose
footwear,hypernym,covering
footwear,hyponym,slipper
footwear,hyponym,boot
footwear,hyponym,flats
footwear,hyponym,shoe
footwear,partMeronym,sole
footwear,partMeronym,toe
faces,hyponym,mug
faces,synonym,face
faces,partMeronym,jaw
faces,partMeronym,chin
faces,partMeronym,cheek
faces,partMeronym,eye
faces,partMeronym,eyebrow
faces,partMeronym,brow
faces,partMeronym,beard
faces,partMeronym,whiskers
faces,partMeronym,forehead
faces,partMeronym,mouth
faces,partMeronym,nose
faces,partHolonym,head
faces,partHolonym,man
faces,partHolonym,human
faces,hyponym,light
faces,synonym,expression
faces,hypernym,surface
faces,partHolonym,racket
faces,partHolonym,racquet
faces,hypernym,person
faces,hypernym,individual
faces,hypernym,someone
faces,hyponym,top
faces,hyponym,front
faces,hyponym,bottom
faces,hyponym,underside
faces,hyponym,rear
faces,hyponym,backside
faces,synonym,side
faces,hyponym,muzzle
faces,partHolonym,animal
faces,hypernym,front
faces,hyponym,dial
faces,partHolonym,watch
faces,synonym,font
faces,synonym,case
faces,synonym,cheek
cycle,synonym,round
cycle,synonym,bicycle
cycle,synonym,bike
cycle,synonym,wheel
cycle,partMeronym,chain
cycle,partMeronym,handlebar
cycle,partMeronym,saddle
cycle,partMeronym,kickstand
cycle,partMeronym,pedal
crib,synonym,cot
crib,synonym,pony
crib,hypernym,bin
crib,partHolonym,crib
crib,hypernym,cards
crib,partMeronym,crib
pen,hypernym,enclosure
pen,hyponym,fold
pen,hyponym,corral
pen,hypernym,swan
thumbnail,hypernym,fingernail
thumbnail,partHolonym,thumb
steer,hypernym,direction
steer,synonym,tip
steer,synonym,lead
steer,synonym,wind
steer,hypernym,male
steer,hypernym,cattle
steer,hypernym,cows
steer,hypernym,oxen
easel,hypernym,tripod
picture,hyponym,graphic
picture,hyponym,reflection
picture,hyponym,foil
picture,synonym,image
picture,synonym,icon
picture,hyponym,mural
picture,hyponym,cityscape
picture,hyponym,icon
picture,hyponym,landscape
picture,synonym,painting
picture,hypernym,image
picture,synonym,scene
picture,hypernym,product
picture,hypernym,show
picture,synonym,movie
picture,partMeronym,credit
picture,partMeronym,scene
picture,partMeronym,shot
picture,synonym,video
picture,partHolonym,television
picture,partHolonym,video
picture,hyponym,portrait
picture,hyponym,stereo
picture,hyponym,snap
picture,hyponym,shot
picture,hyponym,scene
picture,hyponym,frame
picture,hyponym,print
picture,hyponym,cheesecake
picture,synonym,photograph
picture,synonym,photo
wreath,hyponym,crown
wreath,synonym,garland
wreath,synonym,lei
curtain,hypernym,blind
curtain,hypernym,screen
curtain,hyponym,drop
curtain,synonym,drape
curtain,synonym,mantle
curtain,hypernym,barrier
containers,hyponym,vessel
containers,hyponym,bank
containers,hyponym,wastebasket
containers,hyponym,bag
containers,hyponym,handbag
containers,hyponym,pocketbook
containers,hyponym,purse
containers,hyponym,case
containers,hyponym,bin
containers,hyponym,pot
containers,hyponym,flowerpot
containers,hyponym,cup
containers,hyponym,canister
containers,hyponym,cannister
containers,hyponym,tin
containers,hyponym,spoon
containers,hyponym,dispenser
containers,hyponym,can
containers,hyponym,trough
containers,hyponym,basket
containers,hyponym,box
containers,hyponym,shaker
containers,hyponym,package
containers,hyponym,bowl
containers,hyponym,receptacle
containers,hyponym,dish
containers,hyponym,cylinder
containers,hyponym,drawer
containers,hyponym,empty
containers,hyponym,envelope
containers,hyponym,glass
containers,hyponym,pan
containers,hyponym,mold
containers,hyponym,cast
containers,synonym,container
spires,hypernym,tower
spires,synonym,steeple
spires,synonym,spire
lantern,hypernym,lamp
stand,hypernym,support
stand,synonym,base
stand,synonym,pedestal
stand,hypernym,place
stand,hypernym,vegetation
stand,hypernym,table
stand,hyponym,tripod
stand,synonym,rack
stand,hypernym,stop
stand,hyponym,cityscape
stand,hyponym,landscape
stand,hypernym,booth
stand,synonym,stall
stand,hyponym,bleachers
stand,partHolonym,park
stand,partHolonym,stadium
stand,partHolonym,bowl
stand,partHolonym,arena
stand,hypernym,platform
system,hyponym,exhaust
system,hyponym,scaffolding
system,hypernym,group
system,hyponym,structure
system,hyponym,machinery
system,hyponym,body
system,hyponym,frame
system,hypernym,structure
system,hyponym,lattice
system,hyponym,calendar
system,hyponym,design
system,synonym,arrangement
system,hyponym,skeleton
siding,hypernym,railroad
siding,hypernym,railway
cantaloupe,partMeronym,cantaloupe
cantaloupe,partHolonym,cantaloupe
pear,partHolonym,pear
pear,partMeronym,pear
construction,synonym,building
construction,synonym,expression
construction,hypernym,artifact
construction,hyponym,arch
construction,hyponym,floor
construction,hyponym,level
construction,hyponym,story
construction,hyponym,balcony
construction,hyponym,platform
construction,hyponym,cross
construction,hyponym,building
construction,hyponym,porch
construction,hyponym,shelter
construction,hyponym,column
construction,hyponym,pillar
construction,hyponym,hangar
construction,hyponym,mound
construction,hyponym,hill
construction,hyponym,hull
construction,hyponym,corner
construction,hyponym,bridge
construction,hyponym,monument
construction,hyponym,landing
construction,hyponym,stadium
construction,hyponym,bowl
construction,hyponym,arena
construction,hyponym,tower
construction,hyponym,area
construction,hyponym,door
construction,hyponym,partition
construction,hyponym,divider
construction,hyponym,housing
construction,hyponym,sail
construction,hyponym,fountain
construction,hyponym,body
construction,hyponym,coil
construction,hyponym,signboard
construction,hyponym,sign
construction,synonym,structure
construction,partMeronym,plate
construction,partMeronym,foundation
construction,partMeronym,base
construction,partMeronym,foot
construction,hypernym,business
construction,partMeronym,painting
construction,partMeronym,plumbing
construction,partMeronym,roofing
ducks,hyponym,duckling
ducks,synonym,duck
ducks,partMeronym,duck
ducks,partHolonym,duck
ducks,hypernym,fabric
ducks,hypernym,cloth
ducks,hypernym,material
cigarette,hypernym,smoke
cigarette,hyponym,joint
cigarette,hyponym,stick
cigarette,synonym,butt
arms,hyponym,hardware
arms,partMeronym,arm
arms,partMeronym,crest
arms,hypernym,limb
arms,synonym,arm
arms,partMeronym,wrist
arms,partMeronym,hand
arms,partMeronym,mitt
arms,partMeronym,paw
arms,partMeronym,forearm
arms,partMeronym,elbow
arms,partHolonym,body
arms,partHolonym,man
arms,partHolonym,human
arms,synonym,branch
arms,synonym,limb
arms,hypernym,instrument
arms,hyponym,bow
arms,hyponym,gun
arms,hyponym,knuckles
arms,hyponym,missile
arms,hyponym,knife
arms,hyponym,spear
arms,hyponym,shaft
arms,hyponym,sword
arms,hyponym,blade
arms,hyponym,brand
arms,hyponym,steel
arms,partHolonym,arms
arms,hypernym,armrest
arms,partHolonym,armchair
arms,synonym,sleeve
arms,partMeronym,cuff
arms,partMeronym,wristband
arms,partHolonym,garment
rose,hypernym,shrub
rose,hypernym,bush
rose,partMeronym,hip
rose,hypernym,wine
rose,hypernym,pink
eye,partMeronym,eyeball
eye,partMeronym,orb
eye,partMeronym,eyelid
eye,partMeronym,lid
eye,partMeronym,lens
eye,partHolonym,face
eye,hypernym,area
eye,hypernym,country
eye,hyponym,seat
eye,synonym,center
eye,synonym,middle
eye,synonym,heart
eye,hypernym,hole
eye,partHolonym,needle
brick,hypernym,ceramic
pull,hyponym,drawing
pull,hypernym,device
pull,synonym,wrench
pull,partHolonym,smoke
framing,synonym,frame
zippers,hypernym,fastener
zippers,synonym,zipper
zippers,partHolonym,trouser
zippers,partHolonym,pant
zippers,partHolonym,cardigan
zippers,partHolonym,dress
zippers,partHolonym,skirt
mayonnaise,hypernym,dressing
mayonnaise,synonym,mayo
cable,hypernym,wire
cable,hypernym,conductor
cable,synonym,line
cable,partHolonym,cable
cable,hypernym,rope
cable,hypernym,television
cable,hypernym,video
cable,partMeronym,cable
cable,partMeronym,line
remote,hypernym,device
cell,hypernym,compartment
cell,synonym,cellphone
cell,hypernym,room
cell,synonym,cubicle
cell,hyponym,cooler
cell,hyponym,tank
toes,synonym,toe
toes,partMeronym,toenail
toes,partHolonym,foot
toes,hypernym,covering
toes,partHolonym,footwear
toes,partHolonym,hoof
toes,hypernym,part
toes,hypernym,portion
pizza,hypernym,dish
earphones,synonym,headphone
earphones,synonym,phone
student,synonym,pupil
w,hypernym,metal
w,hypernym,letter
herbs,hyponym,dock
herbs,hyponym,vegetable
herbs,hyponym,lettuce
herbs,hyponym,eggplant
herbs,hyponym,plantain
herbs,hyponym,basil
herbs,hyponym,strawberry
herbs,hyponym,cilantro
herbs,hyponym,tomato
herbs,hyponym,celery
herbs,hyponym,pineapple
herbs,hyponym,banana
herbs,hyponym,rocket
herbs,hyponym,arugula
herbs,hyponym,asparagus
herbs,hyponym,parsley
herbs,hyponym,clover
herbs,hyponym,dandelion
herbs,hyponym,carrot
herbs,synonym,herb
herbs,partMeronym,vegetable
herbs,partMeronym,veggie
herbs,hypernym,seasoning
herbs,hyponym,tea
herbs,hyponym,chives
view,hyponym,forefront
view,hyponym,light
view,hyponym,background
view,hyponym,ground
view,hyponym,coast
view,hyponym,foreground
view,synonym,scene
view,hypernym,range
view,hyponym,eyes
view,hyponym,pole
view,hypernym,message
view,hypernym,substance
view,hyponym,side
view,hypernym,design
view,hypernym,compass
view,synonym,horizon
wineglass,hypernym,glass
wineglass,partMeronym,stem
shot,hypernym,missile
shot,hyponym,grape
shot,hyponym,ball
shot,partHolonym,canister
shot,hyponym,break
shot,hyponym,swing
shot,hyponym,cut
shot,synonym,crack
shot,hyponym,gun
shot,hypernym,photograph
shot,hypernym,photo
shot,hypernym,picture
shot,synonym,scene
shot,partHolonym,movie
shot,partHolonym,picture
shot,synonym,shaft
shot,synonym,snap
wave,hypernym,motion
wave,hyponym,surf
wave,hyponym,wake
wave,hyponym,ripple
wave,hyponym,roller
wave,hyponym,roll
wave,hyponym,lift
wave,hyponym,flap
wave,hypernym,curve
wave,hypernym,weather
wave,hypernym,woman
spoke,hypernym,support
spoke,synonym,rung
spoke,partHolonym,ladder
baseball,hyponym,ball
baseball,hyponym,softball
baseball,hypernym,ball
pedestrian,hyponym,stroller
pedestrian,synonym,walker
hammer,partMeronym,head
shield,hypernym,protection
shield,hyponym,plate
shield,hyponym,scale
shield,hyponym,shell
shield,synonym,shell
shield,partHolonym,turtle
bloom,hyponym,floret
bloom,hyponym,bud
bloom,synonym,flower
bloom,synonym,blossom
bloom,synonym,flush
bloom,synonym,peak
nozzle,hypernym,spout
nozzle,hyponym,showerhead
nozzle,synonym,nose
nozzle,hypernym,nose
nozzle,synonym,beak
nozzle,synonym,snout
garment,hypernym,clothing
garment,hyponym,vest
garment,hyponym,skirt
garment,hyponym,suit
garment,hyponym,trouser
garment,hyponym,pant
garment,hyponym,gown
garment,hyponym,laundry
garment,hyponym,diaper
garment,hyponym,napkin
garment,hyponym,jumpsuit
garment,hyponym,robe
garment,hyponym,hose
garment,hyponym,shirt
garment,hyponym,sweater
garment,hyponym,jumper
garment,hyponym,weeds
garment,hyponym,scarf
garment,hyponym,fur
garment,hyponym,swimsuit
garment,hyponym,veil
garment,partMeronym,skirt
garment,partMeronym,shoulder
garment,partMeronym,liner
garment,partMeronym,lining
garment,partMeronym,pocket
garment,partMeronym,neck
garment,partMeronym,sleeve
garment,partMeronym,arm
garment,partMeronym,band
garment,partMeronym,stripe
magazines,synonym,magazine
magazines,hypernym,product
magazines,partHolonym,camera
magazines,hypernym,storage
magazines,hypernym,store
magazines,synonym,clip
magazines,partHolonym,gun
meatball,hypernym,dish
seats,hypernym,room
seats,hypernym,way
seats,hyponym,circle
seats,hyponym,stall
seats,synonym,seating
seats,hypernym,space
seats,hyponym,perch
seats,synonym,seat
seats,synonym,place
seats,synonym,butt
seats,synonym,backside
seats,synonym,buns
seats,synonym,can
seats,synonym,rear
seats,synonym,rump
seats,synonym,tail
seats,synonym,bottom
seats,synonym,behind
seats,partHolonym,torso
seats,partHolonym,trunk
seats,partHolonym,body
seats,hypernym,furniture
seats,hyponym,box
seats,hyponym,chair
seats,hyponym,sofa
seats,hyponym,couch
seats,hyponym,ottoman
seats,hyponym,bench
seats,hyponym,stool
seats,partMeronym,seat
seats,hypernym,support
seats,hyponym,cockpit
seats,hyponym,saddle
seats,partHolonym,seat
seats,hypernym,center
seats,hypernym,middle
seats,hypernym,heart
seats,hypernym,eye
seats,hypernym,part
seats,hypernym,portion
seats,partHolonym,trouser
seats,partHolonym,pant
seats,partHolonym,skirt
designs,synonym,design
designs,hypernym,arrangement
designs,hypernym,system
designs,synonym,pattern
designs,hypernym,decoration
designs,hypernym,ornament
designs,hyponym,marking
designs,hyponym,device
designs,hyponym,tattoo
designs,hyponym,decal
designs,hyponym,emblem
designs,synonym,figure
designs,hypernym,goal
designs,hypernym,end
designs,hyponym,view
beet,hypernym,vegetable
waterfall,hypernym,water
waterfall,partHolonym,river
ridge,hyponym,bank
ridge,hyponym,ledge
ridge,hyponym,shelf
ridge,hyponym,bar
ridge,hyponym,dune
ridge,hypernym,formation
ridge,hyponym,horseback
ridge,hypernym,beam
mask,hypernym,covering
mask,hypernym,party
mask,hypernym,protection
cameraman,hypernym,photographer
slat,hypernym,strip
slat,hyponym,fin
pillowcase,synonym,case
wake,hypernym,event
wake,hypernym,wave
wake,hypernym,watch
heater,hypernym,device
heater,hyponym,radiator
heater,hyponym,stove
heater,hypernym,pitch
heater,synonym,smoke
cupboards,synonym,cupboard
cupboards,synonym,closet
pig,partMeronym,pork
pig,hypernym,policeman
pig,hypernym,officer
pig,synonym,bull
pig,synonym,cop
pig,hypernym,mold
pig,hypernym,cast
garbage,hypernym,message
garbage,hypernym,substance
garbage,hyponym,trash
garbage,hypernym,receptacle
poles,hypernym,rod
poles,hyponym,mast
poles,synonym,pole
poles,hypernym,view
poles,synonym,perch
poles,synonym,rod
poles,partMeronym,yard
poles,synonym,terminal
poles,partHolonym,battery
poles,hypernym,end
poles,hypernym,terminal
poles,partHolonym,magnet
headboard,hypernym,panel
sign,synonym,mark
sign,hyponym,poster
sign,hyponym,placard
sign,hyponym,notice
sign,hyponym,bill
sign,hyponym,card
sign,hyponym,signpost
sign,hyponym,indicator
sign,hyponym,symbol
sign,hyponym,beam
sign,hyponym,number
sign,hyponym,alarm
sign,synonym,signal
sign,hypernym,structure
sign,hypernym,construction
sign,hyponym,scoreboard
sign,hyponym,billboard
sign,hyponym,shingle
sign,synonym,signboard
sign,hypernym,part
sign,synonym,house
sign,hypernym,grounds
sign,hypernym,motion
bus,synonym,coach
bus,partMeronym,window
bus,partMeronym,roof
bus,hypernym,conductor
bus,partHolonym,computer
bus,hypernym,car
bus,hypernym,automobile
bus,hypernym,machine
highway,hypernym,road
highway,hypernym,route
highway,hyponym,freeway
buildings,hypernym,structure
buildings,hypernym,construction
buildings,hyponym,skyscraper
buildings,hyponym,hotel
buildings,hyponym,hall
buildings,hyponym,gazebo
buildings,hyponym,club
buildings,hyponym,rink
buildings,hyponym,house
buildings,hyponym,restaurant
buildings,hyponym,temple
buildings,hyponym,library
buildings,hyponym,school
buildings,hyponym,center
buildings,synonym,building
buildings,partMeronym,floor
buildings,partMeronym,level
buildings,partMeronym,story
buildings,partMeronym,skeleton
buildings,partMeronym,frame
buildings,partMeronym,stairway
buildings,partMeronym,staircase
buildings,partMeronym,wall
buildings,partMeronym,window
buildings,partMeronym,court
buildings,partMeronym,courtyard
buildings,partMeronym,room
buildings,partMeronym,corner
buildings,partMeronym,shaft
buildings,partMeronym,elevator
buildings,partMeronym,lift
buildings,partMeronym,wing
buildings,partMeronym,hall
buildings,partMeronym,roof
buildings,partMeronym,stud
buildings,synonym,construction
buildings,hypernym,business
buildings,partMeronym,painting
buildings,partMeronym,plumbing
buildings,partMeronym,roofing
scale,hypernym,leaf
scale,hypernym,foliage
scale,hypernym,bit
scale,hypernym,chip
scale,hypernym,indicator
scale,hypernym,shield
scale,hyponym,shoe
scale,synonym,plate
scale,synonym,shell
scale,hypernym,covering
scale,hypernym,cover
fist,hypernym,hand
fist,hypernym,mitt
fist,hypernym,paw
slopes,hypernym,formation
slopes,hyponym,coast
slopes,hyponym,hillside
slopes,hyponym,bank
slopes,hyponym,mountainside
slopes,synonym,slope
slopes,synonym,side
slopes,hyponym,pitch
decals,hypernym,design
decals,hypernym,pattern
decals,hypernym,figure
decals,synonym,decal
bill,hypernym,instrument
bill,partMeronym,rider
bill,hyponym,check
bill,hyponym,tab
bill,synonym,note
bill,hypernym,ad
bill,hypernym,advertisement
bill,hypernym,advertising
bill,synonym,circular
bill,synonym,flyer
bill,hypernym,sign
bill,synonym,poster
bill,synonym,placard
bill,synonym,notice
bill,synonym,card
bill,hyponym,menu
bill,hyponym,card
bill,hypernym,brim
bill,synonym,peak
bill,synonym,visor
bill,hypernym,mouth
bill,synonym,beak
bill,partHolonym,bird
beets,hypernym,vegetable
beets,synonym,beet
minivan,hypernym,car
minivan,hypernym,automobile
minivan,hypernym,machine
moped,hypernym,motorbike
hole,hypernym,opening
hole,hypernym,gap
hole,hyponym,vent
hole,hyponym,keyhole
hole,hyponym,eye
hole,hyponym,cup
hole,hyponym,manhole
hole,hypernym,space
hole,hyponym,pit
hole,hyponym,kettle
hole,hyponym,tunnel
hole,synonym,jam
hole,synonym,pickle
hole,hypernym,mouth
bottom,hypernym,side
bottom,hypernym,face
bottom,hyponym,heel
bottom,hyponym,sole
bottom,hyponym,underbelly
bottom,hyponym,base
bottom,synonym,underside
bottom,hypernym,part
bottom,hyponym,foot
bottom,synonym,butt
bottom,synonym,backside
bottom,synonym,buns
bottom,synonym,can
bottom,synonym,rear
bottom,synonym,rump
bottom,synonym,seat
bottom,synonym,tail
bottom,synonym,behind
bottom,partHolonym,torso
bottom,partHolonym,trunk
bottom,partHolonym,body
bottom,hypernym,turn
bottom,hypernym,round
bottom,partHolonym,frame
bottom,synonym,bed
bottom,hypernym,land
bottom,hypernym,ground
bottom,hypernym,soil
zucchini,partMeronym,zucchini
zucchini,partHolonym,zucchini
windows,hyponym,skylight
windows,synonym,window
windows,partMeronym,sash
windows,partMeronym,casing
windows,partMeronym,case
windows,partMeronym,pane
windows,partMeronym,window
windows,partHolonym,building
windows,hypernym,opening
windows,partHolonym,car
windows,partHolonym,automobile
windows,partHolonym,machine
windows,partHolonym,bus
windows,partHolonym,coach
windows,hypernym,panel
windows,hypernym,gap
windows,hypernym,pane
windows,partHolonym,window
windows,hypernym,display
windows,hyponym,foreground
windows,hyponym,panel
fire,hyponym,smudge
fire,hyponym,battery
fire,hyponym,cover
fire,hyponym,blaze
fire,synonym,flame
fire,hypernym,fireplace
rain,hyponym,shower
dash,hyponym,break
dash,synonym,bolt
whole,hyponym,unit
whole,partMeronym,part
whole,partMeronym,section
whole,hypernym,object
whole,hyponym,artifact
whole,hyponym,item
whole,synonym,unit
whole,partMeronym,portion
moustache,hyponym,toothbrush
moustache,synonym,mustache
moustache,partHolonym,beard
moustache,partHolonym,whiskers
pencil,partMeronym,rubber
pencil,partMeronym,point
pencil,partMeronym,tip
pencil,partMeronym,peak
pencil,hypernym,figure
donut,synonym,doughnut
towers,hypernym,structure
towers,hypernym,construction
towers,hyponym,silo
towers,hyponym,turret
towers,hyponym,pylon
towers,hyponym,steeple
towers,hyponym,spire
towers,hyponym,lighthouse
towers,synonym,tower
towers,hypernym,shape
towers,synonym,column
towers,synonym,pillar
towers,hypernym,boat
customer,hyponym,trick
cliffs,hypernym,formation
cliffs,synonym,cliff
cliffs,synonym,drop
lego,hypernym,toy
lights,hyponym,glow
lights,hyponym,sunlight
lights,hyponym,sunshine
lights,hyponym,sun
lights,hyponym,beam
lights,hyponym,shaft
lights,hyponym,streamer
lights,hyponym,daylight
lights,synonym,light
lights,hyponym,blinker
lights,hyponym,headlight
lights,hyponym,headlamp
lights,hyponym,sconce
lights,hypernym,view
lights,hypernym,scene
lights,hypernym,friend
lights,synonym,lighting
lights,hypernym,expression
lights,hypernym,face
lights,hyponym,stoplight
lights,hypernym,device
lights,hyponym,match
lights,synonym,lighter
streetlight,hypernym,lamp
streetlight,partMeronym,lamppost
words,hypernym,language
words,hypernym,text
words,synonym,language
words,synonym,row
words,hypernym,line
words,hyponym,language
words,hyponym,head
words,synonym,word
words,hypernym,information
words,partMeronym,text
cans,hypernym,container
cans,synonym,can
cans,synonym,tin
cans,hypernym,buoy
cans,synonym,butt
cans,synonym,backside
cans,synonym,buns
cans,synonym,rear
cans,synonym,rump
cans,synonym,seat
cans,synonym,tail
cans,synonym,bottom
cans,synonym,behind
cans,partHolonym,torso
cans,partHolonym,trunk
cans,partHolonym,body
cans,synonym,toilet
cans,synonym,commode
cans,synonym,pot
cans,synonym,stool
cans,partHolonym,bathroom
cans,partHolonym,bath
cans,partHolonym,toilet
cans,partHolonym,can
cans,hypernym,room
cans,hyponym,restroom
cans,hyponym,closet
cans,hyponym,head
cans,synonym,bathroom
cans,partMeronym,toilet
cans,partMeronym,can
cans,partMeronym,commode
cans,partMeronym,pot
cans,partMeronym,stool
statue,hypernym,sculpture
day,hyponym,date
day,partMeronym,day
day,partMeronym,daytime
day,partMeronym,daylight
day,partMeronym,night
day,partMeronym,dark
day,hypernym,time
day,synonym,daytime
day,synonym,daylight
day,partHolonym,day
mailbox,hypernym,box
coin,hyponym,medallion
coin,hyponym,crown
coin,hyponym,eagle
coin,partMeronym,head
coin,partMeronym,tail
holding,hyponym,storage
holding,hyponym,things
holding,synonym,property
cameras,synonym,camera
cameras,partMeronym,magazine
cameras,partMeronym,hood
cameras,partMeronym,stop
cameras,partMeronym,shutter
warehouse,hypernym,storage
warehouse,hypernym,store
suitcases,hypernym,baggage
suitcases,hypernym,luggage
suitcases,synonym,bag
suitcases,synonym,grip
suitcases,synonym,suitcase
driver,hyponym,racer
driver,hypernym,worker
driver,hypernym,wood
suspenders,synonym,brace
suspenders,partMeronym,strap
tabletop,hyponym,countertop
tabletop,partHolonym,table
bra,partMeronym,strap
hill,hyponym,mound
hill,hyponym,hammock
hill,partMeronym,hillside
hill,hypernym,structure
hill,hypernym,construction
hill,hyponym,embankment
hill,synonym,mound
hill,partHolonym,diamond
hill,partHolonym,infield
yak,hypernym,ox
lamb,hypernym,meat
racks,hyponym,carrier
racks,synonym,rack
racks,hypernym,cut
racks,synonym,wheel
racks,hypernym,support
racks,hyponym,tripod
racks,synonym,stand
mattress,hypernym,pad
mattress,hyponym,tick
mattress,hyponym,futon
mattress,hyponym,pallet
mattress,partHolonym,bed
pond,hypernym,lake
pond,synonym,pool
rolls,synonym,roll
rolls,hyponym,card
rolls,hypernym,wave
rolls,synonym,roller
rolls,synonym,coil
rolls,synonym,curl
rolls,hypernym,bread
rolls,hyponym,croissant
rolls,hyponym,bagel
rolls,synonym,bun
rolls,hypernym,cylinder
rolls,hyponym,bolt
rolls,hypernym,throw
rolls,synonym,cast
rolls,synonym,bowl
sheets,synonym,sheet
sheets,hypernym,paper
sheets,hyponym,signature
sheets,hyponym,leaf
sheets,hyponym,stamp
sheets,hypernym,shape
sheets,synonym,plane
sheets,hypernym,newspaper
sheets,synonym,rag
sheets,hypernym,artifact
sheets,hyponym,panel
sheets,hyponym,blackboard
sheets,hyponym,chalkboard
sheets,hyponym,plate
sheets,hyponym,board
sheets,hypernym,line
sheets,partHolonym,ship
sheets,synonym,sail
sheets,synonym,canvas
seashell,hypernym,shell
foreleg,partMeronym,elbow
branches,synonym,branch
branches,synonym,arm
branches,hypernym,stalk
branches,hypernym,stem
branches,hyponym,twig
branches,hyponym,limb
branches,partMeronym,bark
branches,hyponym,fork
branches,synonym,leg
branches,hypernym,event
branches,hypernym,stream
branches,hyponym,feeder
branches,synonym,limb
stew,hypernym,dish
loafer,hyponym,trailer
loafer,hypernym,shoe
staircase,hypernym,way
staircase,hyponym,ramp
staircase,hyponym,flight
staircase,hyponym,stairs
staircase,hyponym,steps
staircase,hyponym,escalator
staircase,synonym,stairway
staircase,partMeronym,step
staircase,partMeronym,stair
staircase,partMeronym,landing
staircase,partHolonym,building
terminal,hypernym,station
terminal,synonym,pole
terminal,partHolonym,battery
terminal,hyponym,tip
terminal,hyponym,pole
terminal,hyponym,point
terminal,hyponym,heel
terminal,hyponym,destination
terminal,hyponym,goal
terminal,synonym,end
terminal,partMeronym,keyboard
airplane,hyponym,fighter
airplane,hyponym,jet
airplane,hyponym,airliner
airplane,synonym,aeroplane
airplane,synonym,plane
airplane,partMeronym,fuselage
airplane,partMeronym,windshield
airplane,partMeronym,windscreen
airplane,partMeronym,gun
airplane,partMeronym,wing
airplane,partMeronym,hood
airplane,partMeronym,bonnet
screws,synonym,screw
screws,hypernym,propeller
screws,hypernym,propellor
screws,partHolonym,ship
screws,hypernym,fastener
screws,hyponym,bolt
screws,partMeronym,thread
screws,partMeronym,head
jewelry,hyponym,clip
jewelry,hyponym,pin
jewelry,hyponym,ring
jewelry,hyponym,band
jewelry,hyponym,bead
jewelry,hyponym,necklace
jewelry,hyponym,earring
jewelry,hyponym,bracelet
jewelry,partMeronym,stone
wardrobe,hypernym,furniture
wardrobe,synonym,closet
wardrobe,hypernym,collection
wardrobe,partHolonym,clothing
wardrobe,partHolonym,costume
numerals,hypernym,symbol
numerals,synonym,numeral
numerals,synonym,number
gears,hypernym,wheel
gears,synonym,gear
gears,partMeronym,tooth
gears,synonym,train
gears,partHolonym,engine
gears,hypernym,mechanism
gears,hyponym,park
gears,hypernym,equipment
gears,hyponym,outfit
hardwood,hypernym,wood
haze,synonym,fog
pack,hypernym,collection
pack,hyponym,deck
pack,hypernym,package
pack,hyponym,nest
pack,synonym,ring
pack,hypernym,set
pack,hypernym,circle
pack,hypernym,band
pack,hypernym,lot
pack,hyponym,loop
pack,hypernym,bundle
sunglasses,hypernym,spectacles
sunglasses,hypernym,eyeglasses
sunglasses,hypernym,glasses
sunglasses,synonym,shades
above,hypernym,section
leggings,hypernym,garment
bannister,hypernym,barrier
bannister,synonym,banister
bannister,synonym,handrail
bannister,partMeronym,railing
bannister,partMeronym,rail
bannister,partHolonym,balcony
sprinkles,hypernym,shower
sprinkles,synonym,sprinkle
throw,hyponym,pitch
throw,hyponym,cast
throw,hypernym,motion
throw,hypernym,bedding
throw,hyponym,roll
center,hypernym,area
center,hypernym,country
center,hyponym,seat
center,synonym,middle
center,synonym,heart
center,synonym,eye
center,partHolonym,outfield
center,hypernym,building
center,hypernym,point
center,hyponym,bull
center,hyponym,stuff
center,synonym,substance
center,synonym,meat
center,hypernym,object
center,hypernym,formation
center,hypernym,place
center,hypernym,property
center,hypernym,outlet
center,synonym,plaza
center,synonym,mall
cut,hypernym,portion
cut,hypernym,part
cut,hypernym,step
cut,synonym,slice
cut,hypernym,meat
cut,hyponym,leg
cut,hyponym,side
cut,hyponym,joint
cut,hyponym,rack
cut,hyponym,saddle
cut,hyponym,shin
cut,hyponym,shoulder
cut,hyponym,neck
cut,hyponym,rib
cut,hyponym,steak
cut,synonym,track
cut,hypernym,canal
cut,hypernym,shot
cut,synonym,swing
cut,partHolonym,cards
cut,hypernym,opening
cut,hyponym,section
cut,hyponym,clip
cut,hyponym,trim
cut,hyponym,trimming
cut,hyponym,haircut
destination,hypernym,end
destination,hypernym,terminal
destination,synonym,goal
destination,hypernym,goal
destination,hypernym,direction
destination,synonym,address
destination,partHolonym,letter
laptops,synonym,laptop
umbrella,hypernym,canopy
umbrella,partMeronym,rib
umbrella,partMeronym,panel
umbrella,partMeronym,handle
umbrella,partMeronym,grip
jacket,hypernym,coat
jacket,hyponym,sack
jacket,hyponym,jumper
jacket,hyponym,parka
jacket,hyponym,windbreaker
jacket,hyponym,blazer
jacket,hypernym,wrapping
jacket,hypernym,wrap
jacket,hypernym,wrapper
jacket,synonym,crown
jacket,synonym,cap
jacket,hypernym,peel
jacket,hypernym,skin
jacket,partHolonym,potato
jacket,hypernym,shell
jacket,hypernym,case
jacket,hypernym,casing
night,synonym,dark
night,partHolonym,day
night,hypernym,dark
wrap,synonym,wrapper
wrap,hypernym,sandwich
wrap,partMeronym,tortilla
wrap,hypernym,covering
wrap,hyponym,jacket
wrap,hyponym,envelope
wrap,synonym,wrapping
palm,hypernym,area
palm,partHolonym,hand
palm,partHolonym,mitt
palm,partHolonym,paw
palm,hypernym,tree
palm,hyponym,coconut
palm,hypernym,award
palm,synonym,decoration
palm,synonym,medal
palm,synonym,medallion
palm,synonym,ribbon
conveyor,hypernym,belt
conveyor,hyponym,carousel
conveyor,partHolonym,line
patches,hypernym,marking
patches,hyponym,speck
patches,hyponym,splash
patches,hyponym,plaque
patches,synonym,spot
patches,synonym,patch
patches,hyponym,garden
patches,hyponym,bed
patches,hyponym,flash
patches,hypernym,time
patches,hyponym,snap
patches,synonym,piece
patches,hypernym,connector
patches,hypernym,dressing
patches,hyponym,wrapping
patches,hyponym,cast
patches,hyponym,truss
patches,synonym,bandage
club,synonym,nine
club,synonym,lodge
club,hypernym,stick
club,hyponym,bat
club,hypernym,building
club,hyponym,wood
club,hyponym,iron
club,hypernym,spot
jet,hypernym,airplane
jet,hypernym,aeroplane
jet,hypernym,plane
jet,hyponym,spray
jet,synonym,green
jet,synonym,fountain
mixture,hypernym,substance
mixture,hyponym,metal
mixture,hyponym,stuffing
mixture,hyponym,dressing
mixture,hyponym,filling
mixture,hyponym,batter
mixture,hyponym,dough
mixture,hypernym,collection
mixture,hyponym,range
pitcher,hyponym,fireman
pitcher,hypernym,vessel
pitcher,hyponym,creamer
pitcher,hypernym,leaf
pitcher,hypernym,foliage
pitcher,synonym,mound
parrot,hypernym,bird
parrot,hyponym,parakeet
cart,hypernym,wagon
cart,hyponym,truck
cart,hyponym,wheelbarrow
cart,partMeronym,handle
cart,partMeronym,grip
restroom,hypernym,toilet
restroom,hypernym,can
restroom,hypernym,bathroom
prong,hyponym,tine
prong,partHolonym,buckle
prong,partHolonym,fork
dust,hypernym,trash
dust,synonym,debris
dust,synonym,junk
dust,hypernym,material
dust,hypernym,stuff
dot,hypernym,disk
dot,hypernym,disc
dot,hypernym,saucer
dot,synonym,point
dot,synonym,pane
bridge,hypernym,structure
bridge,hypernym,construction
bridge,hyponym,overpass
bridge,partMeronym,arch
bridge,partMeronym,pier
bridge,partHolonym,nose
bridge,hypernym,cards
bridge,hypernym,support
bridge,hypernym,plate
bridge,hypernym,link
bridge,hypernym,tie
bridge,partHolonym,spectacles
bridge,partHolonym,eyeglasses
bridge,partHolonym,glasses
noodle,hypernym,pasta
noodle,synonym,bean
noodle,synonym,dome
award,hypernym,symbol
award,hyponym,decoration
award,hyponym,medal
award,hyponym,medallion
award,hyponym,palm
award,hyponym,ribbon
award,hyponym,trophy
award,hyponym,pennant
award,hyponym,crown
award,hyponym,seal
award,hyponym,letter
award,hypernym,gift
ribbons,hypernym,object
ribbons,hyponym,blade
ribbons,synonym,ribbon
ribbons,synonym,thread
ribbons,hypernym,award
ribbons,synonym,decoration
ribbons,synonym,medal
ribbons,synonym,medallion
ribbons,synonym,palm
ribbons,hypernym,strip
case,hyponym,piece
case,hyponym,bit
case,hyponym,time
case,hyponym,clip
case,synonym,event
case,synonym,suit
case,hypernym,container
case,hyponym,sleeve
case,hyponym,shoe
case,hyponym,wallet
case,hyponym,pocketbook
case,hyponym,baggage
case,hyponym,luggage
case,hyponym,briefcase
case,hypernym,person
case,hypernym,individual
case,hypernym,someone
case,hypernym,adult
case,synonym,character
case,synonym,font
case,synonym,face
case,hypernym,covering
case,hypernym,cover
case,hypernym,housing
case,hyponym,boot
case,hyponym,jacket
case,synonym,shell
case,synonym,casing
case,partHolonym,doorway
case,partHolonym,door
case,partHolonym,window
case,hypernym,receptacle
case,synonym,pillowcase
pony,hypernym,horse
pony,synonym,crib
pony,hypernym,glass
purse,hypernym,container
purse,synonym,bag
purse,synonym,handbag
purse,synonym,pocketbook
purse,partMeronym,clasp
purse,hypernym,bag
finial,hypernym,decoration
finial,hypernym,ornament
opening,hypernym,space
opening,hyponym,hole
opening,hyponym,crack
opening,hyponym,crevice
opening,hyponym,mouth
opening,hyponym,tear
opening,hyponym,window
opening,hyponym,pocket
opening,synonym,gap
opening,partHolonym,surface
opening,hyponym,cut
opening,hypernym,motion
opening,hyponym,vent
opening,hypernym,artifact
opening,hyponym,slit
opening,hyponym,gap
opening,hyponym,neck
opening,hyponym,port
opening,hyponym,spout
opening,hyponym,lattice
opening,hyponym,grille
opening,hyponym,exit
opening,hyponym,outlet
opening,hyponym,bell
opening,hyponym,muzzle
opening,hypernym,entrance
opening,hypernym,entryway
opening,hypernym,entry
opening,partMeronym,hatch
points,hypernym,ingredient
points,hyponym,intersection
points,synonym,point
points,hyponym,corner
points,hyponym,crossing
points,hyponym,place
points,hyponym,midair
points,hyponym,center
points,hyponym,spot
points,hyponym,root
points,synonym,detail
points,synonym,item
points,hyponym,peak
points,hyponym,top
points,hyponym,plane
points,hyponym,ladder
points,synonym,level
points,synonym,stage
points,hyponym,middle
points,hyponym,date
points,hyponym,end
points,hyponym,distance
points,hypernym,object
points,hypernym,target
points,hyponym,head
points,synonym,tip
points,synonym,peak
points,partHolonym,sword
points,partHolonym,blade
points,partHolonym,brand
points,partHolonym,steel
points,partHolonym,cone
points,partHolonym,pencil
points,partHolonym,knife
points,hypernym,disk
points,hypernym,disc
points,hypernym,saucer
points,synonym,dot
points,hypernym,unit
points,hypernym,head
points,hypernym,part
points,hypernym,portion
points,synonym,spot
points,hypernym,end
points,hypernym,terminal
points,hyponym,spike
points,partHolonym,needle
points,partHolonym,pin
points,hypernym,direction
points,synonym,stop
points,hypernym,mark
points,synonym,head
points,partHolonym,arrow
points,hypernym,muzzle
points,hypernym,outlet
prints,synonym,print
prints,hyponym,footprint
prints,hyponym,step
prints,hyponym,line
prints,synonym,mark
prints,hypernym,fabric
prints,hypernym,cloth
prints,hypernym,material
prints,hypernym,photograph
prints,hypernym,photo
prints,hypernym,picture
prints,hyponym,cutout
scaffolding,hypernym,system
surfers,hypernym,swimmer
surfers,synonym,surfer
surfers,synonym,surfboarder
fighter,hypernym,person
fighter,hypernym,individual
fighter,hypernym,someone
fighter,hyponym,butter
fighter,hypernym,airplane
fighter,hypernym,aeroplane
fighter,hypernym,plane
fighter,hypernym,protector
junk,hypernym,trash
junk,synonym,debris
junk,synonym,dust
junk,hypernym,boat
course,hyponym,shop
course,hyponym,stream
course,synonym,line
course,hypernym,direction
course,hypernym,way
course,hyponym,way
course,hyponym,path
course,hypernym,line
course,hyponym,round
course,hyponym,steps
course,hyponym,belt
course,hyponym,trail
course,synonym,path
course,synonym,track
course,hyponym,section
course,hyponym,dessert
course,partHolonym,meal
course,hypernym,layer
course,hypernym,bed
course,synonym,row
course,partHolonym,wall
course,hyponym,track
studs,hypernym,man
studs,synonym,stud
studs,hypernym,decoration
studs,hypernym,ornament
studs,synonym,rivet
studs,partHolonym,building
polish,hypernym,shine
polish,hyponym,glaze
droppings,hypernym,stool
droppings,hyponym,chip
droppings,synonym,dung
handlebars,hypernym,bar
handlebars,synonym,handlebar
handlebars,partMeronym,handle
handlebars,partMeronym,grip
handlebars,partHolonym,bicycle
handlebars,partHolonym,bike
handlebars,partHolonym,wheel
handlebars,partHolonym,cycle
barrette,hypernym,pin
ivy,hypernym,vine
owner,hyponym,letter
owner,hypernym,person
owner,hypernym,individual
owner,hypernym,someone
owner,hyponym,holder
ruler,hypernym,person
ruler,hypernym,individual
ruler,hypernym,someone
liquid,hyponym,alcohol
liquid,hyponym,beverage
liquid,hyponym,drink
liquid,hyponym,ink
liquid,hyponym,water
liquid,hyponym,liquor
design,hypernym,arrangement
design,hypernym,system
design,synonym,pattern
design,hypernym,decoration
design,hypernym,ornament
design,hyponym,marking
design,hyponym,device
design,hyponym,tattoo
design,hyponym,decal
design,hyponym,emblem
design,synonym,figure
design,hypernym,goal
design,hypernym,end
design,hyponym,view
muzzle,hypernym,opening
muzzle,hyponym,point
muzzle,partHolonym,gun
muzzle,hypernym,face
muzzle,partMeronym,snout
muzzle,partHolonym,head
bands,hyponym,pack
bands,hyponym,party
bands,hyponym,company
bands,synonym,set
bands,synonym,circle
bands,synonym,band
bands,synonym,lot
bands,partMeronym,section
bands,hypernym,stripe
bands,hypernym,streak
bands,hypernym,bar
bands,hyponym,collar
bands,synonym,stripe
bands,partHolonym,garment
bands,hypernym,range
bands,hypernym,strip
bands,hyponym,sweatband
bands,hyponym,strap
bands,hyponym,headband
bands,hyponym,wristband
bands,hyponym,armband
bands,hyponym,hoop
bands,hyponym,ring
bands,hyponym,bracelet
bands,hyponym,sash
bands,hyponym,weed
bands,hypernym,tissue
bands,hypernym,jewelry
bands,synonym,ring
bands,hypernym,belt
bands,hypernym,loop
company,hyponym,number
company,hypernym,set
company,hypernym,circle
company,hypernym,band
company,hypernym,lot
company,synonym,party
company,hypernym,unit
surfer,hypernym,swimmer
surfer,synonym,surfboarder
keys,hypernym,device
keys,synonym,key
keys,partMeronym,stem
keys,partMeronym,bit
keys,hypernym,pitch
keys,hypernym,space
keys,synonym,paint
keys,synonym,headstone
keys,partHolonym,arch
keys,hypernym,lever
keys,hyponym,tab
crust,hypernym,layer
crust,hyponym,plate
crust,hypernym,covering
crust,hypernym,cover
crumb,hypernym,bit
crumb,hypernym,bite
carts,hypernym,wagon
carts,synonym,cart
carts,hyponym,truck
carts,hyponym,wheelbarrow
carts,partMeronym,handle
carts,partMeronym,grip
cupola,hypernym,dome
escalator,hypernym,stairway
escalator,hypernym,staircase
gazelle,hypernym,antelope
needles,synonym,needle
needles,partMeronym,point
needles,partMeronym,eye
bags,hypernym,container
bags,hyponym,pouch
bags,hyponym,saddlebag
bags,hyponym,sack
bags,hyponym,skin
bags,hyponym,backpack
bags,hyponym,envelope
bags,hyponym,purse
bags,synonym,bag
bags,hyponym,home
bags,hyponym,plate
bags,synonym,base
bags,partHolonym,diamond
bags,partHolonym,infield
bags,synonym,handbag
bags,synonym,pocketbook
bags,synonym,purse
bags,partMeronym,clasp
bags,hypernym,baggage
bags,hypernym,luggage
bags,synonym,grip
bags,synonym,suitcase
bags,synonym,udder
bags,partHolonym,cow
bags,synonym,dish
sandals,hypernym,shoe
sandals,synonym,sandal
petals,synonym,petal
pole,hypernym,rod
pole,hyponym,mast
pole,hypernym,view
pole,synonym,perch
pole,synonym,rod
pole,partMeronym,yard
pole,synonym,terminal
pole,partHolonym,battery
pole,hypernym,end
pole,hypernym,terminal
pole,partHolonym,magnet
foreground,hypernym,view
foreground,hypernym,scene
foreground,hypernym,window
foreground,partHolonym,screen
harbor,hypernym,port
harbor,partMeronym,dock
harbor,partMeronym,landing
blinker,hypernym,light
blinker,hypernym,blind
blinker,hypernym,screen
blinker,synonym,blinder
fish,partMeronym,fin
fish,hypernym,food
fish,hyponym,salmon
fish,hypernym,person
fish,hypernym,individual
fish,hypernym,someone
suit,hypernym,garment
suit,synonym,case
covering,hyponym,shell
covering,hyponym,case
covering,hyponym,crust
covering,hyponym,envelope
covering,hyponym,blanket
covering,hyponym,mantle
covering,hyponym,hood
covering,hyponym,cap
covering,hyponym,bark
covering,hyponym,scale
covering,hyponym,roof
covering,synonym,cover
covering,hypernym,artifact
covering,hyponym,footwear
covering,hyponym,screen
covering,hyponym,cover
covering,hyponym,coat
covering,hyponym,toe
covering,hyponym,finger
covering,hyponym,protection
covering,hyponym,top
covering,hyponym,drape
covering,hyponym,bubble
covering,hyponym,wrapping
covering,hyponym,wrap
covering,hyponym,wrapper
covering,hyponym,clothing
covering,hyponym,mask
covering,hyponym,casing
covering,hyponym,flap
covering,hyponym,folder
covering,hyponym,thumb
covering,hyponym,canopy
covering,hypernym,protection
covering,hyponym,dressing
covering,hyponym,painting
covering,hyponym,lining
ambulance,hypernym,car
ambulance,hypernym,automobile
ambulance,hypernym,machine
money,hyponym,bread
money,hyponym,cabbage
money,hyponym,dough
money,hyponym,kale
money,hyponym,lettuce
money,hyponym,scratch
money,hyponym,sugar
money,hyponym,pile
money,hyponym,bundle
shells,synonym,shell
shells,synonym,shield
shells,partHolonym,turtle
shells,hypernym,hull
shells,hypernym,covering
shells,hypernym,cover
shells,partHolonym,egg
shells,partHolonym,eggs
shells,hypernym,housing
shells,hyponym,boot
shells,hyponym,jacket
shells,synonym,case
shells,synonym,casing
shells,hypernym,shield
shells,hyponym,shoe
shells,synonym,plate
shells,synonym,scale
shells,hyponym,valve
shells,hyponym,seashell
shops,hypernym,outlet
shops,hyponym,booth
shops,hyponym,bakery
shops,synonym,shop
shops,synonym,store
shops,partMeronym,storefront
shops,hypernym,work
shops,hyponym,pottery
shops,hypernym,course
scene,hypernym,area
scene,hypernym,country
scene,hyponym,light
scene,hyponym,dark
scene,hyponym,shadow
scene,hyponym,stage
scene,hyponym,background
scene,hyponym,ground
scene,hyponym,coast
scene,hyponym,foreground
scene,synonym,view
scene,hypernym,photograph
scene,hypernym,photo
scene,hypernym,picture
scene,synonym,shot
scene,partHolonym,movie
scene,partHolonym,picture
scene,synonym,picture
scene,synonym,setting
scene,hypernym,set
scene,hyponym,flat
scene,hyponym,backdrop
scene,synonym,scenery
padlock,hypernym,lock
exit,hypernym,opening
exit,synonym,outlet
mustard,hypernym,condiment
turtleneck,hypernym,jersey
turtleneck,hypernym,sweater
turtleneck,hypernym,jumper
turtleneck,synonym,turtle
outside,hypernym,part
outside,hyponym,outdoors
outside,hyponym,open
outside,synonym,exterior
outside,hypernym,surface
butt,hypernym,part
butt,hypernym,portion
butt,synonym,goat
butt,synonym,backside
butt,synonym,buns
butt,synonym,can
butt,synonym,rear
butt,synonym,rump
butt,synonym,seat
butt,synonym,tail
butt,synonym,bottom
butt,synonym,behind
butt,partHolonym,torso
butt,partHolonym,trunk
butt,partHolonym,body
butt,synonym,target
butt,hypernym,smoke
butt,hyponym,joint
butt,hyponym,stick
butt,synonym,cigarette
butt,hypernym,joint
butt,hypernym,barrel
waiter,synonym,server
waiter,hypernym,person
waiter,hypernym,individual
waiter,hypernym,someone
tables,hyponym,calendar
tables,synonym,table
tables,hypernym,furniture
tables,hyponym,booth
tables,hyponym,dresser
tables,hyponym,vanity
tables,hyponym,console
tables,hyponym,counter
tables,hyponym,desk
tables,hyponym,stand
tables,partMeronym,leg
tables,partMeronym,tabletop
tables,hyponym,board
tables,synonym,board
reflector,hypernym,device
reflector,hyponym,mirror
mirror,hypernym,reflector
mirror,hyponym,glass
moon,hypernym,object
moon,hypernym,light
moon,hypernym,satellite
sticker,synonym,spine
sticker,hypernym,label
sticker,hypernym,knife
sticker,hyponym,crease
drink,hypernym,portion
drink,hyponym,toast
drink,hyponym,float
drink,synonym,drinking
drink,hypernym,food
drink,hypernym,liquid
drink,hyponym,mixer
drink,hyponym,cooler
drink,hyponym,coffee
drink,hyponym,chocolate
drink,hyponym,tea
drink,hyponym,alcohol
drink,hyponym,milk
drink,synonym,beverage
drink,hypernym,water
beds,hyponym,couch
beds,hyponym,hammock
beds,hyponym,sack
beds,hyponym,cot
beds,synonym,bed
beds,partMeronym,mattress
beds,partHolonym,bedroom
beds,hypernym,patch
beds,synonym,bottom
beds,synonym,seam
beds,hypernym,artifact
beds,hyponym,lift
beds,hyponym,mount
beds,hyponym,blanket
beds,hyponym,wall
beds,hyponym,tier
beds,hyponym,course
beds,hyponym,row
beds,hyponym,cushion
beds,synonym,layer
beds,hypernym,surface
beds,hypernym,foundation
beds,hypernym,base
beds,hypernym,foot
lead,hypernym,metal
lead,hypernym,grounds
lead,synonym,track
lead,synonym,trail
lead,hypernym,section
lead,hypernym,player
lead,synonym,star
lead,hypernym,place
lead,hypernym,direction
lead,synonym,tip
lead,synonym,steer
lead,synonym,wind
lead,synonym,leash
lead,synonym,tether
lead,hypernym,strip
lead,hypernym,wire
lead,hypernym,jumper
lead,hypernym,turn
lead,partHolonym,cards
shoelaces,hypernym,lace
shoelaces,synonym,shoelace
shoelaces,partHolonym,shoe
mousepad,hypernym,mat
elephant,partMeronym,trunk
elephant,partMeronym,tusk
elephant,hypernym,emblem
braids,synonym,braid
braids,hypernym,trimming
braids,hypernym,trim
satellite,hypernym,equipment
satellite,hyponym,moon
beads,hypernym,string
beads,hypernym,jewelry
beads,synonym,bead
beads,hypernym,sphere
beads,synonym,drop
beads,synonym,pearl
beads,hypernym,molding
beads,hypernym,moulding
plumbing,partHolonym,construction
plumbing,partHolonym,building
bracelet,hypernym,band
bracelet,synonym,wristband
bracelet,hypernym,jewelry
bracelet,partMeronym,clasp
rainbow,hypernym,bow
rainbow,partHolonym,sky
tires,hypernym,hoop
tires,hypernym,ring
tires,synonym,tire
tires,synonym,tyre
chariot,hypernym,carriage
spokes,hypernym,support
spokes,synonym,spoke
spokes,synonym,rung
spokes,partHolonym,ladder
headband,hypernym,band
wedge,hypernym,triangle
wedge,hypernym,sandwich
wedge,synonym,grinder
wedge,synonym,sub
wedge,hypernym,heel
wedge,hypernym,iron
wedge,hypernym,block
brow,synonym,forehead
brow,partHolonym,face
brow,hypernym,hair
brow,synonym,eyebrow
brow,hypernym,peak
brow,hypernym,crown
brow,hypernym,crest
brow,hypernym,top
brow,hypernym,tip
brow,synonym,hilltop
rows,hypernym,line
rows,hyponym,terrace
rows,synonym,row
rows,synonym,words
rows,hypernym,strip
rows,hypernym,layer
rows,hypernym,bed
rows,synonym,course
rows,partHolonym,wall
rows,hyponym,crab
rows,partMeronym,feather
beams,hypernym,signal
beams,hypernym,sign
beams,synonym,beam
beams,hypernym,piece
beams,hyponym,rafter
beams,hyponym,ridge
beams,hyponym,tie
beams,hyponym,shore
beams,hypernym,light
beams,synonym,shaft
beams,hypernym,side
label,hypernym,brand
label,hypernym,marker
label,hypernym,marking
label,hypernym,mark
label,hyponym,tag
label,hyponym,sticker
label,hyponym,ticket
swirls,synonym,swirl
fixture,hypernym,artifact
freezer,hypernym,fridge
jersey,hypernym,shirt
jersey,hyponym,turtleneck
jersey,hyponym,turtle
slacks,hypernym,trouser
slacks,hypernym,pant
slacks,hypernym,debris
slacks,hypernym,dust
slacks,hypernym,junk
slacks,hypernym,cord
stickers,synonym,spine
stickers,synonym,sticker
stickers,hypernym,label
stickers,hypernym,knife
stickers,hyponym,crease
machine,hypernym,device
machine,hyponym,machinery
machine,hyponym,calculator
machine,hyponym,stapler
machine,hyponym,shovel
machine,hyponym,stamp
machine,hyponym,motor
machine,hyponym,calender
machine,hyponym,feeder
machine,hyponym,computer
machine,hyponym,printer
machine,hypernym,person
machine,hypernym,individual
machine,hypernym,someone
machine,hyponym,wheel
machine,hyponym,block
machine,hyponym,lever
machine,hyponym,convertible
machine,hyponym,wagon
machine,hyponym,jeep
machine,hyponym,hatchback
machine,hyponym,sedan
machine,hyponym,cab
machine,hyponym,taxi
machine,hyponym,racer
machine,hyponym,minivan
machine,hyponym,bus
machine,hyponym,ambulance
machine,synonym,car
machine,synonym,automobile
machine,partMeronym,bumper
machine,partMeronym,window
machine,partMeronym,fin
machine,partMeronym,hood
machine,partMeronym,bonnet
machine,partMeronym,trunk
machine,partMeronym,roof
machine,partMeronym,horn
machine,partMeronym,fender
machine,partMeronym,wing
machine,partMeronym,grille
machine,partMeronym,gun
knees,synonym,knee
knees,partHolonym,leg
knees,hypernym,joint
doily,hypernym,linen
image,hyponym,picture
image,hyponym,graphic
image,hyponym,reflection
image,hyponym,foil
image,synonym,picture
image,synonym,icon
image,hypernym,model
image,synonym,figure
image,hypernym,person
image,hypernym,individual
image,hypernym,someone
image,hypernym,set
image,synonym,range
molding,hypernym,decoration
molding,hypernym,ornament
molding,hyponym,thumb
molding,hyponym,bead
molding,hyponym,baseboard
molding,hyponym,rib
molding,synonym,moulding
molding,hypernym,edge
molding,synonym,border
molding,hypernym,sculpture
molding,synonym,mold
molding,hypernym,carving
binder,hypernym,protection
handkerchief,hyponym,bandanna
handkerchief,hyponym,bandana
crowd,hyponym,flock
crowd,hyponym,jam
crowd,synonym,bunch
member,hypernym,part
member,hypernym,portion
member,hyponym,claw
member,hyponym,fin
member,hyponym,limb
member,hypernym,unit
member,hyponym,shaft
member,hyponym,tool
bagels,hypernym,bun
bagels,hypernym,roll
bagels,synonym,bagel
windshields,hypernym,screen
windshields,synonym,windshield
windshields,synonym,windscreen
windshields,partHolonym,airplane
windshields,partHolonym,aeroplane
windshields,partHolonym,plane
windshields,partHolonym,motorboat
column,hypernym,tube
column,hypernym,tubing
column,hypernym,shape
column,synonym,tower
column,synonym,pillar
column,partHolonym,newspaper
column,partHolonym,paper
column,hypernym,structure
column,hypernym,construction
column,hyponym,pile
column,partMeronym,pedestal
column,partMeronym,shaft
column,partMeronym,cap
column,partHolonym,temple
column,hypernym,text
pepper,partMeronym,pepper
pepper,hypernym,shrub
pepper,hypernym,bush
pepper,hyponym,jalapeno
pepper,hypernym,seasoning
pepper,partHolonym,pepper
grove,hypernym,forest
grove,hypernym,wood
grove,hypernym,woods
grove,hypernym,garden
wine,hypernym,alcohol
wine,hyponym,rose
trophy,hypernym,award
trophy,hyponym,silver
trophy,hyponym,cup
scar,hypernym,blemish
scar,synonym,scratch
scar,synonym,mark
hut,hypernym,shelter
hut,synonym,hutch
hut,synonym,shack
haircut,hyponym,mohawk
haircut,hypernym,cut
advertisement,hypernym,packaging
advertisement,hyponym,circular
advertisement,hyponym,bill
advertisement,hyponym,flyer
advertisement,hyponym,trailer
advertisement,synonym,ad
advertisement,synonym,advertising
banister,hypernym,barrier
banister,synonym,bannister
banister,synonym,handrail
banister,partMeronym,railing
banister,partMeronym,rail
banister,partHolonym,balcony
group,hyponym,man
group,hyponym,race
group,hyponym,arrangement
group,hyponym,people
group,hyponym,system
group,hyponym,collection
group,hyponym,cloud
group,hypernym,unit
group,hypernym,set
wagon,hyponym,cart
wagon,hyponym,lorry
wagon,hyponym,tram
wagon,hypernym,van
wagon,hypernym,car
wagon,hypernym,automobile
wagon,hypernym,machine
wagon,partMeronym,tailgate
rice,hypernym,grain
rice,hypernym,cereal
space,hyponym,space
space,hyponym,opening
space,hyponym,gap
space,hyponym,hole
space,hyponym,pocket
space,hyponym,enclosure
space,hyponym,compartment
space,hypernym,area
space,hypernym,country
space,hyponym,key
space,hyponym,paint
space,hyponym,seat
space,hyponym,place
space,hypernym,space
space,hypernym,character
space,synonym,distance
space,hyponym,indentation
space,hyponym,indent
space,synonym,place
cone,hypernym,artifact
cone,partMeronym,point
cone,partMeronym,tip
cone,partMeronym,peak
marker,hypernym,artifact
marker,hypernym,symbol
marker,hyponym,spot
marker,hyponym,peg
marker,hyponym,pin
marker,hyponym,brand
marker,hyponym,watermark
marker,hyponym,label
marker,synonym,marking
marker,synonym,mark
marker,hyponym,highlighter
mortar,hypernym,vessel
land,hypernym,object
land,hyponym,bottom
land,hyponym,turf
land,synonym,ground
land,synonym,soil
land,partHolonym,country
land,partHolonym,land
land,hyponym,plain
land,hyponym,field
land,hyponym,island
land,hyponym,forest
land,hyponym,floor
land,hyponym,cape
land,hyponym,neck
land,synonym,earth
land,partHolonym,earth
land,partHolonym,globe
land,synonym,country
land,partMeronym,land
land,hypernym,sphere
land,hypernym,area
land,hypernym,field
land,hypernym,arena
land,hypernym,people
land,hyponym,power
land,hypernym,business
land,hypernym,line
emblem,hypernym,design
emblem,hypernym,pattern
emblem,hypernym,figure
emblem,hyponym,colors
emblem,hyponym,crest
emblem,hyponym,flag
emblem,hyponym,device
emblem,hypernym,symbol
emblem,hyponym,elephant
emblem,hyponym,donkey
emblem,hyponym,dove
emblem,hyponym,badge
emblem,hyponym,medallion
emblem,hyponym,eagle
imprints,synonym,imprint
imprints,hyponym,crevice
imprints,hyponym,crack
imprints,hyponym,dimple
imprints,hyponym,dip
imprints,hyponym,wrinkle
imprints,hyponym,crease
imprints,hyponym,seam
imprints,hyponym,line
imprints,hyponym,scratch
imprints,hyponym,slit
imprints,hyponym,dent
imprints,hyponym,groove
imprints,hypernym,stamp
imprints,hypernym,device
goblet,hypernym,glass
goblet,hypernym,cup
bricks,hypernym,ceramic
bricks,synonym,brick
rink,hypernym,building
rink,hyponym,ice
business,hyponym,house
business,hyponym,carrier
business,hyponym,chain
business,hyponym,field
business,hyponym,storage
business,hyponym,construction
business,hyponym,building
business,hyponym,advertising
business,hyponym,packaging
business,partHolonym,market
business,hyponym,post
business,hyponym,office
business,hyponym,spot
business,hyponym,place
business,hyponym,game
business,hyponym,land
business,hyponym,work
business,synonym,line
business,hypernym,object
business,hypernym,target
business,hypernym,people
baby,hypernym,child
baby,hypernym,kid
baby,synonym,infant
baby,hypernym,person
baby,hypernym,individual
baby,hypernym,someone
baby,synonym,child
baby,hypernym,girl
carton,hypernym,box
skateboarder,hypernym,skater
labels,synonym,label
labels,hypernym,brand
labels,hypernym,marker
labels,hypernym,marking
labels,hypernym,mark
labels,hyponym,tag
labels,hyponym,sticker
labels,hyponym,ticket
spectator,synonym,viewer
spectator,hypernym,pump
tangerine,partMeronym,tangerine
tangerine,partHolonym,tangerine
surfboard,hypernym,board
snowboarders,hypernym,slipper
snowboarders,synonym,snowboarder
crack,hypernym,opening
crack,hypernym,gap
crack,hyponym,vent
crack,hyponym,break
crack,hyponym,slit
crack,synonym,crevice
crack,synonym,gap
crack,hypernym,imprint
crack,synonym,snap
crack,synonym,shot
crack,hypernym,blemish
crack,hypernym,break
lighting,synonym,light
flowerpot,hypernym,container
flowerpot,hyponym,planter
flowerpot,synonym,pot
bone,hyponym,tooth
bone,hyponym,rib
bone,hyponym,jaw
bone,hyponym,skull
bone,partMeronym,socket
bone,hypernym,white
bone,synonym,pearl
luggage,hypernym,case
luggage,hyponym,bag
luggage,hyponym,grip
luggage,hyponym,suitcase
luggage,hyponym,satchel
luggage,hyponym,trunk
luggage,synonym,baggage
luggage,partMeronym,handle
luggage,partMeronym,grip
luggage,partMeronym,strap
blackberry,hypernym,berry
blanket,hypernym,bedding
blanket,synonym,cover
blanket,hypernym,covering
blanket,hypernym,cover
blanket,synonym,mantle
blanket,hypernym,layer
blanket,hypernym,bed
pancakes,hypernym,cake
pancakes,hyponym,tortilla
pancakes,synonym,pancake
air,hypernym,part
air,hyponym,note
air,hypernym,wind
air,partHolonym,earth
air,partHolonym,globe
air,hypernym,music
air,hyponym,part
air,hyponym,signature
air,synonym,line
air,hyponym,flight
air,hyponym,flying
peaks,synonym,peak
peaks,synonym,flower
peaks,synonym,bloom
peaks,synonym,blossom
peaks,synonym,flush
peaks,hypernym,level
peaks,hypernym,stage
peaks,hypernym,point
peaks,synonym,top
peaks,hypernym,place
peaks,hypernym,spot
peaks,hyponym,hilltop
peaks,hyponym,brow
peaks,synonym,crown
peaks,synonym,crest
peaks,synonym,tip
peaks,hyponym,head
peaks,synonym,point
peaks,partHolonym,sword
peaks,partHolonym,blade
peaks,partHolonym,brand
peaks,partHolonym,steel
peaks,partHolonym,cone
peaks,partHolonym,pencil
peaks,partHolonym,knife
peaks,hyponym,crown
peaks,hypernym,brim
peaks,synonym,bill
peaks,synonym,visor
jump,hyponym,hurdle
jump,hyponym,spring
speakers,synonym,speaker
one,hypernym,figure
one,synonym,1
one,hypernym,unit
disk,hyponym,point
disk,hyponym,dot
disk,synonym,disc
disk,synonym,saucer
disk,hypernym,plate
disk,hypernym,circle
disk,hypernym,round
disk,hyponym,saucer
disk,synonym,record
disk,synonym,platter
broth,hypernym,soup
broth,hyponym,liquor
taillight,hypernym,lamp
skaters,hypernym,athlete
skaters,hyponym,skateboarder
skaters,synonym,skater
range,hyponym,pallet
range,hyponym,horizon
range,hyponym,view
range,synonym,compass
range,hypernym,formation
range,synonym,chain
range,hypernym,mixture
range,hyponym,band
range,hypernym,set
range,synonym,image
range,synonym,stove
range,partMeronym,grate
range,partMeronym,grating
mist,hypernym,fog
lemon,partHolonym,lemon
lemon,hypernym,yellow
lemon,partMeronym,lemon
lemon,hypernym,relish
lemon,hypernym,artifact
message,hyponym,wire
message,hyponym,packet
message,hyponym,mail
message,hyponym,entry
message,hyponym,packaging
message,hyponym,body
message,hyponym,direction
message,hyponym,information
message,hyponym,view
message,hyponym,garbage
message,hyponym,story
message,synonym,substance
music,hyponym,piece
music,hyponym,section
music,hyponym,air
music,hyponym,line
cloth,hypernym,artifact
cloth,hyponym,wool
cloth,hyponym,cord
cloth,hyponym,denim
cloth,hyponym,jean
cloth,hyponym,duck
cloth,hyponym,print
cloth,hyponym,diaper
cloth,hyponym,plush
cloth,hyponym,plaid
cloth,hyponym,canvas
cloth,hyponym,hair
cloth,hyponym,canopy
cloth,hyponym,net
cloth,hyponym,mesh
cloth,hyponym,lace
cloth,hyponym,tapestry
cloth,hyponym,linen
cloth,synonym,fabric
cloth,synonym,material
cloth,partMeronym,edging
scratches,synonym,scratch
scratches,hypernym,imprint
scratches,synonym,slit
scratches,synonym,dent
scratches,hypernym,money
scratches,synonym,bread
scratches,synonym,cabbage
scratches,synonym,dough
scratches,synonym,kale
scratches,synonym,lettuce
scratches,synonym,sugar
scratches,hypernym,line
scratches,hypernym,handwriting
scratches,hypernym,hand
scratches,hypernym,blemish
scratches,synonym,scar
scratches,synonym,mark
officer,hypernym,man
officer,hypernym,official
officer,hypernym,holder
officer,hyponym,bull
officer,hyponym,cop
officer,hyponym,pig
officer,synonym,policeman
container,hyponym,vessel
container,hyponym,bank
container,hyponym,wastebasket
container,hyponym,bag
container,hyponym,handbag
container,hyponym,pocketbook
container,hyponym,purse
container,hyponym,case
container,hyponym,bin
container,hyponym,pot
container,hyponym,flowerpot
container,hyponym,cup
container,hyponym,canister
container,hyponym,cannister
container,hyponym,tin
container,hyponym,spoon
container,hyponym,dispenser
container,hyponym,can
container,hyponym,trough
container,hyponym,basket
container,hyponym,box
container,hyponym,shaker
container,hyponym,package
container,hyponym,bowl
container,hyponym,receptacle
container,hyponym,dish
container,hyponym,cylinder
container,hyponym,drawer
container,hyponym,empty
container,hyponym,envelope
container,hyponym,glass
container,hyponym,pan
container,hyponym,mold
container,hyponym,cast
level,hypernym,property
level,synonym,tier
level,hyponym,peak
level,hyponym,top
level,hyponym,plane
level,hyponym,ladder
level,synonym,stage
level,synonym,point
level,hypernym,indicator
level,hypernym,surface
level,hyponym,platform
level,hyponym,floor
level,hyponym,flooring
level,hypernym,place
level,synonym,layer
level,hypernym,structure
level,hypernym,construction
level,synonym,floor
level,synonym,story
level,partHolonym,building
mall,hypernym,walk
mall,hypernym,walkway
mall,hypernym,outlet
mall,synonym,plaza
mall,synonym,center
parakeet,hypernym,parrot
half,hypernym,part
half,hypernym,section
half,partHolonym,basketball
half,partHolonym,football
crossing,hypernym,water
crossing,partHolonym,stream
crossing,hypernym,point
crossing,hyponym,corner
crossing,synonym,intersection
crossing,partHolonym,road
crossing,partHolonym,route
crossing,hypernym,path
crossing,synonym,crosswalk
crossing,synonym,cross
turtle,hypernym,jersey
turtle,hypernym,sweater
turtle,hypernym,jumper
turtle,synonym,turtleneck
turtle,partMeronym,shell
turtle,partMeronym,shield
railings,hypernym,barrier
railings,hyponym,guardrail
railings,hyponym,bar
railings,synonym,railing
railings,synonym,rail
railings,partHolonym,bannister
railings,partHolonym,banister
railings,partHolonym,handrail
railings,hypernym,material
seeds,hypernym,fruit
seeds,hyponym,bean
seeds,hyponym,grain
seeds,hyponym,nut
seeds,hyponym,coffee
seeds,synonym,seed
seeds,partMeronym,meat
seeds,hypernym,player
olive,hypernym,fruit
olive,partHolonym,olive
olive,partMeronym,olive
olive,hypernym,wood
olive,hypernym,relish
spice,hypernym,seasoning
spice,hyponym,bite
mom,hypernym,mother
1,hypernym,figure
1,synonym,one
sneakers,hypernym,shoe
sneakers,synonym,sneaker
snowboard,hypernym,board
pendant,partHolonym,necklace
pendant,synonym,chandelier
front,hypernym,side
front,hypernym,face
front,hyponym,forefront
front,hyponym,head
front,hypernym,line
front,partHolonym,field
front,hyponym,nose
front,hyponym,storefront
front,hyponym,facade
front,hyponym,face
front,hyponym,bow
front,hyponym,stem
front,hypernym,sphere
front,hypernym,area
front,hypernym,field
front,hypernym,arena
front,hypernym,place
burrito,hypernym,dish
blonde,hypernym,person
blonde,hypernym,individual
blonde,hypernym,someone
shine,hyponym,glow
shine,hyponym,polish
shoulders,synonym,shoulder
shoulders,partHolonym,torso
shoulders,partHolonym,trunk
shoulders,partHolonym,body
shoulders,hypernym,cut
shoulders,partHolonym,garment
shoulders,hypernym,edge
shoulders,partHolonym,road
shoulders,partHolonym,route
beak,hypernym,mouth
beak,synonym,bill
beak,partHolonym,bird
beak,hypernym,tip
beak,hypernym,nose
beak,synonym,nozzle
beak,synonym,snout
ornaments,hypernym,artifact
ornaments,hyponym,molding
ornaments,hyponym,moulding
ornaments,hyponym,decor
ornaments,hyponym,fin
ornaments,hyponym,finial
ornaments,hyponym,garnish
ornaments,hyponym,graffiti
ornaments,hyponym,hanging
ornaments,hyponym,bow
ornaments,hyponym,centerpiece
ornaments,hyponym,stud
ornaments,hyponym,rivet
ornaments,hyponym,design
ornaments,hyponym,pattern
ornaments,hyponym,figure
ornaments,hyponym,knob
ornaments,synonym,decoration
ornaments,synonym,ornament
flames,hyponym,blaze
flames,synonym,fire
flames,synonym,flame
slice,hypernym,portion
slice,hypernym,part
slice,synonym,piece
slice,synonym,cut
slice,hypernym,swing
slice,hypernym,piece
slice,hyponym,section
slice,hypernym,spatula
pictures,hyponym,graphic
pictures,hyponym,reflection
pictures,hyponym,foil
pictures,synonym,picture
pictures,synonym,image
pictures,synonym,icon
pictures,hyponym,mural
pictures,hyponym,cityscape
pictures,hyponym,icon
pictures,hyponym,landscape
pictures,synonym,painting
pictures,hypernym,image
pictures,synonym,scene
pictures,hypernym,product
pictures,hypernym,show
pictures,synonym,movie
pictures,partMeronym,credit
pictures,partMeronym,scene
pictures,partMeronym,shot
pictures,synonym,video
pictures,partHolonym,television
pictures,partHolonym,video
pictures,hyponym,portrait
pictures,hyponym,stereo
pictures,hyponym,snap
pictures,hyponym,shot
pictures,hyponym,scene
pictures,hyponym,frame
pictures,hyponym,print
pictures,hyponym,cheesecake
pictures,synonym,photograph
pictures,synonym,photo
netting,hypernym,net
netting,hypernym,mesh
radish,partHolonym,radish
radish,hypernym,radish
radish,hypernym,root
radish,hyponym,radish
radish,partMeronym,radish
groove,hypernym,imprint
groove,hyponym,track
stake,hypernym,portion
stake,hypernym,part
stake,hyponym,right
stake,synonym,post
stake,hyponym,pool
stake,hyponym,kitty
stake,hyponym,pot
stake,partHolonym,pool
stake,hypernym,post
copyright,hypernym,document
copyright,hypernym,papers
stunt,hypernym,animal
chord,hypernym,note
blackboard,hypernym,sheet
blackboard,synonym,chalkboard
florets,hypernym,flower
florets,hypernym,bloom
florets,hypernym,blossom
florets,synonym,floret
nest,hypernym,pack
nest,hypernym,ring
nest,hypernym,furniture
footstep,synonym,step
footstep,hypernym,step
photographs,hyponym,stereo
photographs,hyponym,snap
photographs,hyponym,shot
photographs,hyponym,scene
photographs,hyponym,frame
photographs,hyponym,print
photographs,hyponym,cheesecake
photographs,synonym,photograph
photographs,synonym,photo
photographs,synonym,picture
pot,hypernym,vessel
pot,hyponym,teapot
pot,hyponym,urn
pot,hyponym,kettle
pot,synonym,toilet
pot,synonym,can
pot,synonym,commode
pot,synonym,stool
pot,partHolonym,bathroom
pot,partHolonym,bath
pot,partHolonym,toilet
pot,partHolonym,can
pot,hypernym,container
pot,hyponym,planter
pot,synonym,flowerpot
pot,synonym,flock
pot,synonym,lot
pot,synonym,mountain
pot,synonym,pile
pot,synonym,raft
pot,synonym,stack
pot,hypernym,stake
pot,synonym,kitty
pot,hypernym,belly
pot,synonym,grass
pot,synonym,weed
pot,synonym,smoke
arch,hypernym,curve
arch,hypernym,entrance
arch,hypernym,entryway
arch,hypernym,entry
arch,synonym,archway
arch,partHolonym,wall
arch,hypernym,structure
arch,hypernym,construction
arch,partMeronym,key
arch,partMeronym,headstone
arch,partHolonym,bridge
sheeps,hyponym,ram
sheeps,synonym,sheep
record,hyponym,story
record,synonym,disk
record,synonym,disc
record,synonym,platter
record,hypernym,number
record,hyponym,card
record,synonym,book
record,hypernym,document
record,hyponym,register
record,hyponym,book
pattern,hypernym,structure
pattern,hyponym,strand
pattern,hyponym,grid
pattern,synonym,shape
pattern,hypernym,decoration
pattern,hypernym,ornament
pattern,hyponym,marking
pattern,hyponym,device
pattern,hyponym,tattoo
pattern,hyponym,decal
pattern,hyponym,emblem
pattern,synonym,design
pattern,synonym,figure
pattern,hypernym,model
pattern,hypernym,path
pattern,hypernym,route
benches,hypernym,seat
benches,hyponym,pew
benches,synonym,bench
benches,synonym,terrace
benches,partHolonym,court
benches,partHolonym,team
8,hypernym,figure
tab,hypernym,bill
tab,synonym,check
tab,hypernym,key
tab,hypernym,strip
tab,synonym,tablet
charm,hypernym,language
charm,hypernym,object
tractor,hyponym,bulldozer
tractor,hypernym,truck
windshield,hypernym,screen
windshield,synonym,windscreen
windshield,partHolonym,airplane
windshield,partHolonym,aeroplane
windshield,partHolonym,plane
windshield,partHolonym,motorboat
dresses,hyponym,jumper
dresses,hyponym,gown
dresses,hyponym,sack
dresses,synonym,dress
dresses,partMeronym,zipper
dresses,hypernym,clothing
dresses,hyponym,costume
dresses,hyponym,outfit
dresses,synonym,attire
dresses,synonym,clothes
snacks,hypernym,meal
snacks,synonym,bite
snacks,synonym,snack
tool,hyponym,plow
tool,hyponym,tap
tool,hyponym,comb
tool,hyponym,fork
tool,hyponym,ram
tool,hyponym,jack
tool,hypernym,way
tool,synonym,instrument
tool,hypernym,member
tool,synonym,shaft
socks,hypernym,hose
socks,synonym,sock
patio,hypernym,area
patio,synonym,terrace
patio,partHolonym,garden
woods,hypernym,vegetation
woods,hyponym,jungle
woods,hyponym,grove
woods,synonym,forest
woods,synonym,wood
woods,hyponym,olive
woods,hyponym,driftwood
woods,hyponym,knot
woods,hyponym,pine
woods,hyponym,log
woods,hyponym,pecan
woods,hyponym,gum
woods,hyponym,hardwood
woods,hyponym,wicker
woods,hyponym,bamboo
woods,hyponym,cherry
woods,hypernym,wind
woods,hyponym,reed
woods,hypernym,club
woods,hyponym,spoon
woods,hyponym,driver
information,hypernym,message
information,hypernym,substance
information,hyponym,material
information,hyponym,word
information,hyponym,details
information,hyponym,stuff
information,hyponym,grounds
information,hyponym,background
information,hypernym,collection
hooker,hypernym,athlete
food,hypernym,substance
food,hyponym,beverage
food,hyponym,drink
food,hyponym,feed
food,hyponym,water
food,hyponym,yolk
food,partMeronym,food
food,hyponym,chocolate
food,hyponym,cheese
food,hyponym,pasta
food,hyponym,meat
food,hyponym,loaf
food,hyponym,fish
food,hyponym,produce
food,hyponym,seafood
food,hyponym,yogurt
food,hyponym,butter
food,hyponym,coconut
food,partHolonym,food
growth,hyponym,vegetation
growth,hypernym,vegetation
growth,hypernym,object
walkway,hypernym,path
walkway,hyponym,sidewalk
walkway,hyponym,pavement
walkway,hyponym,mall
walkway,hyponym,boardwalk
walkway,synonym,walk
feet,synonym,foot
feet,partMeronym,heel
feet,partMeronym,toe
feet,partMeronym,sole
feet,partHolonym,leg
feet,partHolonym,man
feet,partHolonym,human
feet,partMeronym,in
feet,partHolonym,yard
feet,hypernym,bottom
feet,hyponym,paw
feet,hyponym,hoof
feet,hypernym,support
feet,hyponym,bed
feet,synonym,foundation
feet,synonym,base
feet,partHolonym,structure
feet,partHolonym,construction
feet,hypernym,walk
feet,hypernym,meter
cabinet,hypernym,furniture
cabinet,hyponym,dresser
cabinet,partMeronym,shelf
cabinet,hypernym,compartment
cabinet,synonym,locker
cabinet,hypernym,housing
cabinet,synonym,console
three,hypernym,figure
three,synonym,3
three,synonym,leash
loaf,hypernym,bread
loaf,partMeronym,heel
loaf,hypernym,food
ocean,hypernym,water
ocean,synonym,sea
shaft,hypernym,line
shaft,partHolonym,arrow
shaft,synonym,shot
shaft,hypernym,rod
shaft,hyponym,axle
shaft,hypernym,light
shaft,synonym,beam
shaft,hypernym,member
shaft,synonym,tool
shaft,hypernym,arm
shaft,synonym,spear
shaft,partHolonym,building
shaft,partHolonym,column
shaft,partHolonym,pillar
shaft,partHolonym,tunnel
shaft,hyponym,spindle
shaft,hypernym,rib
shaft,partHolonym,feather
panel,hypernym,sheet
panel,hyponym,paneling
panel,hyponym,pane
panel,hyponym,headboard
panel,hyponym,footboard
panel,hyponym,window
panel,hypernym,body
panel,hypernym,pad
panel,partHolonym,umbrella
panel,hypernym,window
panel,hyponym,dashboard
panel,synonym,board
fruits,hyponym,seed
fruits,hyponym,berry
fruits,hyponym,ear
fruits,hyponym,spike
fruits,hyponym,olive
fruits,hyponym,hip
fruits,synonym,fruit
fruits,hypernym,product
courtyard,hypernym,area
courtyard,synonym,court
courtyard,partHolonym,building
cracker,hypernym,bread
cracker,hyponym,pretzel
fox,hypernym,fur
candlestick,hypernym,holder
cushion,hypernym,muffler
cushion,hypernym,layer
cushion,hypernym,bed
cushion,hypernym,padding
cushion,hyponym,headrest
cushion,hyponym,pillow
toe,partMeronym,toenail
toe,partHolonym,foot
toe,hypernym,covering
toe,partHolonym,footwear
toe,partHolonym,hoof
toe,hypernym,part
toe,hypernym,portion
towels,synonym,towel
toolbox,hypernym,chest
antennas,synonym,antenna
buckle,hypernym,fastener
buckle,partMeronym,prong
pylons,hypernym,tower
pylons,synonym,pylon
hoofs,hypernym,foot
hoofs,synonym,hoof
hoofs,partMeronym,toe
hoofs,partMeronym,hoof
hoofs,partHolonym,hoof
sack,hypernym,bag
sack,synonym,pouch
sack,synonym,pocket
sack,hypernym,jacket
sack,hypernym,bed
sack,synonym,hammock
sack,hypernym,dress
officers,hypernym,man
officers,synonym,officer
officers,hypernym,official
officers,hypernym,holder
officers,hyponym,bull
officers,hyponym,cop
officers,hyponym,pig
officers,synonym,policeman
mount,hypernym,horse
mount,hyponym,grey
mount,hyponym,gray
mount,synonym,mountain
mount,partMeronym,mountainside
mount,synonym,setting
mount,hypernym,layer
mount,hypernym,bed
tails,hyponym,dock
tails,hyponym,flag
tails,hyponym,brush
tails,synonym,tail
tails,partMeronym,dock
tails,hypernym,end
tails,synonym,butt
tails,synonym,backside
tails,synonym,buns
tails,synonym,can
tails,synonym,rear
tails,synonym,rump
tails,synonym,seat
tails,synonym,bottom
tails,synonym,behind
tails,partHolonym,torso
tails,partHolonym,trunk
tails,partHolonym,body
tails,synonym,shadow
tails,partHolonym,coin
tails,hypernym,rear
tails,hypernym,back
tails,partMeronym,stabilizer
tails,partHolonym,fuselage
tails,synonym,poop
tails,partHolonym,ship
cafe,hypernym,restaurant
cage,hypernym,enclosure
cage,hyponym,hutch
cage,hypernym,net
sneaker,hypernym,shoe
sweatpants,hypernym,trouser
sweatpants,hypernym,pant
circular,hypernym,ad
circular,hypernym,advertisement
circular,hypernym,advertising
circular,synonym,bill
circular,synonym,flyer
latch,hypernym,lock
hawk,hyponym,kite
hawk,hypernym,board
switches,hypernym,control
switches,hypernym,controller
switches,hyponym,cutout
switches,hyponym,button
switches,synonym,switch
switches,hypernym,railroad
switches,hypernym,railway
switches,hyponym,cane
goal,hyponym,design
goal,hyponym,destination
goal,hyponym,object
goal,hyponym,target
goal,synonym,end
goal,hypernym,end
goal,hypernym,terminal
goal,synonym,destination
goal,hyponym,net
goal,hyponym,basket
goal,hyponym,hoop
goal,partMeronym,bar
markings,hypernym,symbol
markings,hyponym,spot
markings,hyponym,peg
markings,hyponym,pin
markings,hyponym,brand
markings,hyponym,watermark
markings,hyponym,label
markings,synonym,marker
markings,synonym,marking
markings,synonym,mark
markings,hypernym,design
markings,hypernym,pattern
markings,hypernym,figure
markings,hyponym,stripe
markings,hyponym,streak
markings,hyponym,bar
markings,hyponym,cross
markings,hyponym,mark
markings,hyponym,blaze
markings,hyponym,patch
markings,hypernym,decoration
n,hypernym,letter
tanker,hypernym,soldier
boat,hypernym,vessel
boat,hyponym,junk
boat,hyponym,motorboat
boat,hyponym,ferry
boat,hyponym,gondola
boat,hyponym,tower
boat,hyponym,cutter
boat,hyponym,packet
boat,hyponym,barge
boat,hyponym,lighter
boat,hypernym,dish
parts,hyponym,member
parts,hyponym,item
parts,hyponym,point
parts,hyponym,detail
parts,hyponym,base
parts,hyponym,butt
parts,hyponym,rest
parts,hyponym,unit
parts,hyponym,substance
parts,synonym,part
parts,synonym,portion
parts,hypernym,object
parts,hyponym,neck
parts,hyponym,section
parts,hyponym,bulb
parts,hyponym,bit
parts,hyponym,waist
parts,hyponym,spine
parts,hyponym,cutout
parts,hyponym,seat
parts,hyponym,toe
parts,hyponym,heel
parts,hyponym,limb
parts,hyponym,piece
parts,partHolonym,whole
parts,partHolonym,unit
parts,hypernym,thing
parts,hyponym,lump
parts,hyponym,corner
parts,hyponym,slice
parts,hyponym,strip
parts,synonym,piece
parts,hyponym,outside
parts,hyponym,exterior
parts,hyponym,distance
parts,hyponym,air
parts,hyponym,side
parts,hyponym,inside
parts,hyponym,interior
parts,hyponym,belt
parts,hyponym,sign
parts,hyponym,house
parts,hyponym,layer
parts,hyponym,bottom
parts,hyponym,top
parts,hyponym,place
parts,hyponym,hat
parts,synonym,office
parts,synonym,character
parts,hyponym,stake
parts,hyponym,cut
parts,hyponym,way
parts,partHolonym,net
parts,hyponym,frame
parts,hyponym,end
parts,hyponym,turn
parts,hyponym,round
parts,hyponym,over
parts,hyponym,half
parts,hyponym,ingredient
parts,hyponym,middle
parts,hyponym,game
parts,synonym,section
parts,hypernym,line
parts,partHolonym,hair
parts,hypernym,air
parts,hyponym,support
cheesecake,hypernym,cake
cheesecake,hypernym,photograph
cheesecake,hypernym,photo
cheesecake,hypernym,picture
skyline,hypernym,outline
skyline,hypernym,line
skyline,synonym,horizon
insignia,hypernym,badge
insignia,hyponym,wings
lanes,hypernym,way
lanes,synonym,lane
lanes,hypernym,path
lanes,hyponym,alley
dugout,hypernym,shelter
dugout,partHolonym,park
dugout,hypernym,canoe
ad,hypernym,packaging
ad,hyponym,circular
ad,hyponym,bill
ad,hyponym,flyer
ad,hyponym,trailer
ad,synonym,advertisement
ad,synonym,advertising
fringe,hypernym,edge
fringe,hypernym,edging
river,hypernym,stream
river,partMeronym,waterfall
arches,hypernym,curve
arches,synonym,arch
arches,hypernym,entrance
arches,hypernym,entryway
arches,hypernym,entry
arches,synonym,archway
arches,partHolonym,wall
arches,hypernym,structure
arches,hypernym,construction
arches,partMeronym,key
arches,partMeronym,headstone
arches,partHolonym,bridge
skies,hyponym,blue
skies,synonym,sky
skies,partMeronym,cloud
skies,partMeronym,rainbow
skies,partHolonym,earth
skies,partHolonym,globe
dough,hypernym,mixture
dough,hyponym,pastry
dough,hypernym,money
dough,synonym,bread
dough,synonym,cabbage
dough,synonym,kale
dough,synonym,lettuce
dough,synonym,scratch
dough,synonym,sugar
resort,hypernym,hotel
resort,partHolonym,playground
resort,hypernym,area
resort,hypernym,country
resort,hyponym,shadow
duvet,hypernym,quilt
duvet,hypernym,comforter
marquee,hypernym,tent
marquee,synonym,pavilion
marquee,hypernym,canopy
baseballs,hyponym,ball
baseballs,hyponym,softball
baseballs,synonym,baseball
baseballs,hypernym,ball
fireplace,hyponym,fire
fireplace,partMeronym,mantel
fireplace,partMeronym,mantle
fireplace,partHolonym,chimney
leaves,hyponym,pad
leaves,hyponym,frond
leaves,hyponym,greenery
leaves,hyponym,pitcher
leaves,hyponym,scale
leaves,hyponym,blade
leaves,synonym,leaf
leaves,synonym,foliage
leaves,hypernym,sheet
leaves,hyponym,page
leaves,hypernym,section
leaves,synonym,leave
peanuts,hypernym,child
peanuts,hypernym,kid
peanuts,hypernym,fry
airline,hypernym,hose
airline,hypernym,line
strip,hypernym,part
strip,hypernym,piece
strip,hyponym,row
strip,hypernym,artifact
strip,hyponym,ribbon
strip,hyponym,band
strip,hyponym,ring
strip,hyponym,lead
strip,hyponym,tape
strip,hyponym,tab
strip,hypernym,airfield
strip,hypernym,field
strip,partMeronym,runway
strip,hypernym,cartoon
strip,partMeronym,frame
strip,partHolonym,newspaper
strip,partHolonym,paper
strip,hyponym,cleat
strip,hyponym,toothpick
strip,hyponym,slat
horse,hyponym,pony
horse,hyponym,bay
horse,hyponym,plug
horse,hyponym,mount
horse,hyponym,poster
horse,partMeronym,horseback
flaps,hypernym,surface
flaps,synonym,flap
flaps,partHolonym,wing
flaps,hypernym,covering
flaps,hyponym,tongue
flaps,hyponym,lap
flaps,hypernym,wave
toast,hypernym,bread
toast,hypernym,drink
attire,hypernym,clothing
attire,hyponym,costume
attire,hyponym,outfit
attire,synonym,dress
sky,hyponym,blue
sky,partMeronym,cloud
sky,partMeronym,rainbow
sky,partHolonym,earth
sky,partHolonym,globe
mud,hypernym,soil
mud,hypernym,dirt
mud,synonym,clay
knee,partHolonym,leg
knee,hypernym,joint
notebook,hypernym,book
garland,hyponym,crown
garland,synonym,wreath
garland,synonym,lei
hangers,hypernym,worker
hangers,synonym,hanger
hangers,hypernym,support
hangers,hyponym,strap
blueberry,hypernym,shrub
blueberry,hypernym,bush
blueberry,hypernym,berry
paper,hypernym,material
paper,hypernym,stuff
paper,hyponym,card
paper,hyponym,sheet
paper,hyponym,cardboard
paper,hyponym,linen
paper,hyponym,tissue
paper,hyponym,wallpaper
paper,hyponym,pad
paper,hyponym,tablet
paper,hyponym,newspaper
paper,hyponym,rag
paper,synonym,newspaper
paper,partMeronym,column
paper,partMeronym,strip
paper,hypernym,product
ketchup,hypernym,condiment
scissors,hyponym,shears
scissors,partMeronym,blade
tourists,synonym,tourist
veil,hypernym,garment
rocket,hypernym,vehicle
rocket,hyponym,missile
rocket,partMeronym,rocket
rocket,partHolonym,rocket
rocket,hypernym,herb
rocket,synonym,arugula
shaker,hypernym,person
shaker,hypernym,individual
shaker,hypernym,someone
shaker,hypernym,container
yolk,hypernym,ingredient
yolk,partHolonym,egg
yolk,partHolonym,eggs
yolk,hypernym,food
pliers,partMeronym,jaw
pliers,hypernym,worker
stars,hyponym,sun
stars,synonym,star
stars,hypernym,player
stars,synonym,lead
stars,hypernym,character
dashboard,hypernym,protection
dashboard,partHolonym,vehicle
dashboard,hypernym,board
dashboard,hypernym,panel
whiskers,hyponym,goatee
whiskers,hyponym,stubble
whiskers,synonym,beard
whiskers,partMeronym,mustache
whiskers,partMeronym,moustache
whiskers,partHolonym,face
whiskers,synonym,hair
whiskers,synonym,whisker
whiskers,hypernym,hair
stacks,synonym,piles
stacks,partHolonym,library
stacks,hypernym,pile
stacks,hypernym,mound
stacks,synonym,stack
stacks,synonym,flock
stacks,synonym,lot
stacks,synonym,mountain
stacks,synonym,pile
stacks,synonym,pot
stacks,synonym,raft
stacks,hypernym,chimney
stacks,synonym,smokestack
field,hyponym,yard
field,hyponym,grounds
field,hyponym,lawn
field,partMeronym,front
field,hypernym,business
field,hyponym,front
field,hyponym,land
field,hyponym,lap
field,synonym,sphere
field,synonym,area
field,synonym,arena
field,hyponym,diamond
field,hyponym,arena
field,hyponym,court
field,partHolonym,stadium
field,partHolonym,bowl
field,partHolonym,arena
field,hypernym,land
field,hypernym,earth
field,hypernym,ground
field,hyponym,flat
field,synonym,plain
field,hypernym,set
field,hyponym,airport
field,hyponym,strip
field,synonym,airfield
field,partMeronym,runway
field,partMeronym,apron
parsley,hypernym,herb
display,synonym,show
display,hypernym,show
display,hyponym,parade
display,synonym,exhibit
display,hyponym,float
display,hyponym,spectacle
display,hyponym,flash
display,hyponym,board
display,hyponym,screen
display,hyponym,window
display,hyponym,monitor
landing,hypernym,platform
landing,partHolonym,stairway
landing,partHolonym,staircase
landing,hypernym,structure
landing,hypernym,construction
landing,hyponym,dock
landing,partHolonym,harbor
claws,hyponym,talon
claws,synonym,claw
claws,hyponym,anchor
claws,synonym,hook
claws,hypernym,member
busses,synonym,bus
busses,synonym,coach
busses,partMeronym,window
busses,partMeronym,roof
busses,hypernym,conductor
busses,partHolonym,computer
busses,hypernym,car
busses,hypernym,automobile
busses,hypernym,machine
limb,hypernym,member
limb,hyponym,leg
limb,hyponym,arm
limb,hyponym,forearm
limb,hyponym,thigh
limb,partMeronym,stump
limb,hypernym,branch
limb,hyponym,stick
limb,partHolonym,tree
limb,hypernym,edge
limb,hypernym,border
limb,hypernym,part
limb,hypernym,portion
limb,partHolonym,bow
limb,synonym,arm
limb,synonym,branch
backpack,hypernym,bag
toothpicks,hypernym,strip
toothpicks,synonym,toothpick
stomach,hyponym,underbelly
stomach,synonym,belly
stomach,partHolonym,torso
stomach,partHolonym,trunk
stomach,partHolonym,body
moose,hypernym,deer
casing,hypernym,housing
casing,hyponym,boot
casing,hyponym,jacket
casing,synonym,shell
casing,synonym,case
casing,hypernym,covering
casing,partHolonym,doorway
casing,partHolonym,door
casing,partHolonym,window
daisy,hypernym,flower
knots,hypernym,bunch
knots,hypernym,clump
knots,hypernym,cluster
knots,synonym,knot
knots,hypernym,fastener
knots,hyponym,hitch
knots,hyponym,bow
knots,hypernym,wood
knots,partHolonym,board
knots,partHolonym,plank
fence,hypernym,barrier
fence,hyponym,hedge
fence,hyponym,wall
fence,synonym,fencing
rods,hyponym,kickstand
rods,hyponym,shaft
rods,hyponym,pole
rods,synonym,rod
rods,synonym,perch
rods,synonym,pole
rods,partMeronym,yard
bushes,hyponym,pepper
bushes,hyponym,tea
bushes,hyponym,broom
bushes,hyponym,blueberry
bushes,hyponym,box
bushes,hyponym,rose
bushes,synonym,shrub
bushes,synonym,bush
bushes,hypernym,wilderness
bushes,hypernym,wild
bushes,hypernym,vegetation
bushes,hypernym,hair
wings,hypernym,way
wings,hypernym,insignia
wings,hyponym,halter
wings,synonym,wing
wings,partHolonym,bird
wings,partHolonym,angel
wings,partHolonym,bat
wings,hypernym,surface
wings,partMeronym,flap
wings,partMeronym,flaps
wings,partMeronym,rib
wings,partHolonym,airplane
wings,partHolonym,aeroplane
wings,partHolonym,plane
wings,hypernym,stage
wings,hypernym,formation
wings,hypernym,place
wings,hypernym,portion
wings,hypernym,barrier
wings,synonym,fender
wings,partHolonym,car
wings,partHolonym,automobile
wings,partHolonym,machine
wings,partHolonym,building
uniforms,hypernym,clothing
uniforms,synonym,uniform
trash,hyponym,debris
trash,hyponym,dust
trash,hyponym,junk
trash,hyponym,litter
trash,hypernym,garbage
trash,synonym,chalk
trash,synonym,glass
trash,synonym,ice
umpire,hypernym,official
umpire,hypernym,judge
bangs,hypernym,bump
bangs,synonym,belt
bangs,synonym,fringe
bangs,synonym,boot
bangs,synonym,flush
ipod,hypernym,stereo
straw,synonym,stalk
straw,synonym,stubble
straw,hypernym,yellow
straw,synonym,wheat
straw,hypernym,tube
straw,hypernym,tubing
plunger,hypernym,swimmer
rim,hypernym,edge
rim,hypernym,hoop
rim,hypernym,ring
rim,partHolonym,wheel
rim,hyponym,collar
rim,synonym,brim
rim,synonym,lip
rim,partHolonym,vessel
tracks,hypernym,line
tracks,hyponym,round
tracks,hyponym,steps
tracks,hyponym,belt
tracks,hyponym,trail
tracks,synonym,path
tracks,synonym,track
tracks,synonym,course
tracks,hypernym,grounds
tracks,synonym,lead
tracks,synonym,trail
tracks,hypernym,artifact
tracks,hyponym,railroad
tracks,hyponym,railway
tracks,hypernym,course
tracks,synonym,cut
tracks,hypernym,belt
tracks,hypernym,path
tracks,hypernym,route
tracks,hypernym,groove
tracks,hypernym,bar
tracks,synonym,rail
tracks,synonym,rails
tracks,synonym,runway
tracks,partHolonym,railroad
tracks,partHolonym,railway
tracks,hypernym,road
snowflake,partHolonym,snow
frisbee,hypernym,disk
frisbee,hypernym,disc
frisbee,hypernym,toy
snap,hyponym,mesh
snap,hypernym,piece
snap,hypernym,patch
snap,hypernym,cookie
snap,hypernym,biscuit
snap,synonym,crack
snap,hypernym,break
snap,hyponym,spring
snap,hypernym,photograph
snap,hypernym,photo
snap,hypernym,picture
snap,synonym,shot
snap,hypernym,fastener
snap,hypernym,motion
eyelid,synonym,lid
eyelid,partMeronym,eyelash
eyelid,partHolonym,eye
stairs,hypernym,stairway
stairs,hypernym,staircase
stairs,hyponym,ladder
stairs,synonym,steps
stairs,hypernym,support
stairs,synonym,step
stairs,synonym,stair
stairs,partMeronym,tread
stairs,partHolonym,stairway
stairs,partHolonym,staircase
end,hyponym,tip
end,hyponym,pole
end,hyponym,point
end,hyponym,heel
end,hyponym,destination
end,hyponym,goal
end,synonym,terminal
end,hypernym,point
end,hyponym,tail
end,hyponym,design
end,hyponym,object
end,hyponym,target
end,synonym,goal
end,hypernym,part
end,hypernym,section
end,hypernym,surface
end,hypernym,place
end,hypernym,spot
end,partHolonym,address
end,partHolonym,yarn
axle,hypernym,shaft
tear,hypernym,drop
tear,hypernym,opening
tear,hypernym,gap
tear,synonym,bust
prongs,hyponym,tine
prongs,synonym,prong
prongs,partHolonym,buckle
prongs,partHolonym,fork
parasol,hypernym,shade
apron,partMeronym,bib
apron,hypernym,stage
apron,partHolonym,airfield
apron,partHolonym,field
animal,hyponym,adult
animal,hyponym,male
animal,hyponym,game
animal,hyponym,feeder
animal,hyponym,female
animal,hyponym,racer
animal,hyponym,pet
animal,hyponym,stunt
animal,partMeronym,face
animal,partMeronym,head
bleachers,hypernym,stand
bleachers,hypernym,worker
bleachers,synonym,bleacher
subway,hypernym,railway
subway,hypernym,railroad
subway,synonym,tube
subway,hypernym,tunnel
carpet,hyponym,runner
carpet,synonym,rug
carpet,synonym,carpeting
carpet,partMeronym,edging
circle,hypernym,oval
circle,hyponym,pack
circle,hyponym,party
circle,hyponym,company
circle,synonym,set
circle,synonym,band
circle,synonym,lot
circle,hypernym,shape
circle,synonym,lap
circle,partHolonym,road
circle,partHolonym,route
circle,synonym,rope
circle,hypernym,seating
circle,hypernym,seats
circle,partHolonym,house
circle,hyponym,disk
circle,hyponym,disc
circle,synonym,round
backdrop,hypernym,scenery
backdrop,hypernym,scene
backdrop,synonym,background
blazer,hypernym,jacket
monitors,synonym,monitor
monitors,hypernym,protector
monitors,hypernym,display
monitors,partHolonym,computer
monitors,partHolonym,television
monitors,hypernym,lizard
spider,hypernym,skillet
mountain,synonym,mount
mountain,partMeronym,mountainside
mountain,synonym,flock
mountain,synonym,lot
mountain,synonym,pile
mountain,synonym,pot
mountain,synonym,raft
mountain,synonym,stack
babies,hypernym,child
babies,hypernym,kid
babies,synonym,baby
babies,synonym,infant
babies,hypernym,person
babies,hypernym,individual
babies,hypernym,someone
babies,synonym,child
babies,hypernym,girl
seal,hypernym,fastener
seal,hypernym,device
seal,synonym,stamp
seal,hypernym,fur
seal,hypernym,stamp
seal,hypernym,award
seal,hypernym,coat
seal,hyponym,washer
spectators,synonym,spectator
spectators,synonym,viewer
spectators,hypernym,pump
ox,hypernym,cattle
ox,hypernym,cows
ox,hypernym,oxen
ox,hyponym,yak
turret,hypernym,tower
turret,partHolonym,castle
turret,hypernym,platform
turret,partHolonym,tank
lid,synonym,eyelid
lid,partMeronym,eyelash
lid,partHolonym,eye
lid,hypernym,top
lid,hypernym,cover
lid,partMeronym,lock
lid,partHolonym,chest
lid,partHolonym,box
lid,partHolonym,jar
lid,hypernym,headdress
lid,hyponym,fedora
lid,hyponym,bonnet
lid,hyponym,topper
lid,synonym,hat
lid,partMeronym,brim
lid,partMeronym,crown
reflection,synonym,expression
reflection,hypernym,picture
reflection,hypernym,image
reflection,hypernym,icon
chili,hypernym,dish
chili,hyponym,jalapeno
chili,partHolonym,jalapeno
entry,hyponym,credit
entry,hypernym,message
entry,hypernym,substance
entry,hyponym,opening
entry,hyponym,arch
entry,hyponym,archway
entry,hyponym,doorway
entry,hyponym,door
entry,synonym,entrance
entry,synonym,entryway
padding,hypernym,artifact
padding,hyponym,cushion
padding,hyponym,pad
padding,hyponym,stuffing
elbow,partHolonym,arm
elbow,hypernym,curve
elbow,hypernym,pipe
elbow,hypernym,piping
elbow,partHolonym,sleeve
elbow,hypernym,joint
elbow,partHolonym,foreleg
bike,hyponym,motorbike
bike,synonym,motorcycle
bike,partMeronym,kickstand
bike,synonym,bicycle
bike,synonym,wheel
bike,synonym,cycle
bike,partMeronym,chain
bike,partMeronym,handlebar
bike,partMeronym,saddle
bike,partMeronym,pedal
plane,hyponym,fighter
plane,hyponym,jet
plane,hyponym,airliner
plane,synonym,airplane
plane,synonym,aeroplane
plane,partMeronym,fuselage
plane,partMeronym,windshield
plane,partMeronym,windscreen
plane,partMeronym,gun
plane,partMeronym,wing
plane,partMeronym,hood
plane,partMeronym,bonnet
plane,hypernym,shape
plane,synonym,sheet
plane,hypernym,level
plane,hypernym,stage
plane,hypernym,point
pedestrians,hyponym,stroller
pedestrians,synonym,pedestrian
pedestrians,synonym,walker
passenger,synonym,rider
lapel,hypernym,lap
rock,hyponym,sill
rock,hyponym,pebble
rock,hyponym,boulder
rock,synonym,stone
rock,hypernym,material
rock,hypernym,stuff
rock,hyponym,gravel
rock,hyponym,marble
rock,hypernym,candy
rock,hypernym,pitch
pit,hypernym,hole
pit,synonym,stone
pit,hypernym,enclosure
pit,hyponym,cockpit
pit,hypernym,area
pit,partHolonym,house
pit,hypernym,work
strap,hyponym,rein
strap,partHolonym,baggage
strap,partHolonym,luggage
strap,hypernym,hanger
strap,hypernym,band
strap,partHolonym,teddy
strap,partHolonym,brace
strap,partHolonym,bra
shape,hyponym,curve
shape,hyponym,circle
shape,hyponym,square
shape,hyponym,plane
shape,hyponym,sheet
shape,hyponym,triangle
shape,hyponym,link
shape,hyponym,column
shape,hyponym,tower
shape,hyponym,pillar
shape,hyponym,line
shape,hyponym,figure
shape,hypernym,body
shape,hyponym,person
shape,synonym,figure
shape,synonym,frame
shape,partHolonym,person
shape,partHolonym,individual
shape,partHolonym,someone
shape,partHolonym,man
shape,partHolonym,human
shape,synonym,cast
shape,hypernym,structure
shape,hyponym,strand
shape,hyponym,grid
shape,synonym,pattern
racer,hypernym,driver
racer,hypernym,car
racer,hypernym,automobile
racer,hypernym,machine
racer,partMeronym,cockpit
racer,hypernym,animal
office,hyponym,place
office,hyponym,hat
office,synonym,part
office,synonym,power
office,hypernym,business
office,hypernym,line
office,hyponym,chair
office,hyponym,plum
office,synonym,post
office,synonym,spot
office,synonym,place
stick,hyponym,spindle
stick,hyponym,club
stick,hyponym,bow
stick,hypernym,limb
stick,hypernym,lever
stick,hypernym,butter
stick,hypernym,leg
stick,synonym,pin
stick,synonym,peg
stick,hypernym,cigarette
stick,hypernym,butt
stick,synonym,joint
glow,hypernym,light
glow,hypernym,shine
gun,hypernym,arm
gun,hyponym,piece
gun,partMeronym,clip
gun,partMeronym,magazine
gun,partMeronym,barrel
gun,partMeronym,muzzle
gun,partHolonym,battery
gun,hypernym,shot
gun,hypernym,pump
gun,hypernym,pedal
gun,partHolonym,airplane
gun,partHolonym,aeroplane
gun,partHolonym,plane
gun,partHolonym,car
gun,partHolonym,automobile
gun,partHolonym,machine
blood,hyponym,family
blood,hyponym,side
blood,synonym,line
blood,hypernym,people
dogs,hyponym,poodle
dogs,hyponym,toy
dogs,hyponym,puppy
dogs,synonym,dog
dogs,partMeronym,flag
dogs,synonym,heel
dogs,hypernym,sausage
dogs,synonym,hotdog
dogs,partHolonym,hotdog
dogs,hypernym,stop
dogs,hypernym,support
hydrant,hypernym,faucet
hydrant,hypernym,spigot
hydrant,synonym,tap
hydrant,hyponym,plug
doorways,hypernym,entrance
doorways,hypernym,entryway
doorways,hypernym,entry
doorways,synonym,doorway
doorways,synonym,door
doorways,partMeronym,casing
doorways,partMeronym,case
doorways,partMeronym,door
doorways,partHolonym,wall
divider,hypernym,person
divider,hypernym,individual
divider,hypernym,someone
divider,hypernym,structure
divider,hypernym,construction
divider,hyponym,wall
divider,hyponym,screen
divider,synonym,partition
jug,hypernym,bottle
fold,synonym,crease
fold,hyponym,flock
fold,synonym,flock
fold,hypernym,structure
fold,hypernym,pen
zipper,hypernym,fastener
zipper,partHolonym,trouser
zipper,partHolonym,pant
zipper,partHolonym,cardigan
zipper,partHolonym,dress
zipper,partHolonym,skirt
trains,synonym,train
trains,synonym,string
trains,partHolonym,gown
trains,synonym,gear
trains,partHolonym,engine
father,hypernym,parent
father,hyponym,dad
father,hypernym,root
father,hypernym,title
father,hypernym,head
backpacks,hypernym,bag
backpacks,synonym,backpack
hills,hyponym,mound
hills,hyponym,hammock
hills,synonym,hill
hills,partMeronym,hillside
hills,hypernym,structure
hills,hypernym,construction
hills,hyponym,embankment
hills,synonym,mound
hills,partHolonym,diamond
hills,partHolonym,infield
corn,hypernym,cereal
corn,partMeronym,ear
corn,partMeronym,spike
corn,partMeronym,corn
corn,hypernym,grain
corn,partHolonym,corn
wrapper,hypernym,covering
wrapper,hyponym,jacket
wrapper,hyponym,envelope
wrapper,synonym,wrapping
wrapper,synonym,wrap
jelly,hypernym,treat
jelly,hypernym,substance
heads,synonym,head
heads,partMeronym,skull
heads,partMeronym,face
heads,partMeronym,ear
heads,partMeronym,temple
heads,partMeronym,muzzle
heads,partHolonym,body
heads,partHolonym,animal
heads,hyponym,father
heads,hypernym,formation
heads,hypernym,top
heads,hypernym,root
heads,hypernym,word
heads,hypernym,point
heads,hypernym,tip
heads,hypernym,peak
heads,hypernym,individual
heads,hyponym,point
heads,hypernym,object
heads,hypernym,foam
heads,hypernym,froth
heads,hypernym,front
heads,synonym,forefront
heads,hypernym,mark
heads,synonym,point
heads,partHolonym,arrow
heads,hypernym,line
heads,hyponym,title
heads,hypernym,structure
heads,hypernym,coil
heads,partHolonym,coin
heads,partHolonym,ram
heads,partHolonym,hammer
heads,hypernym,toilet
heads,hypernym,can
heads,hypernym,bathroom
heads,partHolonym,pin
heads,partHolonym,bolt
heads,partHolonym,screw
heads,partHolonym,nail
heads,partHolonym,drum
sail,synonym,canvas
sail,synonym,sheet
sail,hypernym,structure
sail,hypernym,construction
facade,hypernym,front
horseback,partHolonym,horse
horseback,hypernym,ridge
newspapers,hyponym,rag
newspapers,hyponym,sheet
newspapers,synonym,newspaper
newspapers,synonym,paper
newspapers,partMeronym,column
newspapers,partMeronym,strip
newspapers,hypernym,product
newspapers,hypernym,paper
pad,hypernym,paper
pad,hyponym,notepad
pad,synonym,tablet
pad,hypernym,leaf
pad,hypernym,foliage
pad,hypernym,block
pad,hypernym,padding
pad,hyponym,mattress
pad,hyponym,panel
pad,hyponym,mat
pad,hypernym,platform
pad,hypernym,structure
pad,partHolonym,paw
pad,partHolonym,finger
gauge,hypernym,distance
jeep,hypernym,car
jeep,hypernym,automobile
jeep,hypernym,machine
dip,hypernym,imprint
dip,hypernym,condiment
dip,synonym,drop
dip,hypernym,candle
r,hypernym,letter
spoons,hypernym,cutlery
spoons,hypernym,container
spoons,synonym,spoon
spoons,hypernym,wood
shakers,hypernym,person
shakers,hypernym,individual
shakers,hypernym,someone
shakers,synonym,shaker
shakers,hypernym,container
tarmac,hypernym,pavement
scoreboard,hypernym,signboard
scoreboard,hypernym,sign
scoreboard,hypernym,board
x,synonym,10
x,hypernym,letter
barrels,hypernym,tube
barrels,hypernym,tubing
barrels,synonym,barrel
barrels,partHolonym,gun
barrels,hypernym,vessel
barrels,hyponym,butt
barrels,partMeronym,hoop
barrels,partMeronym,ring
barrels,partMeronym,tap
barrels,partMeronym,spigot
barrels,hypernym,cylinder
barrels,synonym,drum
boy,hypernym,male
boy,hyponym,cub
boy,hypernym,man
boy,synonym,son
hedge,hypernym,fence
hedge,hypernym,fencing
hedge,hypernym,protection
shrimp,hypernym,seafood
shrimp,partHolonym,shrimp
shrimp,partMeronym,shrimp
manhole,hypernym,hole
trail,hypernym,path
trail,hypernym,track
trail,hypernym,course
trail,hyponym,slot
trail,hypernym,grounds
trail,synonym,lead
trail,synonym,track
eyebrow,hypernym,hair
eyebrow,synonym,brow
eyebrow,partHolonym,face
hearts,synonym,heart
hearts,synonym,pump
hearts,partMeronym,valve
hearts,hypernym,area
hearts,hypernym,country
hearts,hyponym,seat
hearts,synonym,center
hearts,synonym,middle
hearts,synonym,eye
hearts,hyponym,stuff
hearts,synonym,substance
hearts,synonym,meat
hearts,hyponym,attachment
hotdog,hypernym,sandwich
hotdog,partMeronym,hotdog
hotdog,partMeronym,dog
hotdog,hypernym,sausage
hotdog,synonym,dog
hotdog,partHolonym,hotdog
donuts,synonym,doughnut
donuts,synonym,donut
scooter,hypernym,motorboat
scooter,hypernym,vessel
fruit,hyponym,seed
fruit,hyponym,berry
fruit,hyponym,ear
fruit,hyponym,spike
fruit,hyponym,olive
fruit,hyponym,hip
fruit,hypernym,product
card,hypernym,paper
card,hypernym,cardboard
card,hypernym,sign
card,synonym,poster
card,synonym,placard
card,synonym,notice
card,synonym,bill
card,hypernym,record
card,hypernym,book
card,hypernym,bill
card,synonym,menu
card,hypernym,roll
card,synonym,board
inside,hypernym,part
inside,synonym,interior
inside,hypernym,surface
inside,hyponym,belly
tooth,hypernym,bone
tooth,hyponym,tusk
tooth,hyponym,grinder
tooth,partMeronym,stump
tooth,partMeronym,crown
tooth,partMeronym,root
tooth,partHolonym,comb
tooth,hypernym,structure
tooth,hypernym,way
tooth,partHolonym,gear
birdhouse,hypernym,shelter
burners,synonym,burner
piano,partMeronym,keyboard
limes,synonym,lime
limes,partMeronym,lime
limes,hypernym,tree
limes,partHolonym,lime
relish,hypernym,condiment
relish,hyponym,olive
relish,hyponym,pickle
relish,hyponym,lemon
y,hypernym,metal
y,hypernym,letter
grapefruit,partMeronym,grapefruit
grapefruit,partHolonym,grapefruit
silo,hypernym,tower
stop,hyponym,stand
stop,synonym,check
stop,synonym,hitch
stop,hypernym,place
stop,hypernym,spot
stop,synonym,point
stop,hypernym,knob
stop,partHolonym,camera
stop,hyponym,dog
stop,hyponym,plug
stop,hyponym,stopper
stop,synonym,block
peaches,synonym,peach
peaches,partMeronym,peach
peaches,hypernym,woman
peaches,synonym,dish
peaches,partHolonym,peach
peaches,hypernym,pink
island,hypernym,land
island,hypernym,earth
island,hypernym,ground
headdress,hypernym,clothing
headdress,hyponym,hat
headdress,hyponym,lid
headdress,hyponym,helmet
headdress,hyponym,hood
headdress,hyponym,turban
headdress,hyponym,cap
coleslaw,hypernym,salad
railroad,hypernym,line
railroad,hyponym,rail
railroad,hyponym,tube
railroad,hyponym,subway
railroad,synonym,railway
railroad,hypernym,track
railroad,hyponym,switch
railroad,hyponym,siding
railroad,partMeronym,tie
railroad,partMeronym,track
railroad,partMeronym,rail
railroad,partMeronym,rails
railroad,partMeronym,runway
railroad,partHolonym,line
locomotive,synonym,engine
locomotive,partMeronym,fender
locomotive,partMeronym,pilot
tram,hypernym,wagon
tram,synonym,trolley
bat,partMeronym,wing
bat,hypernym,turn
bat,hypernym,racket
bat,hypernym,racquet
bat,partMeronym,handle
bat,partMeronym,grip
bat,hypernym,club
bat,hyponym,paddle
bulbs,hypernym,stalk
bulbs,hypernym,stem
bulbs,hyponym,onion
bulbs,synonym,bulb
bulbs,synonym,lightbulb
bulbs,hypernym,part
bulbs,hypernym,portion
bulbs,hypernym,structure
fingers,hyponym,thumb
fingers,hyponym,pinky
fingers,synonym,finger
fingers,partMeronym,knuckle
fingers,partMeronym,fingertip
fingers,partMeronym,pad
fingers,partMeronym,fingernail
fingers,partHolonym,hand
fingers,partHolonym,mitt
fingers,partHolonym,paw
fingers,hypernym,covering
fingers,partHolonym,glove
plush,hypernym,fabric
plush,hypernym,cloth
plush,hypernym,material
brake,hyponym,brakes
brake,hypernym,fern
brake,hypernym,brush
toppings,hypernym,garnish
toppings,hyponym,frosting
toppings,hyponym,icing
toppings,hyponym,ice
toppings,hyponym,glaze
toppings,synonym,topping
toppings,partHolonym,dish
rectangle,hyponym,square
rectangle,hyponym,box
diner,hypernym,feeder
diner,hyponym,cutter
diner,hypernym,coach
diner,hypernym,carriage
diner,hypernym,restaurant
horses,hyponym,pony
horses,hyponym,bay
horses,hyponym,plug
horses,hyponym,mount
horses,hyponym,poster
horses,synonym,horse
horses,partMeronym,horseback
fern,hyponym,brake
cigar,hypernym,smoke
shack,hypernym,shelter
shack,synonym,hut
shack,synonym,hutch
bin,hypernym,container
bin,hyponym,crib
bin,hypernym,number
peel,hyponym,jacket
peel,synonym,skin
route,hypernym,line
route,hyponym,track
route,hyponym,pattern
route,hyponym,direction
route,hyponym,way
route,hyponym,round
route,synonym,path
route,hypernym,way
route,hyponym,line
route,hyponym,roadway
route,hyponym,highway
route,hyponym,driveway
route,hyponym,drive
route,synonym,road
route,partMeronym,curve
route,partMeronym,shoulder
route,partMeronym,intersection
route,partMeronym,crossing
route,partMeronym,circle
route,partMeronym,crown
route,partMeronym,crest
graffiti,hypernym,decoration
graffiti,hypernym,ornament
toenail,hypernym,nail
toenail,partHolonym,toe
strainer,hypernym,filter
strainer,hyponym,colander
strainer,hyponym,screen
meter,synonym,m
meter,hyponym,speedometer
meter,hyponym,foot
meter,synonym,time
dryer,hypernym,appliance
exterior,hypernym,part
exterior,hyponym,outdoors
exterior,hyponym,open
exterior,synonym,outside
exterior,hypernym,surface
colander,hypernym,strainer
bead,hypernym,jewelry
bead,hypernym,sphere
bead,synonym,drop
bead,synonym,pearl
bead,hypernym,molding
bead,hypernym,moulding
patty,hypernym,dish
patty,synonym,cake
patty,hypernym,pie
patty,hypernym,candy
nose,hyponym,snout
nose,hyponym,beak
nose,hyponym,nozzle
nose,partMeronym,bridge
nose,partMeronym,nostril
nose,partHolonym,face
nose,hypernym,front
nose,partHolonym,missile
nose,partHolonym,aircraft
nose,hypernym,symbol
nose,hypernym,spout
nose,hyponym,showerhead
nose,synonym,nozzle
coaster,hypernym,protection
sedan,hypernym,car
sedan,hypernym,automobile
sedan,hypernym,machine
sedan,hypernym,litter
wallet,hypernym,case
wallet,synonym,pocketbook
0,hypernym,figure
tee,hypernym,support
tee,hypernym,peg
seed,hypernym,fruit
seed,hyponym,bean
seed,hyponym,grain
seed,hyponym,nut
seed,hyponym,coffee
seed,partMeronym,meat
seed,hypernym,player
sugar,hypernym,money
sugar,synonym,bread
sugar,synonym,cabbage
sugar,synonym,dough
sugar,synonym,kale
sugar,synonym,lettuce
sugar,synonym,scratch
almond,partMeronym,almond
almond,partHolonym,almond
poster,hypernym,sign
poster,synonym,placard
poster,synonym,notice
poster,synonym,bill
poster,synonym,card
poster,hypernym,worker
poster,hypernym,horse
background,hypernym,view
background,hypernym,scene
background,synonym,ground
background,hypernym,information
background,hyponym,canvas
background,synonym,setting
background,hypernym,screen
background,synonym,desktop
background,hypernym,scenery
background,synonym,backdrop
shelf,hypernym,support
shelf,hyponym,bookshelf
shelf,hyponym,mantel
shelf,hyponym,mantle
shelf,partHolonym,closet
shelf,partHolonym,market
shelf,partHolonym,bookcase
shelf,partHolonym,cabinet
shelf,partHolonym,counter
shelf,partHolonym,chest
shelf,partHolonym,dresser
shelf,hypernym,ridge
shelf,synonym,ledge
vanity,hypernym,table
vanity,synonym,dresser
pumpkin,hypernym,squash
pumpkin,partMeronym,pumpkin
pumpkin,hypernym,vegetable
pumpkin,hypernym,veggie
pumpkin,partHolonym,pumpkin
drinking,synonym,drink
shrubbery,hypernym,area
shrubbery,hypernym,country
shrubbery,hypernym,vegetation
cabin,hypernym,compartment
cabin,partMeronym,overhead
cabin,partHolonym,liner
cabin,hypernym,house
cabin,partHolonym,aircraft
ruffles,hypernym,collar
linen,hypernym,fabric
linen,hypernym,cloth
linen,hypernym,material
linen,hypernym,paper
linen,hyponym,doily
rocks,hyponym,sill
rocks,hyponym,pebble
rocks,hyponym,boulder
rocks,synonym,rock
rocks,synonym,stone
rocks,hypernym,material
rocks,hypernym,stuff
rocks,hyponym,gravel
rocks,hyponym,marble
rocks,hypernym,candy
rocks,hypernym,pitch
bib,partHolonym,apron
bib,hypernym,napkin
supports,synonym,support
supports,hyponym,attachment
supports,hyponym,anchor
supports,hyponym,prop
supports,hyponym,foundation
supports,hyponym,base
supports,hyponym,foot
supports,hyponym,pedestal
supports,hyponym,hanging
supports,hypernym,part
supports,hypernym,device
supports,hyponym,shelf
supports,hyponym,hanger
supports,hyponym,bar
supports,hyponym,stirrup
supports,hyponym,harness
supports,hyponym,pier
supports,hyponym,step
supports,hyponym,stair
supports,hyponym,seat
supports,hyponym,perch
supports,hyponym,backboard
supports,hyponym,stand
supports,hyponym,dog
supports,hyponym,rest
supports,hyponym,tee
supports,hyponym,bedpost
supports,hyponym,bridge
supports,hyponym,back
supports,hyponym,backrest
supports,hyponym,leg
supports,hyponym,brace
supports,hyponym,rib
supports,hyponym,rack
supports,hyponym,bracket
supports,hyponym,spoke
pile,hypernym,collection
pile,hyponym,stack
pile,synonym,mound
pile,synonym,flock
pile,synonym,lot
pile,synonym,mountain
pile,synonym,pot
pile,synonym,raft
pile,synonym,stack
pile,hypernym,money
pile,synonym,bundle
pile,hypernym,hair
pile,synonym,down
pile,hypernym,battery
pile,hypernym,column
pile,hypernym,pillar
pile,hypernym,thread
pile,hypernym,yarn
objects,hyponym,head
objects,hyponym,property
objects,hyponym,prop
objects,hyponym,whole
objects,hyponym,unit
objects,hyponym,ice
objects,hyponym,stuff
objects,hyponym,part
objects,hyponym,portion
objects,hyponym,moon
objects,hyponym,wall
objects,hyponym,ribbon
objects,hyponym,thread
objects,hyponym,land
objects,hyponym,earth
objects,hyponym,ground
objects,hyponym,formation
objects,hyponym,vehicle
objects,hyponym,lot
objects,hyponym,growth
objects,hyponym,soil
objects,hyponym,charm
objects,synonym,object
objects,hypernym,goal
objects,hypernym,end
objects,hyponym,thing
objects,hyponym,business
objects,hyponym,point
objects,synonym,target
objects,hyponym,center
blankets,hypernym,bedding
blankets,synonym,blanket
blankets,synonym,cover
blankets,hypernym,covering
blankets,hypernym,cover
blankets,synonym,mantle
blankets,hypernym,layer
blankets,hypernym,bed
swan,hyponym,pen
fedora,hypernym,hat
fedora,hypernym,lid
drawer,hypernym,container
drawer,partMeronym,lock
drawer,partHolonym,counter
drawer,partHolonym,desk
drawer,partHolonym,commode
drawer,partHolonym,chest
drawer,partHolonym,dresser
spread,synonym,gap
spread,hypernym,farm
spread,hypernym,condiment
spread,hypernym,meal
spread,hypernym,page
spread,hypernym,bedding
spread,synonym,bedspread
pylon,hypernym,tower
notice,hypernym,sign
notice,synonym,poster
notice,synonym,placard
notice,synonym,bill
notice,synonym,card
eyeglasses,hyponym,goggles
eyeglasses,hyponym,sunglasses
eyeglasses,hyponym,shades
eyeglasses,synonym,spectacles
eyeglasses,synonym,glasses
eyeglasses,partMeronym,bridge
eyeglasses,partHolonym,frame
eyeglasses,hypernym,lens
rack,hyponym,carrier
rack,hypernym,cut
rack,synonym,wheel
rack,hypernym,support
rack,hyponym,tripod
rack,synonym,stand
blade,hypernym,leaf
blade,hypernym,foliage
blade,hypernym,ribbon
blade,hypernym,thread
blade,hypernym,arm
blade,synonym,sword
blade,synonym,brand
blade,synonym,steel
blade,partMeronym,point
blade,partMeronym,tip
blade,partMeronym,peak
blade,partMeronym,blade
blade,hypernym,structure
blade,hyponym,vane
blade,hypernym,runner
blade,hyponym,paddle
blade,synonym,vane
blade,partHolonym,propeller
blade,partHolonym,propellor
blade,partHolonym,helicopter
blade,partHolonym,turbine
blade,partHolonym,oar
blade,partHolonym,windmill
blade,partHolonym,sword
blade,partHolonym,blade
blade,partHolonym,brand
blade,partHolonym,steel
blade,partHolonym,spatula
blade,partHolonym,scissors
blade,partHolonym,knife
seating,hypernym,room
seating,hypernym,way
seating,hyponym,circle
seating,hyponym,stall
seating,synonym,seats
dishes,hypernym,container
dishes,hyponym,bowl
dishes,hyponym,boat
dishes,hyponym,ramekin
dishes,synonym,dish
dishes,hyponym,sushi
dishes,hyponym,mold
dishes,hyponym,meatball
dishes,hyponym,soup
dishes,hyponym,pasta
dishes,hyponym,salad
dishes,hyponym,patty
dishes,hyponym,cake
dishes,hyponym,sauerkraut
dishes,hyponym,chili
dishes,hyponym,stew
dishes,hyponym,burrito
dishes,hyponym,omelette
dishes,hyponym,pizza
dishes,partMeronym,ingredient
dishes,partMeronym,topping
dishes,partMeronym,sauce
dishes,partHolonym,meal
dishes,hypernym,woman
dishes,synonym,peach
dishes,synonym,saucer
dishes,synonym,bag
cub,hypernym,boy
mitt,hyponym,right
mitt,hyponym,hooks
mitt,hyponym,fist
mitt,hyponym,left
mitt,synonym,hand
mitt,synonym,paw
mitt,partMeronym,finger
mitt,partMeronym,palm
mitt,partMeronym,ball
mitt,partHolonym,arm
mitt,partHolonym,man
mitt,partHolonym,human
mitt,synonym,glove
skyscrapers,hypernym,building
skyscrapers,synonym,skyscraper
pines,synonym,pine
pines,hypernym,wood
radishes,synonym,radish
radishes,partHolonym,radish
radishes,hypernym,radish
radishes,hypernym,root
radishes,hyponym,radish
radishes,partMeronym,radish
butter,hypernym,food
butter,hyponym,stick
butter,hypernym,fighter
tubes,hyponym,straw
tubes,hyponym,drain
tubes,hyponym,barrel
tubes,hyponym,coil
tubes,hyponym,pipe
tubes,hyponym,stem
tubes,hyponym,column
tubes,hyponym,piping
tubes,hyponym,hose
tubes,synonym,tube
tubes,synonym,tubing
tubes,partMeronym,plate
tubes,partMeronym,grid
tubes,hypernym,cylinder
tubes,synonym,pipe
tubes,hypernym,structure
tubes,hyponym,vessel
tubes,hypernym,railway
tubes,hypernym,railroad
tubes,synonym,subway
feed,hypernym,food
feed,hyponym,mast
needle,partMeronym,point
needle,partMeronym,eye
flag,hypernym,emblem
flag,hyponym,colors
flag,hyponym,banner
flag,hyponym,streamer
flag,hyponym,pennant
flag,hyponym,jack
flag,synonym,pin
flag,hypernym,tail
flag,partHolonym,deer
flag,partHolonym,dog
peppers,synonym,pepper
peppers,partMeronym,pepper
peppers,hypernym,shrub
peppers,hypernym,bush
peppers,hyponym,jalapeno
peppers,hypernym,seasoning
peppers,partHolonym,pepper
drawers,synonym,shorts
drawers,synonym,pants
drawers,hypernym,container
drawers,synonym,drawer
drawers,partMeronym,lock
drawers,partHolonym,counter
drawers,partHolonym,desk
drawers,partHolonym,commode
drawers,partHolonym,chest
drawers,partHolonym,dresser
smokestack,hypernym,chimney
smokestack,synonym,stack
hoof,hypernym,foot
hoof,partMeronym,toe
hoof,partMeronym,hoof
hoof,partHolonym,hoof
train,synonym,string
train,partHolonym,gown
train,synonym,gear
train,partHolonym,engine
bank,hypernym,slope
bank,hypernym,side
bank,hyponym,riverbank
bank,hypernym,ridge
bank,hypernym,container
cape,hypernym,land
cape,hypernym,earth
cape,hypernym,ground
cape,hyponym,tongue
cape,synonym,mantle
plow,hypernym,tool
bench,hypernym,seat
bench,hyponym,pew
bench,synonym,terrace
bench,partHolonym,court
bench,partHolonym,team
lamps,hyponym,taillight
lamps,hyponym,candle
lamps,hyponym,lantern
lamps,hyponym,flash
lamps,hyponym,spotlight
lamps,hyponym,spot
lamps,hyponym,streetlight
lamps,synonym,lamp
lamps,hypernym,furniture
lamps,partMeronym,base
lamps,partMeronym,lampshade
tapestry,hypernym,fabric
tapestry,hypernym,cloth
tapestry,hypernym,material
tapestry,hypernym,hanging
tapestry,partMeronym,edging
snout,hypernym,nose
snout,hyponym,trunk
snout,partHolonym,muzzle
snout,synonym,beak
snout,synonym,nozzle
short,partHolonym,diamond
short,partHolonym,infield
bolts,synonym,bolt
bolts,hypernym,bar
bolts,partHolonym,rifle
bolts,partHolonym,lock
bolts,synonym,dash
bolts,hypernym,roll
bolts,hypernym,screw
bolts,partMeronym,head
dots,hypernym,disk
dots,hypernym,disc
dots,hypernym,saucer
dots,synonym,point
dots,synonym,dot
dots,synonym,pane
gravy,hypernym,sauce
gravy,hypernym,juice
wrinkles,hypernym,imprint
wrinkles,synonym,wrinkle
wrinkles,synonym,crease
wrinkles,synonym,seam
wrinkles,synonym,line
wrinkles,partHolonym,skin
sweatband,hypernym,band
holder,hyponym,keyboard
holder,hyponym,peg
holder,hyponym,pin
holder,hyponym,candlestick
holder,hypernym,owner
holder,hyponym,officer
stool,hypernym,seat
stool,hyponym,ottoman
stool,hyponym,dirt
stool,hyponym,poop
stool,hyponym,droppings
stool,hyponym,dung
stool,hypernym,stump
stool,synonym,toilet
stool,synonym,can
stool,synonym,commode
stool,synonym,pot
stool,partHolonym,bathroom
stool,partHolonym,bath
stool,partHolonym,toilet
stool,partHolonym,can
ornament,hypernym,artifact
ornament,hyponym,molding
ornament,hyponym,moulding
ornament,hyponym,decor
ornament,hyponym,fin
ornament,hyponym,finial
ornament,hyponym,garnish
ornament,hyponym,graffiti
ornament,hyponym,hanging
ornament,hyponym,bow
ornament,hyponym,centerpiece
ornament,hyponym,stud
ornament,hyponym,rivet
ornament,hyponym,design
ornament,hyponym,pattern
ornament,hyponym,figure
ornament,hyponym,knob
ornament,synonym,decoration
spaghetti,hypernym,pasta
cord,hypernym,line
cord,hyponym,string
cord,hyponym,lace
cord,hyponym,thread
cord,hyponym,yarn
cord,hyponym,piping
cord,hyponym,tie
cord,hyponym,lanyard
cord,hypernym,conductor
cord,hypernym,fabric
cord,hypernym,cloth
cord,hypernym,material
slippers,hypernym,footwear
slippers,synonym,slipper
slippers,hypernym,person
slippers,hypernym,individual
slippers,hypernym,someone
slippers,hyponym,snowboarder
string,hypernym,cord
string,hyponym,violin
string,synonym,train
string,hypernym,tie
string,synonym,drawstring
string,hypernym,collection
string,hyponym,beads
string,hypernym,necklace
string,synonym,chain
string,synonym,strand
chin,partMeronym,goatee
chin,partHolonym,face
sideline,hypernym,line
elbows,synonym,elbow
elbows,partHolonym,arm
elbows,hypernym,curve
elbows,hypernym,pipe
elbows,hypernym,piping
elbows,partHolonym,sleeve
elbows,hypernym,joint
elbows,partHolonym,foreleg
meal,hyponym,lunch
meal,hyponym,tea
meal,hyponym,bite
meal,hyponym,snack
meal,hyponym,spread
meal,hyponym,breakfast
meal,hyponym,dinner
meal,partMeronym,course
meal,partMeronym,portion
meal,partMeronym,sandwich
meal,partMeronym,dish
meal,hyponym,oatmeal
snowboarding,hypernym,slide
snowboarding,hypernym,coast
pocket,hypernym,pouch
pocket,partHolonym,garment
pocket,synonym,pouch
pocket,synonym,sack
pocket,hypernym,space
pocket,synonym,scoop
pocket,hypernym,people
pocket,hypernym,opening
pocket,hypernym,gap
outlet,hyponym,shop
outlet,hyponym,store
outlet,hyponym,plaza
outlet,hyponym,mall
outlet,hyponym,center
outlet,hyponym,market
outlet,partMeronym,merchandise
outlet,partMeronym,product
outlet,hypernym,receptacle
outlet,hyponym,point
outlet,hypernym,opening
outlet,synonym,exit
outlet,synonym,vent
buds,hypernym,flower
buds,hypernym,bloom
buds,hypernym,blossom
buds,synonym,bud
dress,hyponym,jumper
dress,hyponym,gown
dress,hyponym,sack
dress,partMeronym,zipper
dress,hypernym,clothing
dress,hyponym,costume
dress,hyponym,outfit
dress,synonym,attire
dress,synonym,clothes
toenails,hypernym,nail
toenails,synonym,toenail
toenails,partHolonym,toe
cutlery,synonym,cutter
cutlery,hyponym,spoon
cutlery,hyponym,fork
cutlery,partMeronym,handle
cutlery,partMeronym,grip
contrail,hypernym,cloud
masts,synonym,mast
masts,hypernym,nut
masts,hypernym,feed
masts,hypernym,pole
detail,synonym,item
detail,synonym,point
detail,hypernym,part
detail,hypernym,portion
toothbrush,hypernym,brush
toothbrush,hypernym,toiletry
toothbrush,hypernym,mustache
toothbrush,hypernym,moustache
bean,partHolonym,bean
bean,hypernym,seed
bean,partMeronym,bean
bean,synonym,noodle
bean,synonym,dome
washer,hypernym,worker
washer,hypernym,seal
tines,hypernym,prong
tines,synonym,tine
tines,partHolonym,fork
steering,hypernym,direction
steering,hypernym,control
steering,synonym,direction
vans,synonym,van
vans,hypernym,car
vans,hypernym,camper
vans,hypernym,truck
vans,hyponym,wagon
floret,hypernym,flower
floret,hypernym,bloom
floret,hypernym,blossom
pant,hypernym,garment
pant,hyponym,white
pant,hyponym,slacks
pant,hyponym,sweatpants
pant,hyponym,cords
pant,hyponym,jean
pant,hyponym,denim
pant,hyponym,shorts
pant,hyponym,trunks
pant,synonym,trouser
pant,partMeronym,zipper
pant,partMeronym,trouser
pant,partMeronym,lap
pant,partMeronym,leg
pant,partMeronym,seat
posters,hypernym,sign
posters,synonym,poster
posters,synonym,placard
posters,synonym,notice
posters,synonym,bill
posters,synonym,card
posters,hypernym,worker
posters,hypernym,horse
jackets,hypernym,coat
jackets,hyponym,sack
jackets,hyponym,jumper
jackets,hyponym,parka
jackets,hyponym,windbreaker
jackets,hyponym,blazer
jackets,synonym,jacket
jackets,hypernym,wrapping
jackets,hypernym,wrap
jackets,hypernym,wrapper
jackets,synonym,crown
jackets,synonym,cap
jackets,hypernym,peel
jackets,hypernym,skin
jackets,partHolonym,potato
jackets,hypernym,shell
jackets,hypernym,case
jackets,hypernym,casing
enclosure,hypernym,area
enclosure,hyponym,lock
enclosure,hyponym,pen
enclosure,hyponym,cage
enclosure,hyponym,yard
enclosure,hyponym,pit
enclosure,hyponym,dock
enclosure,hypernym,space
enclosure,hypernym,document
enclosure,hypernym,papers
cereal,hypernym,grass
cereal,hyponym,corn
cereal,hyponym,grain
cereal,hyponym,wheat
cereal,hyponym,rice
cereal,synonym,grain
building,hypernym,structure
building,hypernym,construction
building,hyponym,skyscraper
building,hyponym,hotel
building,hyponym,hall
building,hyponym,gazebo
building,hyponym,club
building,hyponym,rink
building,hyponym,house
building,hyponym,restaurant
building,hyponym,temple
building,hyponym,library
building,hyponym,school
building,hyponym,center
building,partMeronym,floor
building,partMeronym,level
building,partMeronym,story
building,partMeronym,skeleton
building,partMeronym,frame
building,partMeronym,stairway
building,partMeronym,staircase
building,partMeronym,wall
building,partMeronym,window
building,partMeronym,court
building,partMeronym,courtyard
building,partMeronym,room
building,partMeronym,corner
building,partMeronym,shaft
building,partMeronym,elevator
building,partMeronym,lift
building,partMeronym,wing
building,partMeronym,hall
building,partMeronym,roof
building,partMeronym,stud
building,synonym,construction
building,hypernym,business
building,partMeronym,painting
building,partMeronym,plumbing
building,partMeronym,roofing
coffee,hypernym,beverage
coffee,hypernym,drink
coffee,hypernym,tree
coffee,partMeronym,coffee
coffee,hypernym,seed
coffee,partHolonym,coffee
coffee,hypernym,brown
coffee,synonym,chocolate
lotion,hypernym,toiletry
boats,hypernym,vessel
boats,hyponym,junk
boats,hyponym,motorboat
boats,hyponym,ferry
boats,hyponym,gondola
boats,hyponym,tower
boats,hyponym,cutter
boats,hyponym,packet
boats,hyponym,barge
boats,hyponym,lighter
boats,synonym,boat
boats,hypernym,dish
pork,hypernym,meat
pork,partHolonym,pig
bedpost,hypernym,support
breakfast,hypernym,meal
buns,synonym,butt
buns,synonym,backside
buns,synonym,can
buns,synonym,rear
buns,synonym,rump
buns,synonym,seat
buns,synonym,tail
buns,synonym,bottom
buns,synonym,behind
buns,partHolonym,torso
buns,partHolonym,trunk
buns,partHolonym,body
buns,hypernym,bread
buns,hyponym,croissant
buns,hyponym,bagel
buns,synonym,bun
buns,synonym,roll
apartment,hypernym,housing
apartment,synonym,flat
date,hypernym,day
date,hypernym,point
date,hypernym,present
fireman,hypernym,jack
fireman,hypernym,pitcher
fireman,hypernym,protector
fireman,synonym,firefighter
flight,hypernym,formation
flight,hypernym,air
flight,synonym,flying
flight,hypernym,stairway
flight,hypernym,staircase
flight,hyponym,break
flight,hypernym,flock
boot,hypernym,footwear
boot,partMeronym,tongue
boot,partMeronym,counter
boot,partMeronym,heel
boot,partMeronym,collar
boot,hypernym,trunk
boot,synonym,flush
boot,hypernym,shell
boot,hypernym,case
boot,hypernym,casing
motorcycles,hyponym,motorbike
motorcycles,synonym,motorcycle
motorcycles,synonym,bike
motorcycles,partMeronym,kickstand
dude,hypernym,man
dude,hyponym,macaroni
ear,partHolonym,head
ear,hypernym,fruit
ear,synonym,spike
ear,partHolonym,corn
tusk,hypernym,tooth
tusk,partHolonym,elephant
pillars,synonym,pillar
pillars,hypernym,shape
pillars,synonym,column
pillars,synonym,tower
pillars,hypernym,friend
pillars,hypernym,structure
pillars,hypernym,construction
pillars,hyponym,pile
pillars,partMeronym,pedestal
pillars,partMeronym,shaft
pillars,partMeronym,cap
pillars,partHolonym,temple
apartments,hypernym,housing
apartments,synonym,apartment
apartments,synonym,flat
tops,hypernym,part
tops,hyponym,crown
tops,hyponym,cap
tops,hyponym,head
tops,synonym,top
tops,hypernym,side
tops,hypernym,face
tops,hyponym,rooftop
tops,hyponym,crest
tops,hyponym,desktop
tops,hypernym,place
tops,hypernym,spot
tops,hyponym,hilltop
tops,hyponym,brow
tops,synonym,peak
tops,synonym,crown
tops,synonym,crest
tops,synonym,tip
tops,hypernym,turn
tops,hypernym,round
tops,partHolonym,frame
tops,hypernym,level
tops,hypernym,stage
tops,hypernym,point
tops,hypernym,platform
tops,partHolonym,ship
tops,hypernym,toy
tops,hypernym,covering
tops,hyponym,lid
tops,synonym,cover
tops,hyponym,halter
tops,hyponym,blouse
tops,hypernym,canvas
caps,hypernym,headdress
caps,hyponym,beret
caps,synonym,cap
caps,hypernym,top
caps,hypernym,cover
caps,hyponym,nipple
caps,hypernym,protection
caps,hyponym,hubcap
caps,hypernym,covering
caps,synonym,hood
caps,partHolonym,plant
caps,hypernym,control
caps,synonym,ceiling
caps,synonym,roof
caps,synonym,crown
caps,synonym,jacket
caps,partHolonym,column
caps,partHolonym,pillar
persons,hyponym,child
persons,hyponym,baby
persons,hyponym,divider
persons,hyponym,owner
persons,hyponym,case
persons,hyponym,friend
persons,hyponym,controller
persons,hyponym,ostrich
persons,hyponym,machine
persons,hyponym,counter
persons,hyponym,worker
persons,hyponym,mouse
persons,hyponym,comforter
persons,hyponym,image
persons,hyponym,female
persons,hyponym,adult
persons,hyponym,dresser
persons,hyponym,shaker
persons,hyponym,fighter
persons,hyponym,beard
persons,hyponym,topper
persons,hyponym,party
persons,hyponym,ruler
persons,hyponym,man
persons,hyponym,face
persons,hyponym,player
persons,hyponym,sweater
persons,hyponym,engineer
persons,hyponym,jumper
persons,hyponym,male
persons,hyponym,blonde
persons,hyponym,slipper
persons,hyponym,tiger
persons,hyponym,fastener
persons,hyponym,match
persons,hyponym,waiter
persons,synonym,person
persons,synonym,individual
persons,synonym,someone
persons,partMeronym,figure
persons,partMeronym,shape
persons,partMeronym,frame
persons,hypernym,figure
persons,hypernym,shape
persons,hypernym,frame
jumpsuit,hypernym,garment
mantel,hypernym,shelf
mantel,synonym,mantle
mantel,partHolonym,fireplace
pet,hypernym,animal
screen,hypernym,surface
screen,hypernym,protection
screen,hyponym,blinker
screen,hyponym,blinder
screen,hyponym,shutter
screen,hyponym,curtain
screen,hyponym,drape
screen,hyponym,mantle
screen,synonym,blind
screen,hypernym,display
screen,hyponym,background
screen,hyponym,desktop
screen,partMeronym,foreground
screen,hypernym,covering
screen,hyponym,blind
screen,synonym,cover
screen,hyponym,windshield
screen,hyponym,windscreen
screen,partHolonym,screen
screen,hypernym,strainer
screen,hypernym,door
screen,partMeronym,screen
screen,hypernym,partition
screen,hypernym,divider
tree,hyponym,gum
tree,hyponym,coffee
tree,hyponym,lime
tree,hyponym,palm
tree,partMeronym,stump
tree,partMeronym,crown
tree,partMeronym,limb
tree,partMeronym,trunk
jetty,hypernym,barrier
jetty,synonym,mole
shelves,hypernym,support
shelves,hyponym,bookshelf
shelves,hyponym,mantel
shelves,hyponym,mantle
shelves,synonym,shelf
shelves,partHolonym,closet
shelves,partHolonym,market
shelves,partHolonym,bookcase
shelves,partHolonym,cabinet
shelves,partHolonym,counter
shelves,partHolonym,chest
shelves,partHolonym,dresser
shelves,hypernym,ridge
shelves,synonym,ledge
dandelion,hypernym,herb
mushrooms,synonym,mushroom
mushrooms,hypernym,cloud
mushrooms,hypernym,vegetable
mushrooms,hypernym,veggie
headlight,hypernym,light
headlight,synonym,headlamp
printer,hypernym,printer
printer,hypernym,machine
printer,hyponym,printer
produce,hypernym,food
produce,hyponym,vegetable
produce,hyponym,veggie
slab,hypernym,block
slab,hyponym,tablet
slab,hyponym,tile
toilets,hypernym,room
toilets,hyponym,restroom
toilets,hyponym,closet
toilets,hyponym,head
toilets,synonym,toilet
toilets,synonym,can
toilets,synonym,bathroom
toilets,partMeronym,toilet
toilets,partMeronym,can
toilets,partMeronym,commode
toilets,partMeronym,pot
toilets,partMeronym,stool
toilets,synonym,commode
toilets,synonym,pot
toilets,synonym,stool
toilets,partHolonym,bathroom
toilets,partHolonym,bath
toilets,partHolonym,toilet
toilets,partHolonym,can
toilets,synonym,gutter
toilets,synonym,sewer
toilets,hypernym,dressing
straps,hyponym,rein
straps,synonym,strap
straps,partHolonym,baggage
straps,partHolonym,luggage
straps,hypernym,hanger
straps,hypernym,band
straps,partHolonym,teddy
straps,partHolonym,brace
straps,partHolonym,bra
balls,hyponym,football
balls,hyponym,baseball
balls,hyponym,bowl
balls,hyponym,basketball
balls,hyponym,jack
balls,hyponym,softball
balls,hyponym,volleyball
balls,hyponym,marble
balls,synonym,ball
balls,hypernym,shot
balls,hypernym,sphere
balls,synonym,globe
balls,synonym,orb
balls,synonym,nut
balls,synonym,egg
balls,hypernym,toy
balls,synonym,lump
balls,synonym,clump
balls,synonym,chunk
balls,hypernym,structure
balls,partHolonym,sole
balls,partHolonym,hand
balls,partHolonym,mitt
balls,partHolonym,paw
balls,hypernym,baseball
balls,hypernym,pitch
title,hypernym,head
title,hypernym,name
title,hyponym,credit
title,hypernym,instrument
title,hypernym,writing
title,hypernym,right
whisk,hypernym,mixer
whisk,hypernym,broom
daytime,synonym,day
daytime,synonym,daylight
daytime,partHolonym,day
sled,hypernym,vehicle
sled,hyponym,toboggan
sled,partMeronym,runner
banana,hypernym,herb
banana,hyponym,plantain
structures,hypernym,artifact
structures,hyponym,arch
structures,hyponym,floor
structures,hyponym,level
structures,hyponym,story
structures,hyponym,balcony
structures,hyponym,platform
structures,hyponym,cross
structures,hyponym,building
structures,hyponym,porch
structures,hyponym,shelter
structures,hyponym,column
structures,hyponym,pillar
structures,hyponym,hangar
structures,hyponym,mound
structures,hyponym,hill
structures,hyponym,hull
structures,hyponym,corner
structures,hyponym,bridge
structures,hyponym,monument
structures,hyponym,landing
structures,hyponym,stadium
structures,hyponym,bowl
structures,hyponym,arena
structures,hyponym,tower
structures,hyponym,area
structures,hyponym,door
structures,hyponym,partition
structures,hyponym,divider
structures,hyponym,housing
structures,hyponym,sail
structures,hyponym,fountain
structures,hyponym,body
structures,hyponym,coil
structures,hyponym,signboard
structures,hyponym,sign
structures,synonym,structure
structures,synonym,construction
structures,partMeronym,plate
structures,partMeronym,foundation
structures,partMeronym,base
structures,partMeronym,foot
structures,hypernym,makeup
structures,hyponym,fabric
structures,hyponym,shape
structures,hyponym,pattern
structures,hyponym,arrangement
structures,hyponym,system
structures,hyponym,blade
structures,hyponym,plate
structures,hyponym,rib
structures,hyponym,tube
structures,hyponym,valve
structures,hyponym,head
structures,hyponym,layer
structures,hyponym,bulb
structures,hyponym,fold
structures,hyponym,ball
structures,hyponym,pad
structures,hyponym,tooth
structures,hyponym,root
structures,hypernym,system
waist,hypernym,area
waist,partHolonym,torso
waist,partHolonym,trunk
waist,partHolonym,body
waist,hypernym,part
waist,hypernym,portion
waist,partHolonym,sole
signs,synonym,sign
signs,synonym,mark
signs,hyponym,poster
signs,hyponym,placard
signs,hyponym,notice
signs,hyponym,bill
signs,hyponym,card
signs,hyponym,signpost
signs,hyponym,indicator
signs,hyponym,symbol
signs,hyponym,beam
signs,hyponym,number
signs,hyponym,alarm
signs,synonym,signal
signs,hypernym,structure
signs,hypernym,construction
signs,hyponym,scoreboard
signs,hyponym,billboard
signs,hyponym,shingle
signs,synonym,signboard
signs,hypernym,part
signs,synonym,house
signs,hypernym,grounds
signs,hypernym,motion
lashes,hypernym,hair
lashes,synonym,eyelash
lashes,partHolonym,eyelid
lashes,partHolonym,lid
mat,hyponym,canvas
mat,hypernym,pad
mat,hyponym,mousepad
tumbler,hypernym,glass
tumbler,hyponym,lever
tumbler,hyponym,pin
tumbler,partHolonym,lock
tumbler,synonym,roller
yogurt,hypernym,food
alley,hypernym,street
alley,hypernym,lane
chalk,hypernym,white
chalk,synonym,glass
chalk,synonym,ice
chalk,synonym,trash
mail,hypernym,message
mail,partMeronym,letter
mail,synonym,post
mail,hypernym,collection
console,hypernym,table
console,hypernym,bracket
console,hypernym,housing
console,synonym,cabinet
limbs,hypernym,member
limbs,hyponym,leg
limbs,hyponym,arm
limbs,hyponym,forearm
limbs,hyponym,thigh
limbs,synonym,limb
limbs,partMeronym,stump
limbs,hypernym,branch
limbs,hyponym,stick
limbs,partHolonym,tree
limbs,hypernym,edge
limbs,hypernym,border
limbs,hypernym,part
limbs,hypernym,portion
limbs,partHolonym,bow
limbs,synonym,arm
limbs,synonym,branch
stools,hypernym,seat
stools,hyponym,ottoman
stools,synonym,stool
stools,hyponym,dirt
stools,hyponym,poop
stools,hyponym,droppings
stools,hyponym,dung
stools,hypernym,stump
stools,synonym,toilet
stools,synonym,can
stools,synonym,commode
stools,synonym,pot
stools,partHolonym,bathroom
stools,partHolonym,bath
stools,partHolonym,toilet
stools,partHolonym,can
edges,hyponym,limb
edges,synonym,edge
edges,synonym,border
edges,hypernym,line
edges,hyponym,fringe
edges,hyponym,border
edges,hyponym,rim
edges,hypernym,side
edges,hyponym,brim
edges,hyponym,lip
edges,hyponym,curb
edges,hyponym,molding
edges,hyponym,moulding
edges,hyponym,shoulder
edges,hyponym,roadside
aircraft,partMeronym,nose
aircraft,partMeronym,skeleton
aircraft,partMeronym,frame
aircraft,partMeronym,bay
aircraft,partMeronym,cockpit
aircraft,partMeronym,skin
aircraft,partMeronym,cabin
receptacle,hypernym,container
receptacle,hyponym,ashtray
receptacle,hyponym,plate
receptacle,hyponym,socket
receptacle,hyponym,garbage
receptacle,hyponym,trough
receptacle,hyponym,tray
receptacle,hyponym,case
receptacle,partHolonym,stalk
receptacle,partHolonym,stem
receptacle,hyponym,slot
receptacle,hyponym,outlet
lap,hypernym,thigh
lap,hypernym,sphere
lap,hypernym,area
lap,hypernym,field
lap,hypernym,arena
lap,partHolonym,trouser
lap,partHolonym,pant
lap,partHolonym,skirt
lap,hypernym,flap
lap,hyponym,cuff
lap,hyponym,lapel
lap,synonym,circle
vessel,hypernym,tube
vessel,hyponym,ship
vessel,hyponym,yacht
vessel,hyponym,boat
vessel,hyponym,scooter
vessel,partMeronym,hull
vessel,partMeronym,anchor
vessel,partMeronym,rudder
vessel,partMeronym,bow
vessel,partMeronym,stem
vessel,hypernym,container
vessel,hyponym,pot
vessel,hyponym,barrel
vessel,hyponym,bathtub
vessel,hyponym,bath
vessel,hyponym,tub
vessel,hyponym,jar
vessel,hyponym,bottle
vessel,hyponym,tin
vessel,hyponym,mortar
vessel,hyponym,bowl
vessel,hyponym,drum
vessel,hyponym,pitcher
vessel,hyponym,tank
vessel,hyponym,basin
vessel,hyponym,bucket
vessel,hyponym,pail
vessel,hyponym,ladle
vessel,partMeronym,base
vessel,partMeronym,brim
vessel,partMeronym,rim
vessel,partMeronym,lip
pipes,hypernym,tube
pipes,hypernym,tubing
pipes,synonym,pipe
pipes,partMeronym,bowl
pipes,partMeronym,stem
pipes,hyponym,drain
pipes,hyponym,line
pipes,hyponym,main
pipes,hyponym,elbow
pipes,synonym,piping
pipes,partMeronym,spout
pipes,hypernym,cylinder
pipes,synonym,tube
pipes,hypernym,wind
skillet,hypernym,pan
skillet,hyponym,spider
skillet,partMeronym,handle
skillet,partMeronym,grip
frisbees,hypernym,disk
frisbees,hypernym,disc
frisbees,hypernym,toy
paddle,hypernym,bat
paddle,hypernym,blade
paddle,hypernym,vane
paddle,hypernym,oar
finger,hyponym,thumb
finger,hyponym,pinky
finger,partMeronym,knuckle
finger,partMeronym,fingertip
finger,partMeronym,pad
finger,partMeronym,fingernail
finger,partHolonym,hand
finger,partHolonym,mitt
finger,partHolonym,paw
finger,hypernym,covering
finger,partHolonym,glove
carpeting,hyponym,runner
carpeting,synonym,rug
carpeting,synonym,carpet
carpeting,partMeronym,edging
leash,synonym,tether
leash,synonym,lead
leash,hypernym,figure
leash,synonym,three
leash,synonym,3
leash,synonym,collar
fry,hyponym,monkey
fry,hyponym,toddler
fry,synonym,child
fry,synonym,kid
decoration,hypernym,artifact
decoration,hyponym,molding
decoration,hyponym,moulding
decoration,hyponym,decor
decoration,hyponym,fin
decoration,hyponym,finial
decoration,hyponym,garnish
decoration,hyponym,graffiti
decoration,hyponym,hanging
decoration,hyponym,bow
decoration,hyponym,centerpiece
decoration,hyponym,stud
decoration,hyponym,rivet
decoration,hyponym,design
decoration,hyponym,pattern
decoration,hyponym,figure
decoration,hyponym,knob
decoration,synonym,ornament
decoration,hypernym,award
decoration,synonym,medal
decoration,synonym,medallion
decoration,synonym,palm
decoration,synonym,ribbon
decoration,hyponym,trimming
decoration,hyponym,tattoo
decoration,hyponym,marking
cherry,hypernym,wood
cherry,partMeronym,cherry
cherry,partHolonym,cherry
cherry,hypernym,red
canal,hypernym,waterway
canal,hyponym,cut
canal,hyponym,race
canal,partMeronym,lock
archway,hypernym,entrance
archway,hypernym,entryway
archway,hypernym,entry
archway,synonym,arch
archway,partHolonym,wall
toys,hypernym,artifact
toys,hyponym,doll
toys,hyponym,dolly
toys,hyponym,top
toys,hyponym,ball
toys,hyponym,teddy
toys,hyponym,swing
toys,hyponym,slide
toys,hyponym,balloon
toys,hyponym,kite
toys,synonym,toy
toys,hypernym,device
toys,hypernym,dog
tine,hypernym,prong
tine,partHolonym,fork
eagle,hypernym,coin
eagle,hypernym,emblem
talons,hypernym,claw
talons,synonym,talon
rung,synonym,round
rung,synonym,spoke
rung,partHolonym,ladder
color,hyponym,shade
color,hypernym,race
color,hypernym,material
color,hypernym,stuff
color,hyponym,indicator
color,hyponym,paint
color,hyponym,stain
foods,hypernym,substance
foods,hyponym,beverage
foods,hyponym,drink
foods,hyponym,feed
foods,hyponym,water
foods,hyponym,yolk
foods,synonym,food
foods,partMeronym,food
foods,hyponym,chocolate
foods,hyponym,cheese
foods,hyponym,pasta
foods,hyponym,meat
foods,hyponym,loaf
foods,hyponym,fish
foods,hyponym,produce
foods,hyponym,seafood
foods,hyponym,yogurt
foods,hyponym,butter
foods,hyponym,coconut
foods,partHolonym,food
tin,hypernym,metal
tin,hypernym,vessel
tin,hypernym,container
tin,synonym,canister
tin,synonym,cannister
tin,synonym,can
texture,hypernym,character
texture,hyponym,grain
texture,hypernym,makeup
texture,synonym,grain
tread,hypernym,step
tread,partHolonym,walk
tread,partHolonym,walking
tread,hypernym,surface
tread,partHolonym,step
tread,partHolonym,stair
barricade,hypernym,barrier
planes,hyponym,fighter
planes,hyponym,jet
planes,hyponym,airliner
planes,synonym,airplane
planes,synonym,aeroplane
planes,synonym,plane
planes,partMeronym,fuselage
planes,partMeronym,windshield
planes,partMeronym,windscreen
planes,partMeronym,gun
planes,partMeronym,wing
planes,partMeronym,hood
planes,partMeronym,bonnet
planes,hypernym,shape
planes,synonym,sheet
planes,hypernym,level
planes,hypernym,stage
planes,hypernym,point
diamond,hyponym,ice
diamond,synonym,infield
diamond,partMeronym,base
diamond,partMeronym,bag
diamond,partMeronym,mound
diamond,partMeronym,hill
diamond,partMeronym,short
diamond,partHolonym,diamond
diamond,hypernym,field
diamond,partMeronym,box
diamond,partMeronym,diamond
diamond,partMeronym,infield
diamond,partMeronym,outfield
diamond,partHolonym,park
waters,hypernym,liquid
waters,synonym,water
waters,hypernym,thing
waters,hyponym,waterfall
waters,hyponym,bay
waters,hyponym,main
waters,hyponym,stream
waters,hyponym,pool
waters,hyponym,puddle
waters,hyponym,waterway
waters,hyponym,drink
waters,hyponym,sea
waters,hyponym,lake
waters,hyponym,crossing
waters,hyponym,ocean
waters,partHolonym,surface
waters,partHolonym,base
waters,hypernym,food
stream,hypernym,water
stream,hyponym,branch
stream,hyponym,river
stream,hyponym,creek
stream,partMeronym,crossing
stream,hypernym,course
stream,hypernym,line
stream,hypernym,motion
fur,hyponym,fox
fur,hyponym,squirrel
fur,hyponym,rabbit
fur,hyponym,seal
fur,hypernym,coat
fur,hypernym,garment
geese,synonym,goose
geese,partMeronym,goose
geese,partHolonym,goose
cargo,hypernym,merchandise
cargo,hypernym,product
ram,hypernym,person
ram,hypernym,individual
ram,hypernym,someone
ram,hypernym,tool
ram,partMeronym,head
ram,hypernym,sheep
ram,partMeronym,horn
ceramic,hyponym,brick
exhaust,hypernym,system
exhaust,partMeronym,muffler
ingredients,hyponym,base
ingredients,synonym,ingredient
ingredients,hypernym,part
ingredients,hypernym,section
ingredients,hyponym,point
ingredients,hyponym,seasoning
ingredients,hyponym,white
ingredients,hyponym,yolk
ingredients,partHolonym,dish
rope,hypernym,line
rope,hyponym,tier
rope,hyponym,brace
rope,hyponym,cable
rope,hyponym,halter
rope,synonym,circle
document,hypernym,writing
document,hyponym,platform
document,hyponym,instrument
document,hyponym,copyright
document,hyponym,enclosure
document,synonym,papers
document,hyponym,letter
document,hyponym,record
wrapping,hypernym,covering
wrapping,hyponym,jacket
wrapping,hyponym,envelope
wrapping,synonym,wrap
wrapping,synonym,wrapper
wrapping,hypernym,bandage
wrapping,hypernym,patch
pallet,hypernym,range
pallet,hypernym,compass
pallet,hypernym,platform
pallet,hypernym,mattress
pallet,hypernym,board
eyeball,synonym,orb
eyeball,partHolonym,eye
parade,hypernym,display
parade,hypernym,exhibit
gown,hypernym,dress
gown,partMeronym,train
gown,hypernym,garment
gown,synonym,robe
chives,synonym,chive
chives,partMeronym,chives
chives,hypernym,herb
chives,partHolonym,chives
chives,partHolonym,chive
jar,hypernym,vessel
jar,hyponym,vase
jar,partMeronym,lid
jar,partMeronym,mouth
jar,hypernym,bump
slit,hypernym,opening
slit,hyponym,vent
slit,hyponym,slot
slit,hypernym,imprint
slit,synonym,scratch
slit,synonym,dent
slit,hypernym,crack
slit,hypernym,crevice
cot,synonym,crib
cot,hypernym,bed
cot,partMeronym,leg
lane,hypernym,way
lane,hypernym,path
lane,hyponym,alley
spray,hypernym,dispenser
spray,hypernym,jet
viewer,synonym,spectator
eraser,hyponym,rubber
bicycle,synonym,bike
bicycle,synonym,wheel
bicycle,synonym,cycle
bicycle,partMeronym,chain
bicycle,partMeronym,handlebar
bicycle,partMeronym,saddle
bicycle,partMeronym,kickstand
bicycle,partMeronym,pedal
hotel,hypernym,building
hotel,hyponym,lodge
hotel,hyponym,resort
hotel,hyponym,court
donkey,hypernym,emblem
parking,hypernym,room
parking,hypernym,way
piece,hypernym,part
piece,hypernym,portion
piece,hyponym,spindle
piece,hyponym,beam
piece,hypernym,item
piece,hypernym,thing
piece,hyponym,lump
piece,hyponym,base
piece,hyponym,corner
piece,hyponym,slice
piece,hyponym,strip
piece,synonym,part
piece,partHolonym,unit
piece,hypernym,music
piece,hyponym,arrangement
piece,hypernym,case
piece,synonym,bit
piece,hypernym,gun
piece,hyponym,rifle
piece,partMeronym,lock
piece,synonym,slice
piece,hypernym,distance
piece,hypernym,time
piece,hyponym,snap
piece,synonym,patch
piece,hyponym,black
piece,hyponym,tile
piece,hyponym,white
piece,synonym,man
skier,hypernym,athlete
blinders,hypernym,blind
blinders,hypernym,screen
blinders,synonym,blinker
blinders,synonym,blinder
turban,hypernym,headdress
holster,hypernym,belt
tangerines,synonym,tangerine
tangerines,partMeronym,tangerine
tangerines,partHolonym,tangerine
goats,hyponym,kid
goats,synonym,goat
goats,partMeronym,beard
goats,partMeronym,horn
goats,synonym,butt
goats,hypernym,person
goats,hypernym,individual
goats,hypernym,someone
teacup,hypernym,cup
teacup,partMeronym,handle
teacup,partMeronym,grip
flats,hypernym,footwear
flats,hypernym,plain
flats,hypernym,field
flats,synonym,flat
flats,hypernym,box
flats,synonym,flatbed
flats,hypernym,scenery
flats,hypernym,scene
flats,partHolonym,setting
flats,hypernym,housing
flats,synonym,apartment
droplets,hypernym,drop
droplets,synonym,droplet
arena,hyponym,front
arena,hyponym,land
arena,hyponym,lap
arena,synonym,sphere
arena,synonym,area
arena,synonym,field
arena,hypernym,area
arena,hypernym,country
arena,hypernym,structure
arena,hypernym,construction
arena,hyponym,dome
arena,hyponym,park
arena,synonym,stadium
arena,synonym,bowl
arena,partMeronym,field
arena,partMeronym,stand
arena,hypernym,field
crouton,hypernym,bread
ads,hypernym,packaging
ads,hyponym,circular
ads,hyponym,bill
ads,hyponym,flyer
ads,hyponym,trailer
ads,synonym,ad
ads,synonym,advertisement
ads,synonym,advertising
hand,hyponym,right
hand,hyponym,hooks
hand,hyponym,fist
hand,hyponym,left
hand,synonym,mitt
hand,synonym,paw
hand,partMeronym,finger
hand,partMeronym,palm
hand,partMeronym,ball
hand,partHolonym,arm
hand,partHolonym,man
hand,partHolonym,human
hand,hypernym,jack
hand,hyponym,groom
hand,hypernym,writing
hand,hyponym,scratch
hand,synonym,handwriting
hand,hypernym,power
hand,hypernym,side
hand,hypernym,collection
columns,synonym,column
columns,hypernym,tube
columns,hypernym,tubing
columns,hypernym,shape
columns,synonym,tower
columns,synonym,pillar
columns,partHolonym,newspaper
columns,partHolonym,paper
columns,hypernym,structure
columns,hypernym,construction
columns,hyponym,pile
columns,partMeronym,pedestal
columns,partMeronym,shaft
columns,partMeronym,cap
columns,partHolonym,temple
columns,hypernym,text
story,hypernym,message
story,hypernym,substance
story,hypernym,structure
story,hypernym,construction
story,synonym,floor
story,synonym,level
story,partHolonym,building
story,hypernym,record
story,hyponym,scoop
breast,synonym,chest
breast,partHolonym,chest
breast,hypernym,portion
breast,partHolonym,chicken
breast,partHolonym,turkey
milk,hypernym,beverage
milk,hypernym,drink
suitcase,hypernym,baggage
suitcase,hypernym,luggage
suitcase,synonym,bag
suitcase,synonym,grip
desk,hypernym,table
desk,partMeronym,drawer
c,hypernym,base
c,hyponym,diamond
c,hypernym,letter
c,synonym,coke
c,synonym,snow
letter,hypernym,document
letter,hypernym,text
letter,partMeronym,line
letter,partMeronym,address
letter,partMeronym,destination
letter,partHolonym,mail
letter,hypernym,character
letter,hyponym,i
letter,hyponym,he
letter,hyponym,v
letter,hyponym,e
letter,hyponym,n
letter,hyponym,d
letter,hyponym,r
letter,hyponym,f
letter,hyponym,u
letter,hyponym,a
letter,hyponym,y
letter,hyponym,m
letter,hyponym,l
letter,hyponym,g
letter,hyponym,b
letter,hyponym,p
letter,hyponym,x
letter,hyponym,t
letter,hyponym,h
letter,hyponym,s
letter,hyponym,c
letter,hyponym,k
letter,hyponym,shin
letter,hyponym,w
letter,hyponym,o
letter,hypernym,owner
letter,hypernym,award
pin,hypernym,jewelry
pin,hypernym,marker
pin,hypernym,marking
pin,hypernym,mark
pin,synonym,peg
pin,hypernym,number
pin,hypernym,leg
pin,synonym,stick
pin,hypernym,tumbler
pin,synonym,flag
pin,hypernym,fastener
pin,hyponym,skewer
pin,hyponym,rivet
pin,hyponym,barrette
pin,hyponym,peg
pin,partMeronym,point
pin,partMeronym,head
pin,partMeronym,stem
pin,hypernym,holder
pin,partHolonym,rowboat
outdoors,hypernym,outside
outdoors,hypernym,exterior
outdoors,synonym,open
kickstand,hypernym,rod
kickstand,partHolonym,motorcycle
kickstand,partHolonym,bike
kickstand,partHolonym,bicycle
kickstand,partHolonym,wheel
kickstand,partHolonym,cycle
clasp,hypernym,fastener
clasp,partHolonym,bracelet
clasp,partHolonym,bag
clasp,partHolonym,handbag
clasp,partHolonym,pocketbook
clasp,partHolonym,purse
clasp,synonym,grip
missile,hypernym,arm
missile,hypernym,rocket
missile,partMeronym,nose
missile,partMeronym,vane
missile,hyponym,shot
missile,hyponym,arrow
cheeks,synonym,cheek
cheeks,partHolonym,face
cheeks,partHolonym,torso
cheeks,partHolonym,trunk
cheeks,partHolonym,body
cheeks,synonym,face
font,synonym,face
font,synonym,case
font,hypernym,basin
iron,hypernym,metal
iron,hypernym,club
iron,hyponym,wedge
support,hyponym,attachment
support,hyponym,anchor
support,hyponym,prop
support,hyponym,foundation
support,hyponym,base
support,hyponym,foot
support,hyponym,pedestal
support,hyponym,hanging
support,hypernym,part
support,hypernym,device
support,hyponym,shelf
support,hyponym,hanger
support,hyponym,bar
support,hyponym,stirrup
support,hyponym,harness
support,hyponym,pier
support,hyponym,step
support,hyponym,stair
support,hyponym,seat
support,hyponym,perch
support,hyponym,backboard
support,hyponym,stand
support,hyponym,dog
support,hyponym,rest
support,hyponym,tee
support,hyponym,bedpost
support,hyponym,bridge
support,hyponym,back
support,hyponym,backrest
support,hyponym,leg
support,hyponym,brace
support,hyponym,rib
support,hyponym,rack
support,hyponym,bracket
support,hyponym,spoke
barge,hypernym,boat
barge,hyponym,houseboat
barge,synonym,lighter
snowboards,hypernym,board
snowboards,synonym,snowboard
backrest,hypernym,support
backrest,synonym,back
backrest,partHolonym,chair
spikes,synonym,spike
spikes,partHolonym,shoe
spikes,hypernym,fruit
spikes,synonym,ear
spikes,partHolonym,corn
spikes,hypernym,heel
spikes,hypernym,point
spikes,synonym,spindle
spikes,hypernym,nail
movies,hypernym,product
movies,hypernym,show
movies,synonym,movie
movies,synonym,picture
movies,partMeronym,credit
movies,partMeronym,scene
movies,partMeronym,shot
heart,synonym,pump
heart,partMeronym,valve
heart,hypernym,area
heart,hypernym,country
heart,hyponym,seat
heart,synonym,center
heart,synonym,middle
heart,synonym,eye
heart,hyponym,stuff
heart,synonym,substance
heart,synonym,meat
heart,hyponym,attachment
strawberry,hypernym,berry
strawberry,hypernym,herb
tortilla,hypernym,pancake
tortilla,partHolonym,wrap
bottles,hypernym,vessel
bottles,hyponym,jug
bottles,hyponym,carafe
bottles,synonym,bottle
bottles,partMeronym,mouth
bottles,partMeronym,nipple
bandanna,hypernym,handkerchief
bandanna,synonym,bandana
foliage,hyponym,pad
foliage,hyponym,frond
foliage,hyponym,greenery
foliage,hyponym,pitcher
foliage,hyponym,scale
foliage,hyponym,blade
foliage,synonym,leaf
crumbs,synonym,crumb
crumbs,hypernym,bit
crumbs,hypernym,bite
right,hyponym,floor
right,hyponym,title
right,hypernym,place
right,partHolonym,outfield
right,hypernym,hand
right,hypernym,mitt
right,hypernym,paw
right,hypernym,turn
right,hypernym,stake
racket,hyponym,bat
racket,synonym,racquet
racket,partMeronym,handle
racket,partMeronym,grip
racket,partMeronym,face
pillow,hypernym,cushion
volleyball,hypernym,ball
lamp,hyponym,taillight
lamp,hyponym,candle
lamp,hyponym,lantern
lamp,hyponym,flash
lamp,hyponym,spotlight
lamp,hyponym,spot
lamp,hyponym,streetlight
lamp,hypernym,furniture
lamp,partMeronym,base
lamp,partMeronym,lampshade
basketball,partMeronym,half
basketball,hypernym,ball
newspaper,hyponym,rag
newspaper,hyponym,sheet
newspaper,synonym,paper
newspaper,partMeronym,column
newspaper,partMeronym,strip
newspaper,hypernym,product
newspaper,hypernym,paper
ottoman,hypernym,seat
ottoman,hypernym,stool
skiers,hypernym,athlete
skiers,synonym,skier
forehead,synonym,brow
forehead,partHolonym,face
triangles,hyponym,wedge
triangles,synonym,triangle
triangles,hypernym,shape
glaze,hypernym,topping
glaze,hypernym,polish
automobile,hyponym,convertible
automobile,hyponym,wagon
automobile,hyponym,jeep
automobile,hyponym,hatchback
automobile,hyponym,sedan
automobile,hyponym,cab
automobile,hyponym,taxi
automobile,hyponym,racer
automobile,hyponym,minivan
automobile,hyponym,bus
automobile,hyponym,ambulance
automobile,synonym,car
automobile,synonym,machine
automobile,partMeronym,bumper
automobile,partMeronym,window
automobile,partMeronym,fin
automobile,partMeronym,hood
automobile,partMeronym,bonnet
automobile,partMeronym,trunk
automobile,partMeronym,roof
automobile,partMeronym,horn
automobile,partMeronym,fender
automobile,partMeronym,wing
automobile,partMeronym,grille
automobile,partMeronym,gun
bud,hypernym,flower
bud,hypernym,bloom
bud,hypernym,blossom
language,hyponym,words
language,hyponym,tongue
language,hyponym,charm
language,hyponym,word
language,hyponym,expression
language,hypernym,text
language,synonym,words
language,hypernym,word
nut,hypernym,seed
nut,hyponym,mast
nut,hypernym,block
nut,synonym,ball
nut,synonym,egg
crab,hypernym,person
crab,hypernym,individual
crab,hypernym,someone
crab,hypernym,row
horizon,hypernym,line
horizon,synonym,skyline
horizon,hypernym,range
horizon,hypernym,compass
horizon,synonym,view
horizon,partHolonym,profile
cartoon,hyponym,strip
hall,synonym,hallway
hall,partMeronym,floor
hall,partMeronym,flooring
hall,partMeronym,ceiling
hall,partMeronym,wall
hall,hypernym,room
hall,partHolonym,building
hall,hyponym,floor
hall,hypernym,building
hall,partHolonym,hall
hall,hypernym,house
hall,hyponym,castle
hall,partMeronym,hall
server,synonym,waiter
server,hypernym,player
server,hypernym,computer
server,hypernym,utensil
pavement,hypernym,artifact
pavement,hyponym,asphalt
pavement,hyponym,concrete
pavement,hyponym,tarmac
pavement,hypernym,walk
pavement,hypernym,walkway
pavement,synonym,sidewalk
border,hypernym,edge
border,hyponym,lip
border,hyponym,limb
border,synonym,edge
border,synonym,molding
border,synonym,moulding
border,hyponym,edging
onions,hypernym,bulb
onions,synonym,onion
onions,partHolonym,onion
onions,partMeronym,onion
onions,hypernym,vegetable
onions,hypernym,veggie
onions,hyponym,scallion
cooler,hypernym,refrigerator
cooler,hypernym,beverage
cooler,hypernym,drink
cooler,hypernym,cell
cooler,synonym,tank
barrier,hyponym,bannister
barrier,hyponym,banister
barrier,hyponym,handrail
barrier,hyponym,barricade
barrier,hyponym,mole
barrier,hyponym,jetty
barrier,hyponym,hurdle
barrier,hyponym,fender
barrier,hyponym,wing
barrier,hyponym,fence
barrier,hyponym,fencing
barrier,hyponym,railing
barrier,hyponym,rail
barrier,hyponym,grate
barrier,hyponym,grating
barrier,hypernym,obstacle
barrier,hypernym,mechanism
barrier,hyponym,bar
barrier,hyponym,curtain
octopus,hypernym,seafood
octopus,partHolonym,octopus
octopus,partMeronym,octopus
satchel,hypernym,baggage
satchel,hypernym,luggage
camera,partMeronym,magazine
camera,partMeronym,hood
camera,partMeronym,stop
camera,partMeronym,shutter
pages,hypernym,leaf
pages,hyponym,spread
pages,synonym,page
clay,hypernym,soil
clay,hypernym,dirt
clay,synonym,mud
clay,hypernym,body
aquarium,hypernym,tank
clear,hypernym,area
clear,hypernym,country
clear,synonym,open
pacifier,hypernym,thing
pacifier,hypernym,device
pacifier,synonym,comforter
hands,synonym,men
hands,hyponym,right
hands,hyponym,hooks
hands,hyponym,fist
hands,hyponym,left
hands,synonym,hand
hands,synonym,mitt
hands,synonym,paw
hands,partMeronym,finger
hands,partMeronym,palm
hands,partMeronym,ball
hands,partHolonym,arm
hands,partHolonym,man
hands,partHolonym,human
hands,hypernym,jack
hands,hyponym,groom
hands,hypernym,writing
hands,hyponym,scratch
hands,synonym,handwriting
hands,hypernym,power
hands,hypernym,side
hands,hypernym,collection
balconies,hypernym,structure
balconies,hypernym,construction
balconies,synonym,balcony
balconies,partMeronym,box
balconies,partMeronym,bannister
balconies,partMeronym,banister
balconies,partMeronym,handrail
bleacher,hypernym,worker
mustache,hyponym,toothbrush
mustache,synonym,moustache
mustache,partHolonym,beard
mustache,partHolonym,whiskers
hips,synonym,hip
hips,partHolonym,torso
hips,partHolonym,trunk
hips,partHolonym,body
hips,partMeronym,hip
hips,partHolonym,thigh
hips,partHolonym,hip
hips,hypernym,fruit
hips,partHolonym,rose
students,synonym,student
students,synonym,pupil
jets,hypernym,airplane
jets,hypernym,aeroplane
jets,hypernym,plane
jets,synonym,jet
jets,hyponym,spray
jets,synonym,green
jets,synonym,fountain
wild,hyponym,bush
wild,synonym,wilderness
photos,hyponym,stereo
photos,hyponym,snap
photos,hyponym,shot
photos,hyponym,scene
photos,hyponym,frame
photos,hyponym,print
photos,hyponym,cheesecake
photos,synonym,photograph
photos,synonym,photo
photos,synonym,picture
vases,hypernym,jar
vases,hyponym,urn
vases,synonym,vase
vases,hypernym,tube
vases,synonym,vessel
edge,hyponym,limb
edge,synonym,border
edge,hypernym,line
edge,hyponym,fringe
edge,hyponym,border
edge,hyponym,rim
edge,hypernym,side
edge,hyponym,brim
edge,hyponym,lip
edge,hyponym,curb
edge,hyponym,molding
edge,hyponym,moulding
edge,hyponym,shoulder
edge,hyponym,roadside
court,hyponym,court
court,hypernym,room
court,partMeronym,bench
court,partMeronym,bar
court,hypernym,field
court,hypernym,hotel
court,hypernym,court
court,hypernym,area
court,synonym,courtyard
court,partHolonym,building
pins,hypernym,jewelry
pins,synonym,pin
pins,hypernym,marker
pins,hypernym,marking
pins,hypernym,mark
pins,synonym,peg
pins,hypernym,number
pins,hypernym,leg
pins,synonym,stick
pins,hypernym,tumbler
pins,synonym,flag
pins,hypernym,fastener
pins,hyponym,skewer
pins,hyponym,rivet
pins,hyponym,barrette
pins,hyponym,peg
pins,partMeronym,point
pins,partMeronym,head
pins,partMeronym,stem
pins,hypernym,holder
pins,partHolonym,rowboat
thigh,hypernym,limb
thigh,hyponym,lap
thigh,partMeronym,hip
thigh,partHolonym,leg
thigh,hypernym,portion
thigh,partHolonym,bird
bedroom,hypernym,room
bedroom,partMeronym,bed
bedroom,partHolonym,home
cartons,synonym,carton
cartons,hypernym,box
thumb,hypernym,finger
thumb,partMeronym,thumbnail
thumb,hypernym,covering
thumb,partHolonym,glove
thumb,hypernym,molding
thumb,hypernym,moulding
3,hypernym,figure
3,synonym,three
3,synonym,leash
knot,hypernym,bunch
knot,hypernym,clump
knot,hypernym,cluster
knot,hypernym,fastener
knot,hyponym,hitch
knot,hyponym,bow
knot,hypernym,wood
knot,partHolonym,board
knot,partHolonym,plank
flyer,hypernym,ad
flyer,hypernym,advertisement
flyer,hypernym,advertising
flyer,synonym,circular
flyer,synonym,bill
flyer,hyponym,pilot
cloths,hypernym,artifact
cloths,hyponym,wool
cloths,hyponym,cord
cloths,hyponym,denim
cloths,hyponym,jean
cloths,hyponym,duck
cloths,hyponym,print
cloths,hyponym,diaper
cloths,hyponym,plush
cloths,hyponym,plaid
cloths,hyponym,canvas
cloths,hyponym,hair
cloths,hyponym,canopy
cloths,hyponym,net
cloths,hyponym,mesh
cloths,hyponym,lace
cloths,hyponym,tapestry
cloths,hyponym,linen
cloths,synonym,fabric
cloths,synonym,cloth
cloths,synonym,material
cloths,partMeronym,edging
pink,hyponym,rose
pink,hyponym,peach
pink,hyponym,carnation
pink,hypernym,flower
material,hypernym,substance
material,hyponym,filling
material,hyponym,conductor
material,hyponym,foam
material,hyponym,dust
material,hyponym,rock
material,hyponym,stone
material,hyponym,speck
material,hyponym,bedding
material,hyponym,litter
material,hyponym,color
material,hyponym,earth
material,hyponym,ground
material,hyponym,paper
material,synonym,stuff
material,hypernym,information
material,hypernym,artifact
material,hyponym,wool
material,hyponym,cord
material,hyponym,denim
material,hyponym,jean
material,hyponym,duck
material,hyponym,print
material,hyponym,diaper
material,hyponym,plush
material,hyponym,plaid
material,hyponym,canvas
material,hyponym,hair
material,hyponym,canopy
material,hyponym,net
material,hyponym,mesh
material,hyponym,lace
material,hyponym,tapestry
material,hyponym,linen
material,synonym,fabric
material,synonym,cloth
material,partMeronym,edging
material,hypernym,equipment
material,hyponym,roofing
material,hyponym,railing
material,hyponym,packaging
bag,hypernym,container
bag,hyponym,pouch
bag,hyponym,saddlebag
bag,hyponym,sack
bag,hyponym,skin
bag,hyponym,backpack
bag,hyponym,envelope
bag,hyponym,purse
bag,hyponym,home
bag,hyponym,plate
bag,synonym,base
bag,partHolonym,diamond
bag,partHolonym,infield
bag,synonym,handbag
bag,synonym,pocketbook
bag,synonym,purse
bag,partMeronym,clasp
bag,hypernym,baggage
bag,hypernym,luggage
bag,synonym,grip
bag,synonym,suitcase
bag,synonym,udder
bag,partHolonym,cow
bag,synonym,dish
counter,hypernym,table
counter,hyponym,bar
counter,partMeronym,countertop
counter,hyponym,chip
counter,hypernym,calculator
counter,hypernym,furniture
counter,partMeronym,shelf
counter,partMeronym,drawer
counter,hypernym,person
counter,hypernym,individual
counter,hypernym,someone
counter,hyponym,lip
counter,hyponym,mouth
counter,hypernym,register
counter,partHolonym,boot
counter,partHolonym,shoe
nails,hyponym,toenail
nails,hyponym,fingernail
nails,synonym,nail
nails,hypernym,fastener
nails,hyponym,spike
nails,partMeronym,stem
nails,partMeronym,head
horn,hyponym,antler
horn,partHolonym,ram
horn,partHolonym,goat
horn,partHolonym,bull
horn,hypernym,alarm
horn,hypernym,device
horn,partHolonym,car
horn,partHolonym,automobile
horn,partHolonym,machine
frosting,hypernym,topping
frosting,synonym,icing
frosting,synonym,ice
mobile,hypernym,sculpture
bunches,hyponym,tuft
bunches,hyponym,knot
bunches,synonym,bunch
bunches,synonym,clump
bunches,synonym,cluster
bunches,synonym,crowd
bunches,hypernym,collection
bunches,synonym,lot
bulldozer,hypernym,tractor
specks,hypernym,spot
specks,hypernym,patch
specks,synonym,speck
specks,hypernym,material
specks,hypernym,stuff
specks,hyponym,grain
cabbage,hyponym,kale
cabbage,partHolonym,cabbage
cabbage,hypernym,money
cabbage,synonym,bread
cabbage,synonym,dough
cabbage,synonym,kale
cabbage,synonym,lettuce
cabbage,synonym,scratch
cabbage,synonym,sugar
cabbage,partMeronym,cabbage
belt,hypernym,loop
belt,hyponym,band
belt,hyponym,track
belt,hyponym,conveyor
belt,hyponym,holster
belt,hypernym,part
belt,hypernym,bump
belt,hypernym,path
belt,hypernym,track
belt,hypernym,course
salt,hyponym,soda
salt,hypernym,seasoning
pump,hyponym,gun
pump,partMeronym,cylinder
pump,synonym,heart
pump,partMeronym,valve
pump,hypernym,shoe
pump,hyponym,spectator
cast,hypernym,container
cast,hyponym,pig
cast,synonym,mold
cast,synonym,stamp
cast,synonym,shape
cast,hypernym,bandage
cast,hypernym,patch
cast,hyponym,block
cast,hypernym,throw
cast,synonym,roll
chairs,hypernym,seat
chairs,hyponym,wheelchair
chairs,hyponym,armchair
chairs,synonym,chair
chairs,partMeronym,leg
chairs,partMeronym,back
chairs,partMeronym,backrest
chairs,hypernym,post
chairs,hypernym,office
chairs,hypernym,spot
chairs,hypernym,place
barriers,hyponym,bannister
barriers,hyponym,banister
barriers,hyponym,handrail
barriers,hyponym,barricade
barriers,hyponym,mole
barriers,hyponym,jetty
barriers,hyponym,hurdle
barriers,hyponym,fender
barriers,hyponym,wing
barriers,hyponym,fence
barriers,hyponym,fencing
barriers,hyponym,railing
barriers,hyponym,rail
barriers,hyponym,grate
barriers,hyponym,grating
barriers,synonym,barrier
barriers,hypernym,obstacle
barriers,hypernym,mechanism
barriers,hyponym,bar
barriers,hyponym,curtain
pizzas,hypernym,dish
pizzas,synonym,pizza
dividers,synonym,divider
dividers,hypernym,person
dividers,hypernym,individual
dividers,hypernym,someone
dividers,hypernym,structure
dividers,hypernym,construction
dividers,hyponym,wall
dividers,hyponym,screen
dividers,synonym,partition
battery,hyponym,pile
battery,partMeronym,terminal
battery,partMeronym,pole
battery,hypernym,collection
battery,partMeronym,gun
battery,hypernym,team
battery,partMeronym,stamp
battery,hypernym,fire
pamphlet,hypernym,book
pamphlet,synonym,booklet
pamphlet,synonym,brochure
pamphlet,synonym,folder
apples,synonym,apple
apples,partHolonym,apple
apples,partMeronym,apple
handlebar,hypernym,bar
handlebar,partMeronym,handle
handlebar,partMeronym,grip
handlebar,partHolonym,bicycle
handlebar,partHolonym,bike
handlebar,partHolonym,wheel
handlebar,partHolonym,cycle
stain,hypernym,color
stain,synonym,dirt
stain,synonym,soil
stain,synonym,grease
stain,hypernym,symbol
stain,synonym,mark
stain,synonym,brand
stain,synonym,spot
turkey,partMeronym,breast
turkey,hypernym,bust
riders,synonym,rider
riders,partHolonym,bill
riders,synonym,passenger
cutter,hypernym,diner
cutter,hypernym,boat
cutter,synonym,cutlery
kid,hyponym,monkey
kid,hyponym,toddler
kid,synonym,child
kid,synonym,fry
kid,hypernym,leather
kid,hyponym,baby
kid,hyponym,infant
kid,hypernym,goat
freeway,hypernym,highway
blender,hypernym,mixer
puppy,hypernym,dog
fixtures,hypernym,artifact
fixtures,synonym,fixture
sprinkle,hypernym,shower
tailgate,hypernym,gate
tailgate,partHolonym,wagon
tailgate,partHolonym,truck
cilantro,hypernym,herb
cilantro,partMeronym,cilantro
cilantro,partHolonym,cilantro
wording,hypernym,expression
pineapples,hypernym,herb
pineapples,synonym,pineapple
pineapples,partMeronym,pineapple
pineapples,partHolonym,pineapple
cake,hypernym,block
cake,hyponym,tablet
cake,synonym,bar
cake,hypernym,dish
cake,synonym,patty
cake,hyponym,cookie
cake,hyponym,biscuit
cake,hyponym,waffle
cake,hyponym,cupcake
cake,hyponym,pancake
cake,hyponym,cheesecake
a,hypernym,base
a,hypernym,letter
bay,hypernym,water
bay,partHolonym,sea
bay,hypernym,compartment
bay,partHolonym,ship
bay,partHolonym,aircraft
bay,hyponym,cubicle
bay,hyponym,stall
bay,synonym,alcove
bay,hypernym,horse
rider,partHolonym,bill
rider,synonym,passenger
fountain,hypernym,structure
fountain,hypernym,construction
fountain,hypernym,formation
fountain,synonym,spring
fountain,synonym,jet
windmill,hypernym,grinder
windmill,partMeronym,blade
windmill,partMeronym,vane
storefront,hypernym,front
storefront,partHolonym,shop
storefront,partHolonym,store
quilt,hypernym,bedding
quilt,hyponym,duvet
quilt,synonym,comforter
cigarettes,hypernym,smoke
cigarettes,hyponym,joint
cigarettes,hyponym,stick
cigarettes,synonym,cigarette
cigarettes,synonym,butt
drops,hypernym,sphere
drops,synonym,drop
drops,synonym,bead
drops,synonym,pearl
drops,hyponym,droplet
drops,hyponym,tear
drops,synonym,dip
drops,hypernym,formation
drops,synonym,cliff
drops,hypernym,curtain
drops,hypernym,drape
drops,hypernym,mantle
bumpers,hypernym,glass
bumpers,synonym,bumper
bumpers,partHolonym,car
bumpers,partHolonym,automobile
bumpers,partHolonym,machine
bumpers,partHolonym,truck
hedges,hypernym,fence
hedges,hypernym,fencing
hedges,synonym,hedge
hedges,hypernym,protection
steeple,hypernym,tower
steeple,synonym,spire
letters,hypernym,document
letters,hypernym,text
letters,synonym,letter
letters,partMeronym,line
letters,partMeronym,address
letters,partMeronym,destination
letters,partHolonym,mail
letters,hypernym,character
letters,hyponym,i
letters,hyponym,he
letters,hyponym,v
letters,hyponym,e
letters,hyponym,n
letters,hyponym,d
letters,hyponym,r
letters,hyponym,f
letters,hyponym,u
letters,hyponym,a
letters,hyponym,y
letters,hyponym,m
letters,hyponym,l
letters,hyponym,g
letters,hyponym,b
letters,hyponym,p
letters,hyponym,x
letters,hyponym,t
letters,hyponym,h
letters,hyponym,s
letters,hyponym,c
letters,hyponym,k
letters,hyponym,shin
letters,hyponym,w
letters,hyponym,o
letters,hypernym,owner
letters,hypernym,award
globe,synonym,earth
globe,partMeronym,air
globe,partMeronym,sky
globe,partMeronym,land
globe,partMeronym,earth
globe,partMeronym,ground
globe,hypernym,sphere
globe,synonym,ball
globe,synonym,orb
globe,hypernym,model
stump,hyponym,stool
stump,partHolonym,tree
stump,partHolonym,tooth
stump,partHolonym,limb
stump,hypernym,post
stump,partHolonym,lattice
stump,partHolonym,grille
stump,hypernym,platform
stump,synonym,podium
chair,hypernym,seat
chair,hyponym,wheelchair
chair,hyponym,armchair
chair,partMeronym,leg
chair,partMeronym,back
chair,partMeronym,backrest
chair,hypernym,post
chair,hypernym,office
chair,hypernym,spot
chair,hypernym,place
brakes,hypernym,brake
brakes,partMeronym,stoplight
brakes,hyponym,brakes
brakes,synonym,brake
brakes,hypernym,fern
brakes,hypernym,brush
control,hypernym,power
control,hyponym,rein
control,hyponym,steering
control,hyponym,direction
control,hypernym,mechanism
control,hyponym,valve
control,hyponym,switch
control,hyponym,dial
control,synonym,controller
control,hyponym,ceiling
control,hyponym,roof
control,hyponym,cap
control,hyponym,floor
control,hyponym,base
disc,synonym,record
disc,synonym,disk
disc,synonym,platter
disc,hyponym,point
disc,hyponym,dot
disc,synonym,saucer
disc,hypernym,plate
disc,hypernym,circle
disc,hypernym,round
disc,hyponym,saucer
motorboat,hypernym,boat
motorboat,hyponym,scooter
motorboat,partMeronym,windshield
motorboat,partMeronym,windscreen
houseboat,hypernym,barge
houseboat,hypernym,lighter
arm,hypernym,limb
arm,partMeronym,wrist
arm,partMeronym,hand
arm,partMeronym,mitt
arm,partMeronym,paw
arm,partMeronym,forearm
arm,partMeronym,elbow
arm,partHolonym,body
arm,partHolonym,man
arm,partHolonym,human
arm,synonym,branch
arm,synonym,limb
arm,hypernym,instrument
arm,hyponym,bow
arm,hyponym,gun
arm,hyponym,knuckles
arm,hyponym,missile
arm,hyponym,knife
arm,hyponym,spear
arm,hyponym,shaft
arm,hyponym,sword
arm,hyponym,blade
arm,hyponym,brand
arm,hyponym,steel
arm,partHolonym,arms
arm,hypernym,armrest
arm,partHolonym,armchair
arm,synonym,sleeve
arm,partMeronym,cuff
arm,partMeronym,wristband
arm,partHolonym,garment
smudge,hypernym,fire
smudge,hypernym,blemish
smudge,synonym,spot
terrace,hypernym,area
terrace,synonym,patio
terrace,partHolonym,garden
terrace,synonym,bench
terrace,hypernym,row
bracelets,hypernym,band
bracelets,synonym,wristband
bracelets,synonym,bracelet
bracelets,hypernym,jewelry
bracelets,partMeronym,clasp
wire,hypernym,conductor
wire,hyponym,lead
wire,hypernym,message
wire,hyponym,cable
hammock,hypernym,hill
hammock,synonym,mound
hammock,hypernym,bed
hammock,synonym,sack
splashes,synonym,splash
splashes,hypernym,spot
splashes,hypernym,patch
splashes,hypernym,painting
splashes,synonym,splashing
surfboarder,hypernym,swimmer
surfboarder,synonym,surfer
commode,synonym,toilet
commode,synonym,can
commode,synonym,pot
commode,synonym,stool
commode,partHolonym,bathroom
commode,partHolonym,bath
commode,partHolonym,toilet
commode,partHolonym,can
commode,hypernym,chest
commode,hypernym,dresser
commode,partMeronym,drawer
plank,synonym,board
plank,partMeronym,knot
plank,partHolonym,platform
games,hyponym,cards
games,synonym,game
games,hypernym,animal
games,hypernym,part
games,hypernym,section
games,partHolonym,set
games,hypernym,meat
games,hyponym,buffalo
games,hyponym,rabbit
games,hypernym,business
games,hypernym,line
windbreaker,hypernym,jacket
windbreaker,synonym,parka
footprint,hypernym,mark
footprint,hypernym,print
footprint,synonym,step
footprint,hypernym,shadow
footprint,hypernym,area
street,hyponym,alley
street,hypernym,neighborhood
wallpaper,hypernym,paper
splash,hypernym,spot
splash,hypernym,patch
splash,hypernym,painting
splash,synonym,splashing
desks,hypernym,table
desks,synonym,desk
desks,partMeronym,drawer
adults,hypernym,person
adults,hypernym,individual
adults,hypernym,someone
adults,hyponym,character
adults,hyponym,case
adults,hyponym,match
adults,hyponym,man
adults,hyponym,woman
adults,synonym,adult
adults,hypernym,animal
stones,hyponym,sill
stones,hyponym,pebble
stones,hyponym,boulder
stones,synonym,rock
stones,synonym,stone
stones,hyponym,headstone
stones,hypernym,material
stones,hypernym,stuff
stones,hyponym,gravel
stones,hyponym,marble
stones,partHolonym,jewelry
stones,synonym,pit
lock,hypernym,fastener
lock,hyponym,latch
lock,hyponym,padlock
lock,partMeronym,keyhole
lock,partMeronym,tumbler
lock,partMeronym,bolt
lock,partHolonym,lid
lock,partHolonym,door
lock,partHolonym,drawer
lock,partHolonym,gate
lock,hypernym,hair
lock,synonym,curl
lock,hypernym,mechanism
lock,partHolonym,piece
lock,hypernym,enclosure
lock,partHolonym,canal
cucumbers,hypernym,melon
cucumbers,synonym,cucumber
cucumbers,partMeronym,cucumber
cucumbers,hypernym,vegetable
cucumbers,hypernym,veggie
cucumbers,partHolonym,cucumber
ridges,hyponym,bank
ridges,hyponym,ledge
ridges,hyponym,shelf
ridges,hyponym,bar
ridges,hyponym,dune
ridges,synonym,ridge
ridges,hypernym,formation
ridges,hyponym,horseback
ridges,hypernym,beam
teenager,synonym,teen
reeds,synonym,reed
reeds,hypernym,wood
cardigan,hypernym,sweater
cardigan,hypernym,jumper
cardigan,partMeronym,zipper
airliner,hypernym,airplane
airliner,hypernym,aeroplane
airliner,hypernym,plane
snowflakes,synonym,snowflake
snowflakes,partHolonym,snow
i,hypernym,figure
i,synonym,one
i,synonym,1
i,hypernym,letter
pool,hypernym,lake
pool,synonym,pond
pool,partMeronym,stake
pool,hypernym,water
pool,synonym,puddle
pool,hypernym,stake
pool,synonym,kitty
pool,hypernym,place
pool,hypernym,spot
pool,partMeronym,break
lenses,synonym,lens
lenses,hypernym,line
lenses,partHolonym,eye
characters,synonym,character
characters,hypernym,property
characters,hyponym,texture
characters,synonym,part
characters,hypernym,adult
characters,synonym,case
characters,hyponym,space
characters,hyponym,star
characters,hyponym,letter
screens,hypernym,surface
screens,synonym,screen
screens,hypernym,protection
screens,hyponym,blinker
screens,hyponym,blinder
screens,hyponym,shutter
screens,hyponym,curtain
screens,hyponym,drape
screens,hyponym,mantle
screens,synonym,blind
screens,hypernym,display
screens,hyponym,background
screens,hyponym,desktop
screens,partMeronym,foreground
screens,hypernym,covering
screens,hyponym,blind
screens,synonym,cover
screens,hyponym,windshield
screens,hyponym,windscreen
screens,partHolonym,screen
screens,hypernym,strainer
screens,hypernym,door
screens,partMeronym,screen
screens,hypernym,partition
screens,hypernym,divider
stuff,hypernym,substance
stuff,hyponym,filling
stuff,hyponym,conductor
stuff,hyponym,foam
stuff,hyponym,dust
stuff,hyponym,rock
stuff,hyponym,stone
stuff,hyponym,speck
stuff,hyponym,bedding
stuff,hyponym,litter
stuff,hyponym,color
stuff,hyponym,earth
stuff,hyponym,ground
stuff,hyponym,paper
stuff,synonym,material
stuff,hypernym,object
stuff,hypernym,information
stuff,hypernym,center
stuff,hypernym,heart
stuff,hypernym,meat
standing,hypernym,motion
pecan,hypernym,wood
pecan,partMeronym,pecan
pecan,partHolonym,pecan
visor,partHolonym,helmet
visor,hypernym,brim
visor,synonym,bill
visor,synonym,peak
sticks,hyponym,spindle
sticks,hyponym,club
sticks,hyponym,bow
sticks,synonym,stick
sticks,hypernym,limb
sticks,hypernym,lever
sticks,hypernym,butter
sticks,hypernym,leg
sticks,synonym,pin
sticks,synonym,peg
sticks,hypernym,cigarette
sticks,hypernym,butt
sticks,synonym,joint
desserts,hypernym,course
desserts,hyponym,mold
desserts,synonym,dessert
spike,partHolonym,shoe
spike,hypernym,fruit
spike,synonym,ear
spike,partHolonym,corn
spike,hypernym,heel
spike,hypernym,point
spike,synonym,spindle
spike,hypernym,nail
vehicles,hyponym,rocket
vehicles,hyponym,sled
vehicles,synonym,vehicle
vehicles,partMeronym,dashboard
vehicles,hypernym,substance
vehicles,hypernym,object
cream,hypernym,toiletry
medallion,hypernym,coin
medallion,hypernym,portion
medallion,hypernym,emblem
medallion,hypernym,award
medallion,synonym,decoration
medallion,synonym,medal
medallion,synonym,palm
medallion,synonym,ribbon
cannister,hypernym,container
cannister,synonym,canister
cannister,synonym,tin
barn,synonym,b
ham,hypernym,player
embankment,hypernym,mound
embankment,hypernym,hill
embankment,hyponym,wall
cockpit,hypernym,compartment
cockpit,partMeronym,canopy
cockpit,partHolonym,aircraft
cockpit,hypernym,pit
cockpit,hypernym,seat
cockpit,partHolonym,racer
character,hypernym,property
character,hyponym,texture
character,synonym,part
character,hypernym,adult
character,synonym,case
character,hyponym,space
character,hyponym,star
character,hyponym,letter
kiosk,hypernym,closet
kiosk,synonym,booth
kiosk,synonym,cubicle
kiosk,synonym,stall
guards,hypernym,protector
guards,synonym,guard
guards,hypernym,device
guards,hyponym,fender
guards,hypernym,step
carriage,hypernym,car
carriage,hyponym,diner
carriage,synonym,coach
carriage,hyponym,coach
carriage,hyponym,buggy
carriage,hyponym,cab
carriage,hyponym,chariot
carriage,hyponym,walk
carriage,hypernym,mechanism
carriage,synonym,stroller
laces,hypernym,cord
laces,hyponym,shoelace
laces,synonym,lace
laces,partHolonym,shoe
laces,hypernym,fabric
laces,hypernym,cloth
laces,hypernym,material
son,synonym,boy
plates,hypernym,base
plates,hypernym,bag
plates,synonym,home
plates,synonym,plate
plates,hypernym,sheet
plates,hyponym,grid
plates,hyponym,disk
plates,hyponym,disc
plates,hyponym,tap
plates,hypernym,crust
plates,hypernym,structure
plates,hyponym,comb
plates,partHolonym,tube
plates,partHolonym,structure
plates,partHolonym,construction
plates,hypernym,receptacle
plates,hypernym,shield
plates,hyponym,shoe
plates,synonym,scale
plates,synonym,shell
plates,hyponym,bridge
doorknob,hypernym,knob
m,synonym,meter
m,synonym,yard
m,hypernym,letter
driveway,hypernym,road
driveway,hypernym,route
driveway,synonym,drive
stirrup,hypernym,support
stirrup,partHolonym,saddle
light,hyponym,glow
light,hyponym,sunlight
light,hyponym,sunshine
light,hyponym,sun
light,hyponym,beam
light,hyponym,shaft
light,hyponym,streamer
light,hyponym,daylight
light,hyponym,blinker
light,hyponym,headlight
light,hyponym,headlamp
light,hyponym,sconce
light,hypernym,view
light,hypernym,scene
light,hypernym,friend
light,synonym,lighting
light,hypernym,expression
light,hypernym,face
light,hyponym,stoplight
light,hypernym,device
light,hyponym,match
light,synonym,lighter
udders,synonym,udder
udders,synonym,bag
udders,partHolonym,cow
shirts,hypernym,garment
shirts,hyponym,jersey
shirts,synonym,shirt
cds,hypernym,metal
cds,synonym,candle
cds,synonym,cd
bun,hypernym,bread
bun,hyponym,croissant
bun,hyponym,bagel
bun,synonym,roll
attachment,hypernym,heart
attachment,hyponym,hood
attachment,hypernym,connector
attachment,hypernym,support
crate,hypernym,box
cattle,hyponym,cow
cattle,hyponym,ox
cattle,hyponym,bull
cattle,hyponym,beef
cattle,hyponym,steer
cattle,synonym,cows
cattle,synonym,oxen
cattle,partMeronym,beef
place,hypernym,point
place,hyponym,end
place,hyponym,stop
place,hyponym,peak
place,hyponym,crown
place,hyponym,crest
place,hyponym,top
place,hyponym,tip
place,hyponym,target
place,hyponym,pool
place,hyponym,puddle
place,synonym,spot
place,hyponym,center
place,synonym,property
place,hyponym,level
place,hyponym,layer
place,hypernym,neighborhood
place,hypernym,office
place,hypernym,part
place,synonym,shoes
place,synonym,home
place,hypernym,business
place,hypernym,line
place,hyponym,chair
place,hyponym,plum
place,synonym,post
place,synonym,office
place,hyponym,front
place,hyponym,right
place,hyponym,wing
place,hyponym,lead
place,hyponym,left
place,hyponym,station
place,hyponym,post
place,hyponym,setting
place,hyponym,back
place,hyponym,rear
place,hyponym,pitch
place,hyponym,stand
place,synonym,station
place,hypernym,space
place,hyponym,perch
place,synonym,seat
place,hypernym,square
place,synonym,plaza
place,hypernym,item
place,hypernym,area
place,hyponym,indentation
place,hyponym,indent
place,synonym,space
bristle,partHolonym,brush
bristle,hypernym,hair
model,hyponym,globe
model,hyponym,figure
model,hyponym,pattern
model,hyponym,image
model,hyponym,pilot
model,synonym,mannequin
bug,hypernym,microphone
cat,hypernym,feline
cat,hypernym,man
cat,synonym,guy
cat,hypernym,woman
cat,hyponym,lion
cat,hyponym,cheetah
cat,hyponym,tiger
plains,hypernym,land
plains,hypernym,earth
plains,hypernym,ground
plains,hyponym,flat
plains,synonym,plain
plains,synonym,field
vane,synonym,weathervane
vane,hypernym,fin
vane,partHolonym,missile
vane,partHolonym,arrow
vane,hyponym,paddle
vane,synonym,blade
vane,partHolonym,propeller
vane,partHolonym,propellor
vane,partHolonym,helicopter
vane,partHolonym,turbine
vane,partHolonym,oar
vane,partHolonym,windmill
vane,hypernym,blade
vane,partHolonym,feather
graphics,hyponym,drawing
graphics,synonym,artwork
graphics,synonym,art
graphics,hypernym,picture
graphics,hypernym,image
graphics,hypernym,icon
graphics,synonym,graphic
walker,hyponym,stroller
walker,synonym,pedestrian
walker,hypernym,shoe
egg,partMeronym,yolk
egg,synonym,eggs
egg,partMeronym,shell
egg,partMeronym,white
egg,synonym,ball
egg,synonym,nut
gutter,hyponym,slide
gutter,synonym,trough
gutter,synonym,sewer
gutter,synonym,toilet
gutter,hypernym,worker
timer,hypernym,official
balloon,partMeronym,envelope
balloon,hypernym,toy
grill,hypernym,restaurant
grill,synonym,grille
covers,hypernym,covering
covers,hyponym,blind
covers,synonym,screen
covers,synonym,cover
covers,hypernym,bedding
covers,synonym,blanket
covers,synonym,covering
covers,hypernym,protection
covers,synonym,binding
covers,synonym,back
covers,partHolonym,book
covers,hyponym,shell
covers,hyponym,case
covers,hyponym,crust
covers,hyponym,envelope
covers,hyponym,blanket
covers,hyponym,mantle
covers,hyponym,hood
covers,hyponym,cap
covers,hyponym,bark
covers,hyponym,scale
covers,hyponym,roof
covers,hyponym,lid
covers,synonym,top
covers,hypernym,fire
macaroni,hypernym,dude
macaroni,hypernym,pasta
sheep,hyponym,ram
poodle,hypernym,dog
farm,hypernym,work
farm,hyponym,spread
skyscraper,hypernym,building
eggplant,partHolonym,eggplant
eggplant,hypernym,herb
eggplant,partMeronym,eggplant
signboard,hypernym,structure
signboard,hypernym,construction
signboard,hyponym,scoreboard
signboard,hyponym,billboard
signboard,hyponym,shingle
signboard,synonym,sign
garden,hypernym,patch
garden,hyponym,grove
garden,hypernym,vegetation
garden,hypernym,yard
garden,hypernym,grounds
garden,partMeronym,patio
garden,partMeronym,terrace
carrot,hypernym,root
carrot,partHolonym,carrot
carrot,hypernym,herb
carrot,partMeronym,carrot
station,hyponym,terminal
station,synonym,place
station,hypernym,place
station,synonym,post
chimneys,hyponym,smokestack
chimneys,hyponym,stack
chimneys,synonym,chimney
chimneys,partMeronym,fireplace
mittens,hypernym,glove
mittens,synonym,mitten
curb,hypernym,edge
curb,hypernym,bit
curb,synonym,bridle
curb,synonym,check
track,hypernym,line
track,hyponym,round
track,hyponym,steps
track,hyponym,belt
track,hyponym,trail
track,synonym,path
track,synonym,course
track,hypernym,grounds
track,synonym,lead
track,synonym,trail
track,hypernym,artifact
track,hyponym,railroad
track,hyponym,railway
track,hypernym,course
track,synonym,cut
track,hypernym,belt
track,hypernym,path
track,hypernym,route
track,hypernym,groove
track,hypernym,bar
track,synonym,rail
track,synonym,rails
track,synonym,runway
track,partHolonym,railroad
track,partHolonym,railway
track,hypernym,road
frond,hypernym,leaf
frond,hypernym,foliage
stabilizer,hypernym,surface
stabilizer,partHolonym,tail
stabilizer,hypernym,device
stabilizer,hyponym,fin
triangle,hyponym,wedge
triangle,hypernym,shape
step,hyponym,guard
step,synonym,footstep
step,hyponym,footstep
step,hyponym,tread
step,hypernym,support
step,synonym,stair
step,partMeronym,tread
step,partHolonym,stairway
step,partHolonym,staircase
step,hyponym,cut
step,hypernym,mark
step,hypernym,print
step,synonym,footprint
step,hypernym,block
structure,hypernym,artifact
structure,hyponym,arch
structure,hyponym,floor
structure,hyponym,level
structure,hyponym,story
structure,hyponym,balcony
structure,hyponym,platform
structure,hyponym,cross
structure,hyponym,building
structure,hyponym,porch
structure,hyponym,shelter
structure,hyponym,column
structure,hyponym,pillar
structure,hyponym,hangar
structure,hyponym,mound
structure,hyponym,hill
structure,hyponym,hull
structure,hyponym,corner
structure,hyponym,bridge
structure,hyponym,monument
structure,hyponym,landing
structure,hyponym,stadium
structure,hyponym,bowl
structure,hyponym,arena
structure,hyponym,tower
structure,hyponym,area
structure,hyponym,door
structure,hyponym,partition
structure,hyponym,divider
structure,hyponym,housing
structure,hyponym,sail
structure,hyponym,fountain
structure,hyponym,body
structure,hyponym,coil
structure,hyponym,signboard
structure,hyponym,sign
structure,synonym,construction
structure,partMeronym,plate
structure,partMeronym,foundation
structure,partMeronym,base
structure,partMeronym,foot
structure,hypernym,makeup
structure,hyponym,fabric
structure,hyponym,shape
structure,hyponym,pattern
structure,hyponym,arrangement
structure,hyponym,system
structure,hyponym,blade
structure,hyponym,plate
structure,hyponym,rib
structure,hyponym,tube
structure,hyponym,valve
structure,hyponym,head
structure,hyponym,layer
structure,hyponym,bulb
structure,hyponym,fold
structure,hyponym,ball
structure,hyponym,pad
structure,hyponym,tooth
structure,hyponym,root
structure,hypernym,system
clock,hyponym,alarm
icicles,hypernym,ice
four,hypernym,figure
four,synonym,4
four,hypernym,spot
onion,hypernym,bulb
onion,partHolonym,onion
onion,partMeronym,onion
onion,hypernym,vegetable
onion,hypernym,veggie
onion,hyponym,scallion
flowers,hyponym,sunflower
flowers,hyponym,pink
flowers,hyponym,daisy
flowers,synonym,flower
flowers,hyponym,floret
flowers,hyponym,bud
flowers,synonym,bloom
flowers,synonym,blossom
flowers,synonym,peak
flowers,synonym,flush
clouds,hyponym,mushroom
clouds,synonym,cloud
clouds,hyponym,contrail
clouds,partHolonym,sky
clouds,hypernym,group
lorry,hypernym,wagon
lorry,hypernym,truck
dome,synonym,bean
dome,synonym,noodle
dome,hypernym,stadium
dome,hypernym,bowl
dome,hypernym,arena
dome,hypernym,roof
dome,hyponym,cupola
fabric,hypernym,artifact
fabric,hyponym,wool
fabric,hyponym,cord
fabric,hyponym,denim
fabric,hyponym,jean
fabric,hyponym,duck
fabric,hyponym,print
fabric,hyponym,diaper
fabric,hyponym,plush
fabric,hyponym,plaid
fabric,hyponym,canvas
fabric,hyponym,hair
fabric,hyponym,canopy
fabric,hyponym,net
fabric,hyponym,mesh
fabric,hyponym,lace
fabric,hyponym,tapestry
fabric,hyponym,linen
fabric,synonym,cloth
fabric,synonym,material
fabric,partMeronym,edging
fabric,hypernym,structure
lawn,hypernym,field
lion,hypernym,cat
lion,partMeronym,mane
lion,hypernym,person
lion,hypernym,individual
lion,hypernym,someone
collar,hypernym,band
collar,partHolonym,neck
collar,hypernym,hoop
collar,hypernym,ring
collar,hypernym,brim
collar,hypernym,rim
collar,hypernym,lip
collar,partHolonym,boot
collar,partHolonym,shoe
collar,hypernym,necklace
collar,synonym,leash
glassware,hyponym,glass
lattice,hypernym,arrangement
lattice,hypernym,system
lattice,hypernym,opening
lattice,synonym,grille
lattice,partMeronym,stump
lattice,hyponym,trellis
bowls,partMeronym,jack
bowls,partMeronym,bowl
bowls,hypernym,vessel
bowls,synonym,bowl
bowls,synonym,trough
bowls,hypernym,dish
bowls,hypernym,structure
bowls,hypernym,construction
bowls,hyponym,dome
bowls,hyponym,park
bowls,synonym,stadium
bowls,synonym,arena
bowls,partMeronym,field
bowls,partMeronym,stand
bowls,hypernym,ball
bowls,partHolonym,bowls
bowls,hypernym,container
bowls,partHolonym,pipe
bowls,synonym,roll
pigeon,hyponym,dove
lot,synonym,flock
lot,synonym,mountain
lot,synonym,pile
lot,synonym,pot
lot,synonym,raft
lot,synonym,stack
lot,hyponym,park
lot,hyponym,pack
lot,hyponym,party
lot,hyponym,company
lot,synonym,set
lot,synonym,circle
lot,synonym,band
lot,synonym,portion
lot,hypernym,object
lot,hypernym,collection
lot,synonym,bunch
pan,hyponym,skillet
pan,hypernym,container
bidet,hypernym,basin
mixer,hypernym,party
mixer,hypernym,beverage
mixer,hypernym,drink
mixer,hyponym,blender
mixer,hyponym,whisk
chef,hypernym,cook
gadget,hypernym,device
gadget,synonym,appliance
omelette,hypernym,dish
stoplight,partHolonym,brakes
stoplight,hypernym,light
noses,hyponym,snout
noses,hyponym,beak
noses,hyponym,nozzle
noses,synonym,nose
noses,partMeronym,bridge
noses,partMeronym,nostril
noses,partHolonym,face
noses,hypernym,front
noses,partHolonym,missile
noses,partHolonym,aircraft
noses,hypernym,symbol
noses,hypernym,spout
noses,hyponym,showerhead
noses,synonym,nozzle
trunk,hypernym,stalk
trunk,hypernym,stem
trunk,partMeronym,bark
trunk,partHolonym,tree
trunk,hypernym,baggage
trunk,hypernym,luggage
trunk,hyponym,locker
trunk,synonym,torso
trunk,synonym,body
trunk,partMeronym,shoulder
trunk,partMeronym,belly
trunk,partMeronym,cheek
trunk,partMeronym,side
trunk,partMeronym,chest
trunk,partMeronym,stomach
trunk,partMeronym,back
trunk,partMeronym,hip
trunk,partMeronym,middle
trunk,partMeronym,waist
trunk,partMeronym,butt
trunk,partMeronym,backside
trunk,partMeronym,buns
trunk,partMeronym,can
trunk,partMeronym,rear
trunk,partMeronym,rump
trunk,partMeronym,seat
trunk,partMeronym,tail
trunk,partMeronym,bottom
trunk,partMeronym,behind
trunk,partHolonym,body
trunk,hypernym,compartment
trunk,hyponym,boot
trunk,partHolonym,car
trunk,partHolonym,automobile
trunk,partHolonym,machine
trunk,hypernym,snout
trunk,partHolonym,elephant
crown,hypernym,symbol
crown,hypernym,top
crown,partHolonym,tooth
crown,hypernym,wreath
crown,hypernym,garland
crown,hypernym,lei
crown,hypernym,peak
crown,partHolonym,hat
crown,partHolonym,lid
crown,hypernym,coin
crown,partHolonym,tree
crown,hypernym,place
crown,hypernym,spot
crown,hyponym,hilltop
crown,hyponym,brow
crown,synonym,peak
crown,synonym,crest
crown,synonym,top
crown,synonym,tip
crown,hypernym,award
crown,synonym,pennant
crown,synonym,jacket
crown,synonym,cap
crown,partHolonym,road
crown,partHolonym,route
rafter,hypernym,beam
tomatoes,synonym,tomato
tomatoes,partHolonym,tomato
tomatoes,hypernym,herb
tomatoes,partMeronym,tomato
shirt,hypernym,garment
shirt,hyponym,jersey
flock,hypernym,fold
flock,hyponym,flight
flock,synonym,lot
flock,synonym,mountain
flock,synonym,pile
flock,synonym,pot
flock,synonym,raft
flock,synonym,stack
flock,hypernym,crowd
flock,synonym,fold
envelope,hypernym,container
envelope,hypernym,wrapping
envelope,hypernym,wrap
envelope,hypernym,wrapper
envelope,hypernym,curve
envelope,hypernym,covering
envelope,hypernym,cover
envelope,hypernym,bag
envelope,partHolonym,balloon
skylight,hypernym,window
salmon,partMeronym,salmon
salmon,hypernym,fish
salmon,partHolonym,salmon
stack,hypernym,pile
stack,hypernym,mound
stack,synonym,flock
stack,synonym,lot
stack,synonym,mountain
stack,synonym,pile
stack,synonym,pot
stack,synonym,raft
stack,hypernym,chimney
stack,synonym,smokestack
cones,hypernym,artifact
cones,synonym,cone
cones,partMeronym,point
cones,partMeronym,tip
cones,partMeronym,peak
peak,synonym,flower
peak,synonym,bloom
peak,synonym,blossom
peak,synonym,flush
peak,hypernym,level
peak,hypernym,stage
peak,hypernym,point
peak,synonym,top
peak,hypernym,place
peak,hypernym,spot
peak,hyponym,hilltop
peak,hyponym,brow
peak,synonym,crown
peak,synonym,crest
peak,synonym,tip
peak,hyponym,head
peak,synonym,point
peak,partHolonym,sword
peak,partHolonym,blade
peak,partHolonym,brand
peak,partHolonym,steel
peak,partHolonym,cone
peak,partHolonym,pencil
peak,partHolonym,knife
peak,hyponym,crown
peak,hypernym,brim
peak,synonym,bill
peak,synonym,visor
claw,hyponym,talon
claw,hyponym,anchor
claw,synonym,hook
claw,hypernym,member
hairline,hypernym,line
hairline,partHolonym,hair
buoy,hyponym,can
garlic,partMeronym,garlic
garlic,hypernym,seasoning
garlic,partHolonym,garlic
buggy,hypernym,carriage
lady,hypernym,woman
ankle,partHolonym,leg
football,hyponym,soccer
football,partMeronym,half
football,hypernym,ball
4,hypernym,figure
4,synonym,four
turf,hypernym,land
turf,hypernym,ground
turf,hypernym,soil
chips,hypernym,potato
chips,synonym,fries
chips,hyponym,scale
chips,synonym,bit
chips,synonym,chip
chips,hypernym,float
chips,hypernym,droppings
chips,hypernym,dung
chips,hypernym,blemish
chips,synonym,check
chips,hypernym,counter
chips,partHolonym,computer
chips,hypernym,break
mantle,hypernym,symbol
mantle,hypernym,layer
mantle,hypernym,covering
mantle,hypernym,cover
mantle,synonym,blanket
mantle,hypernym,shelf
mantle,synonym,mantel
mantle,partHolonym,fireplace
mantle,hypernym,blind
mantle,hypernym,screen
mantle,hyponym,drop
mantle,synonym,curtain
mantle,synonym,drape
mantle,synonym,cape
ditch,hypernym,waterway
rackets,synonym,racket
rackets,hyponym,bat
rackets,synonym,racquet
rackets,partMeronym,handle
rackets,partMeronym,grip
rackets,partMeronym,face
vest,hypernym,garment
vest,synonym,undershirt
boulders,hypernym,rock
boulders,hypernym,stone
boulders,synonym,boulder
spear,hypernym,arm
spear,synonym,shaft
girl,hypernym,woman
girl,hyponym,baby
girl,hyponym,doll
girl,hyponym,skirt
girl,hyponym,bird
girl,hypernym,female
girl,synonym,daughter
sleeve,synonym,arm
sleeve,partMeronym,elbow
sleeve,partMeronym,cuff
sleeve,partMeronym,wristband
sleeve,partHolonym,garment
sleeve,hypernym,case
side,hypernym,part
side,hyponym,hand
side,hypernym,unit
side,hypernym,area
side,partHolonym,torso
side,partHolonym,trunk
side,partHolonym,body
side,hypernym,surface
side,hyponym,top
side,hyponym,front
side,hyponym,bottom
side,hyponym,underside
side,hyponym,rear
side,hyponym,backside
side,synonym,face
side,hyponym,back
side,hyponym,port
side,hyponym,beam
side,hyponym,edge
side,hypernym,line
side,hypernym,blood
side,hypernym,cut
side,hypernym,view
side,hypernym,formation
side,hyponym,coast
side,hyponym,hillside
side,hyponym,bank
side,hyponym,mountainside
side,synonym,slope
mug,synonym,mark
mug,hypernym,face
mug,partMeronym,handle
mug,partMeronym,grip
sidelines,hypernym,line
sidelines,synonym,sideline
bird,hyponym,hen
bird,hyponym,parrot
bird,partMeronym,rump
bird,partMeronym,feather
bird,partMeronym,bird
bird,partMeronym,beak
bird,partMeronym,bill
bird,partMeronym,wing
bird,hypernym,meat
bird,partMeronym,thigh
bird,partHolonym,bird
bird,hypernym,girl
bird,synonym,doll
bird,synonym,skirt
bird,synonym,raspberry
bird,synonym,shuttle
fingernails,hypernym,nail
fingernails,hyponym,thumbnail
fingernails,synonym,fingernail
fingernails,partHolonym,finger
ceiling,hyponym,overhead
ceiling,partHolonym,hallway
ceiling,partHolonym,hall
ceiling,partHolonym,room
ceiling,hypernym,control
ceiling,synonym,roof
ceiling,synonym,cap
pastry,hypernym,dough
pastry,hyponym,pie
canopy,hypernym,covering
canopy,partHolonym,cockpit
canopy,hypernym,fabric
canopy,hypernym,cloth
canopy,hypernym,material
canopy,partHolonym,parachute
canopy,hypernym,shelter
canopy,hyponym,umbrella
canopy,hyponym,marquee
canopy,hyponym,awning
lamppost,hypernym,post
lamppost,partHolonym,streetlight
female,hypernym,animal
female,hyponym,hen
female,hypernym,person
female,hypernym,individual
female,hypernym,someone
female,hyponym,woman
female,hyponym,girl
tags,hypernym,label
tags,synonym,tag
tags,synonym,ticket
tags,synonym,rag
fork,hypernym,cutlery
fork,partMeronym,prong
fork,partMeronym,tine
fork,hypernym,branch
fork,hypernym,leg
fork,hypernym,tool
fork,partHolonym,body
concrete,hypernym,pavement
concrete,hyponym,cement
refrigerator,hyponym,fridge
refrigerator,hyponym,cooler
leg,hypernym,limb
leg,hyponym,pin
leg,hyponym,peg
leg,hyponym,stick
leg,partMeronym,foot
leg,partMeronym,shin
leg,partMeronym,thigh
leg,partMeronym,knee
leg,partMeronym,ankle
leg,partHolonym,body
leg,hypernym,support
leg,partHolonym,tripod
leg,partHolonym,chair
leg,partHolonym,table
leg,partHolonym,cot
leg,hyponym,fork
leg,synonym,branch
leg,hypernym,cut
leg,synonym,peg
leg,partMeronym,cuff
leg,partHolonym,trouser
leg,partHolonym,pant
leg,hypernym,distance
leg,synonym,stage
bicyclist,synonym,cyclist
pallets,hypernym,range
pallets,hypernym,compass
pallets,synonym,pallet
pallets,hypernym,platform
pallets,hypernym,mattress
pallets,hypernym,board
animals,hyponym,adult
animals,hyponym,male
animals,hyponym,game
animals,hyponym,feeder
animals,hyponym,female
animals,hyponym,racer
animals,hyponym,pet
animals,hyponym,stunt
animals,synonym,animal
animals,partMeronym,face
animals,partMeronym,head
engines,hypernym,motor
engines,synonym,engine
engines,partMeronym,gear
engines,partMeronym,train
engines,synonym,locomotive
engines,partMeronym,fender
engines,partMeronym,pilot
engines,hypernym,instrument
comb,hypernym,device
comb,partMeronym,tooth
comb,hypernym,crest
comb,hypernym,tool
comb,hypernym,plate
papaya,partMeronym,papaya
papaya,partHolonym,papaya
sections,hypernym,writing
sections,hypernym,music
sections,hyponym,spot
sections,hyponym,lead
sections,hyponym,above
sections,hyponym,end
sections,hyponym,book
sections,synonym,section
sections,hypernym,slice
sections,partHolonym,slide
sections,hypernym,area
sections,hypernym,country
sections,hyponym,neighborhood
sections,hypernym,part
sections,hypernym,portion
sections,hyponym,curve
sections,hyponym,leaf
sections,partHolonym,whole
sections,partHolonym,unit
sections,hypernym,team
sections,hyponym,frame
sections,hyponym,turn
sections,hyponym,round
sections,hyponym,over
sections,hyponym,half
sections,hyponym,ingredient
sections,hyponym,middle
sections,hyponym,game
sections,synonym,part
sections,hypernym,course
sections,hyponym,strings
sections,partHolonym,band
sections,hypernym,cut
pebbles,hypernym,rock
pebbles,hypernym,stone
pebbles,synonym,pebble
bathtub,hypernym,vessel
bathtub,synonym,bath
bathtub,synonym,tub
bathtub,partHolonym,bathroom
bathtub,partHolonym,bath
calf,hypernym,leather
lines,hypernym,formation
lines,hyponym,row
lines,synonym,line
lines,hypernym,mark
lines,hypernym,print
lines,hyponym,hairline
lines,hyponym,shaft
lines,hypernym,shape
lines,hyponym,edge
lines,hyponym,curve
lines,hypernym,text
lines,hyponym,head
lines,hyponym,words
lines,partHolonym,letter
lines,hyponym,front
lines,hypernym,conductor
lines,synonym,cable
lines,partHolonym,cable
lines,hyponym,stream
lines,synonym,course
lines,hyponym,path
lines,hyponym,route
lines,hyponym,crest
lines,hyponym,track
lines,hyponym,course
lines,hyponym,watermark
lines,hyponym,part
lines,hyponym,side
lines,hyponym,horizon
lines,hyponym,skyline
lines,hypernym,imprint
lines,synonym,wrinkle
lines,synonym,crease
lines,synonym,seam
lines,partHolonym,skin
lines,hypernym,pipe
lines,hypernym,piping
lines,hypernym,road
lines,hypernym,route
lines,partMeronym,railroad
lines,partMeronym,railway
lines,hypernym,connector
lines,hyponym,family
lines,synonym,blood
lines,hypernym,artifact
lines,hyponym,strand
lines,hyponym,rope
lines,hyponym,cord
lines,hyponym,sheet
lines,hyponym,lanyard
lines,hyponym,post
lines,hyponym,office
lines,hyponym,spot
lines,hyponym,place
lines,hyponym,game
lines,hyponym,land
lines,hyponym,work
lines,synonym,business
lines,hyponym,sideline
lines,hyponym,baseline
lines,hyponym,scratch
lines,hyponym,link
lines,hyponym,lens
lines,hypernym,merchandise
lines,hypernym,product
lines,hypernym,carrier
lines,hyponym,airline
lines,hyponym,railway
lines,hyponym,railroad
lines,hypernym,credit
lines,hypernym,music
lines,hyponym,signature
lines,synonym,air
lines,synonym,note
lines,partMeronym,conveyor
airplanes,hyponym,fighter
airplanes,hyponym,jet
airplanes,hyponym,airliner
airplanes,synonym,airplane
airplanes,synonym,aeroplane
airplanes,synonym,plane
airplanes,partMeronym,fuselage
airplanes,partMeronym,windshield
airplanes,partMeronym,windscreen
airplanes,partMeronym,gun
airplanes,partMeronym,wing
airplanes,partMeronym,hood
airplanes,partMeronym,bonnet
layers,hypernym,artifact
layers,hyponym,lift
layers,hyponym,mount
layers,hyponym,blanket
layers,hyponym,wall
layers,hyponym,tier
layers,hyponym,course
layers,hyponym,row
layers,hyponym,cushion
layers,synonym,layer
layers,synonym,bed
layers,hypernym,part
layers,hyponym,surface
layers,hyponym,mantle
layers,hyponym,crust
layers,hyponym,snow
layers,hypernym,place
layers,synonym,level
layers,hypernym,hen
layers,hypernym,structure
slabs,hypernym,block
slabs,hyponym,tablet
slabs,hyponym,tile
slabs,synonym,slab
plug,hypernym,block
plug,hypernym,stop
plug,hyponym,cork
plug,hyponym,tap
plug,hyponym,spigot
plug,synonym,stopper
plug,hypernym,bit
plug,hypernym,bite
plug,hypernym,packaging
plug,hypernym,hydrant
plug,hypernym,horse
coast,hypernym,shore
coast,hypernym,slope
coast,hypernym,side
coast,hypernym,view
coast,hypernym,scene
coast,hypernym,motion
coast,hyponym,snowboarding
coast,synonym,slide
sausages,hypernym,meat
sausages,hyponym,salami
sausages,hyponym,pepperoni
sausages,hyponym,hotdog
sausages,hyponym,dog
sausages,synonym,sausage
g,hypernym,base
g,synonym,yard
g,hypernym,letter
lei,hyponym,crown
lei,synonym,wreath
lei,synonym,garland
motion,hyponym,wave
motion,hyponym,sign
motion,hyponym,bow
motion,hyponym,turn
motion,hyponym,wrench
motion,hyponym,throw
motion,hyponym,opening
motion,hyponym,pitch
motion,hyponym,snap
motion,hyponym,standing
motion,hyponym,sitting
motion,hyponym,stream
motion,hyponym,slide
motion,hyponym,coast
motion,hyponym,swing
lemons,synonym,lemon
lemons,partHolonym,lemon
lemons,hypernym,yellow
lemons,partMeronym,lemon
lemons,hypernym,relish
lemons,hypernym,artifact
tower,hypernym,structure
tower,hypernym,construction
tower,hyponym,silo
tower,hyponym,turret
tower,hyponym,pylon
tower,hyponym,steeple
tower,hyponym,spire
tower,hyponym,lighthouse
tower,hypernym,shape
tower,synonym,column
tower,synonym,pillar
tower,hypernym,boat
o,hypernym,letter
froth,hypernym,bubble
froth,hyponym,head
froth,synonym,foam
sole,hypernym,bottom
sole,hypernym,underside
sole,partMeronym,waist
sole,partHolonym,footwear
sole,partHolonym,sole
sole,hypernym,area
sole,partMeronym,ball
sole,partHolonym,foot
sole,partMeronym,sole
meters,synonym,meter
meters,synonym,m
meters,hyponym,speedometer
meters,hyponym,foot
meters,synonym,time
2,hypernym,figure
2,hyponym,couple
2,hyponym,pair
2,hyponym,brace
2,synonym,two
shadows,hypernym,shade
shadows,synonym,shadow
shadows,hypernym,scene
shadows,synonym,dark
shadows,hyponym,ghost
shadows,hyponym,shade
shadows,hyponym,footprint
shadows,hypernym,resort
shadows,synonym,tail
ribbon,hypernym,object
ribbon,hyponym,blade
ribbon,synonym,thread
ribbon,hypernym,award
ribbon,synonym,decoration
ribbon,synonym,medal
ribbon,synonym,medallion
ribbon,synonym,palm
ribbon,hypernym,strip
stocking,hypernym,hose
folder,hypernym,book
folder,synonym,booklet
folder,synonym,brochure
folder,synonym,pamphlet
folder,hypernym,covering
classroom,hypernym,room
classroom,partHolonym,school
planter,hypernym,worker
planter,hypernym,pot
planter,hypernym,flowerpot
someone,hyponym,child
someone,hyponym,baby
someone,hyponym,divider
someone,hyponym,owner
someone,hyponym,case
someone,hyponym,friend
someone,hyponym,controller
someone,hyponym,ostrich
someone,hyponym,machine
someone,hyponym,counter
someone,hyponym,worker
someone,hyponym,mouse
someone,hyponym,comforter
someone,hyponym,image
someone,hyponym,female
someone,hyponym,adult
someone,hyponym,dresser
someone,hyponym,shaker
someone,hyponym,fighter
someone,hyponym,beard
someone,hyponym,topper
someone,hyponym,party
someone,hyponym,ruler
someone,hyponym,man
someone,hyponym,face
someone,hyponym,player
someone,hyponym,sweater
someone,hyponym,engineer
someone,hyponym,jumper
someone,hyponym,male
someone,hyponym,blonde
someone,hyponym,slipper
someone,hyponym,tiger
someone,hyponym,fastener
someone,hyponym,match
someone,hyponym,waiter
someone,synonym,person
someone,synonym,individual
someone,partMeronym,figure
someone,partMeronym,shape
someone,partMeronym,frame
grin,synonym,smile
grin,synonym,smiling
baskets,hypernym,container
baskets,hyponym,hamper
baskets,synonym,basket
baskets,hypernym,goal
baskets,synonym,hoop
boardwalk,hypernym,walk
boardwalk,hypernym,walkway
kitty,hypernym,stake
kitty,synonym,pool
kitty,synonym,pot
kitty,synonym,kitten
unit,hyponym,bit
unit,hyponym,point
unit,hypernym,part
unit,hypernym,portion
unit,hyponym,side
unit,hyponym,family
unit,hyponym,house
unit,hyponym,home
unit,hyponym,team
unit,hyponym,member
unit,hyponym,company
unit,hyponym,outfit
unit,hypernym,whole
unit,hyponym,one
unit,hypernym,thing
unit,hyponym,chain
unit,hyponym,couple
unit,hyponym,group
unit,partMeronym,part
unit,partMeronym,piece
unit,hypernym,object
unit,hyponym,artifact
unit,hyponym,item
unit,synonym,whole
unit,partMeronym,portion
unit,partMeronym,section
tripod,hypernym,rack
tripod,hypernym,stand
tripod,hyponym,easel
tripod,partMeronym,leg
porch,hypernym,structure
porch,hypernym,construction
porch,hyponym,deck
porch,partHolonym,house
shutters,synonym,shutter
shutters,partHolonym,camera
shutters,hypernym,blind
shutters,hypernym,screen
stripe,synonym,band
stripe,partHolonym,garment
stripe,hypernym,badge
stripe,synonym,stripes
stripe,hypernym,marking
stripe,hyponym,band
stripe,synonym,streak
stripe,synonym,bar
roadside,hypernym,edge
roadside,partHolonym,way
child,hyponym,monkey
child,hyponym,toddler
child,synonym,kid
child,synonym,fry
child,hyponym,baby
child,hyponym,infant
child,hypernym,person
child,hypernym,individual
child,hypernym,someone
child,synonym,baby
savannah,hypernym,grassland
halter,partHolonym,harness
halter,hypernym,rope
halter,hypernym,top
halter,hypernym,wing
5,hypernym,figure
5,synonym,five
5,synonym,fin
necklace,hypernym,jewelry
necklace,hyponym,collar
necklace,hyponym,chain
necklace,hyponym,string
necklace,hyponym,strand
necklace,partMeronym,pendant
hatchback,hypernym,car
hatchback,hypernym,automobile
hatchback,hypernym,machine
jars,hypernym,vessel
jars,hyponym,vase
jars,synonym,jar
jars,partMeronym,lid
jars,partMeronym,mouth
jars,hypernym,bump
sleeves,synonym,sleeve
sleeves,synonym,arm
sleeves,partMeronym,elbow
sleeves,partMeronym,cuff
sleeves,partMeronym,wristband
sleeves,partHolonym,garment
sleeves,hypernym,case
