subject,relation,object
sun,hypernym,light
sun,synonym,sunlight
sun,synonym,sunshine
sun,hypernym,star
hubcap,hypernym,cap
papers,hypernym,writing
papers,hyponym,platform
papers,hyponym,copyright
papers,hyponym,enclosure
papers,hypernym,material
papers,hypernym,stuff
papers,hyponym,card
papers,hyponym,sheet
papers,hyponym,cardboard
papers,hyponym,tissue
papers,hyponym,wallpaper
papers,hyponym,pad
papers,hyponym,tablet
papers,hyponym,newspaper
papers,synonym,paper
papers,hyponym,rag
papers,synonym,newspaper
papers,part_meronym,column
papers,part_meronym,strip
pilot,hypernym,flyer
pilot,synonym,fender
pilot,part_holonym,locomotive
pilot,part_holonym,engine
family,hypernym,unit
family,synonym,house
family,synonym,home
family,hyponym,couple
family,hyponym,match
family,hypernym,line
family,hyponym,people
family,hyponym,name
family,hyponym,house
puddle,hypernym,water
puddle,synonym,pool
puddle,hypernym,place
puddle,hypernym,spot
symbol,hypernym,signal
symbol,hypernym,sign
symbol,hyponym,item
symbol,hyponym,mark
symbol,hyponym,brand
symbol,hyponym,stain
symbol,hyponym,icon
symbol,hyponym,numeral
symbol,hyponym,number
symbol,hyponym,mantle
symbol,hyponym,nose
symbol,hyponym,marker
symbol,hyponym,marking
symbol,hyponym,emblem
wheels,hypernym,machine
wheels,hyponym,gear
wheels,synonym,wheel
wheels,part_meronym,rim
wheels,synonym,rack
wheels,synonym,bicycle
wheels,synonym,bike
wheels,synonym,cycle
wheels,part_meronym,chain
wheels,part_meronym,handlebar
wheels,part_meronym,saddle
wheels,part_meronym,kickstand
wheels,part_meronym,pedal
litter,hypernym,trash
litter,hyponym,sedan
litter,hypernym,material
litter,hypernym,stuff
litter,synonym,bedding
metal,hyponym,iron
metal,hyponym,tin
metal,hyponym,steel
cuff,hypernym,lap
cuff,part_holonym,leg
cuff,part_holonym,sleeve
cuff,part_holonym,arm
tents,hypernym,shelter
tents,hyponym,canvas
tents,synonym,tent
tents,part_meronym,guy
stadium,hypernym,structure
stadium,hyponym,dome
stadium,hyponym,park
stadium,synonym,bowl
stadium,part_meronym,field
stadium,part_meronym,stand
leaf,hyponym,pad
leaf,hyponym,greenery
leaf,hyponym,pitcher
leaf,hyponym,scale
leaf,hyponym,blade
leaf,synonym,foliage
leaf,hypernym,sheet
leaf,hyponym,page
leaf,hypernym,section
clothes,hypernym,clothing
clothes,synonym,dress
juice,hyponym,gravy
boards,synonym,board
boards,synonym,plank
boards,part_meronym,knot
boards,hypernym,sheet
boards,hyponym,skateboard
boards,hyponym,snowboard
boards,hyponym,surfboard
boards,hyponym,scoreboard
boards,synonym,table
boards,hypernym,display
boards,hypernym,table
boards,hyponym,dashboard
boards,synonym,panel
boards,synonym,card
boards,hypernym,surface
smiling,synonym,smile
radio,part_holonym,radio
radio,part_meronym,radio
t,hypernym,base
t,hypernym,letter
buttons,synonym,button
buttons,hypernym,switch
buttons,hyponym,bell
buttons,hypernym,badge
buttons,hypernym,device
feathers,hyponym,down
feathers,synonym,feather
feathers,part_holonym,bird
feathers,part_holonym,row
wing,part_holonym,bird
wing,part_holonym,bat
wing,hypernym,surface
wing,part_meronym,flap
wing,part_holonym,airplane
wing,part_holonym,plane
wing,hypernym,stage
wing,hypernym,place
wing,hypernym,portion
wing,hypernym,barrier
wing,synonym,fender
wing,part_holonym,car
wing,part_holonym,automobile
wing,part_holonym,machine
wing,part_holonym,building
raspberry,hypernym,berry
raspberry,synonym,bird
t-shirt,hypernym,shirt
t-shirt,synonym,jersey
underside,hypernym,side
underside,hypernym,face
underside,hyponym,heel
underside,hyponym,sole
underside,hyponym,underbelly
underside,hyponym,base
underside,synonym,bottom
pepperoni,hypernym,sausage
boys,hypernym,male
boys,synonym,boy
boys,hypernym,man
baseboard,hypernym,molding
lever,hypernym,bar
lever,hyponym,stick
lever,hyponym,key
lever,hyponym,pedal
lever,hypernym,machine
paint,hypernym,coat
paint,hypernym,color
paint,hypernym,space
paint,synonym,key
bread,hyponym,toast
bread,hyponym,bun
bread,hyponym,roll
bread,hyponym,cracker
bread,part_holonym,sandwich
bread,synonym,cabbage
bread,synonym,dough
bread,synonym,lettuce
bread,synonym,sugar
girls,hypernym,woman
girls,hyponym,baby
girls,hyponym,doll
girls,hyponym,skirt
girls,hyponym,bird
girls,synonym,girl
girls,hypernym,female
home,synonym,place
home,hyponym,house
home,part_meronym,kitchen
home,part_meronym,bedroom
home,part_meronym,bathroom
home,hypernym,base
home,hypernym,bag
home,synonym,plate
home,synonym,base
home,hypernym,unit
home,synonym,family
home,synonym,house
condiments,hypernym,seasoning
condiments,hyponym,ketchup
condiments,hyponym,sauce
condiments,hyponym,relish
condiments,hyponym,mustard
condiments,synonym,condiment
kids,hyponym,monkey
kids,hyponym,toddler
kids,synonym,child
kids,synonym,kid
kids,synonym,fry
kids,hypernym,leather
kids,hyponym,baby
kids,hypernym,goat
indicator,hypernym,signal
indicator,hypernym,sign
indicator,hypernym,device
indicator,hyponym,scale
indicator,hyponym,dial
indicator,hypernym,color
house,hypernym,building
house,hypernym,home
house,hyponym,cabin
house,part_meronym,porch
house,hypernym,business
house,hypernym,audience
house,hypernym,family
house,hypernym,part
house,synonym,sign
house,hypernym,unit
house,synonym,family
house,synonym,home
house,part_meronym,circle
house,part_meronym,stage
star,hyponym,sun
star,hypernym,player
star,hypernym,character
cauliflower,part_meronym,cauliflower
cauliflower,part_holonym,cauliflower
clip,synonym,magazine
clip,part_holonym,gun
clip,hypernym,case
clip,synonym,time
glasses,hyponym,goggles
glasses,hyponym,sunglasses
glasses,hyponym,shades
glasses,synonym,eyeglasses
glasses,part_meronym,bridge
glasses,part_holonym,frame
glasses,synonym,glass
glasses,part_holonym,glass
glasses,hypernym,container
glasses,hyponym,pony
glasses,hyponym,bumper
glasses,part_meronym,glass
glasses,synonym,chalk
glasses,synonym,ice
glasses,synonym,trash
glasses,hypernym,mirror
bikes,hyponym,motorbike
bikes,synonym,motorcycle
bikes,synonym,bike
bikes,part_meronym,kickstand
bikes,synonym,bicycle
bikes,synonym,wheel
bikes,synonym,cycle
bikes,part_meronym,chain
bikes,part_meronym,handlebar
bikes,part_meronym,saddle
bikes,part_meronym,pedal
page,hypernym,leaf
tablet,hypernym,slab
tablet,hypernym,paper
tablet,synonym,pad
tablet,hypernym,cake
tablet,hypernym,bar
muffler,part_holonym,exhaust
muffler,hypernym,scarf
muffler,hypernym,device
muffler,hyponym,cushion
fins,hypernym,figure
fins,synonym,5
fins,synonym,fin
fins,hypernym,decoration
fins,hypernym,ornament
fins,part_holonym,car
fins,part_holonym,automobile
fins,part_holonym,machine
fins,hypernym,slat
fins,hypernym,shoe
fins,hypernym,stabilizer
fins,part_holonym,ship
fins,part_holonym,fish
bedding,hyponym,bedspread
bedding,hyponym,quilt
bedding,hyponym,comforter
bedding,hyponym,blanket
bedding,hyponym,cover
bedding,hypernym,material
bedding,hypernym,stuff
bedding,synonym,litter
intersection,hypernym,point
intersection,hyponym,corner
intersection,part_holonym,road
intersection,hypernym,set
post,hypernym,place
post,synonym,station
post,hypernym,business
post,hypernym,line
post,hyponym,chair
post,synonym,office
post,synonym,spot
post,synonym,place
post,hyponym,lamppost
post,hyponym,stump
berries,hyponym,strawberry
berries,hyponym,blueberry
berries,hyponym,raspberry
berries,synonym,berry
berries,part_holonym,berry
berries,hypernym,fruit
berries,part_meronym,berry
melon,hyponym,watermelon
melon,part_holonym,melon
melon,hyponym,cucumber
melon,part_meronym,melon
beverage,hypernym,food
beverage,hypernym,liquid
beverage,hyponym,mixer
beverage,hyponym,cooler
beverage,hyponym,coffee
beverage,hyponym,chocolate
beverage,hyponym,tea
beverage,hyponym,milk
beverage,synonym,drink
veggie,hypernym,produce
veggie,hyponym,asparagus
veggie,hyponym,squash
veggie,hyponym,celery
veggie,hyponym,pumpkin
veggie,hyponym,mushroom
veggie,hyponym,onion
veggie,hyponym,greens
veggie,hyponym,green
veggie,hyponym,cucumber
veggie,synonym,vegetable
veggie,part_holonym,herb
rivet,hypernym,decoration
rivet,hypernym,ornament
rivet,hypernym,pin
magnets,hypernym,device
magnets,synonym,magnet
magnets,part_meronym,pole
chains,synonym,chain
chains,hypernym,unit
chains,hyponym,ring
chains,part_holonym,bicycle
chains,part_holonym,bike
chains,part_holonym,wheel
chains,part_holonym,cycle
chains,hypernym,business
chains,part_meronym,yard
chains,part_meronym,link
chains,synonym,range
chains,hypernym,necklace
chains,synonym,string
cords,hypernym,trouser
cords,hypernym,pant
cords,hypernym,line
cords,hyponym,string
cords,hyponym,lace
cords,hyponym,thread
cords,hyponym,yarn
cords,hyponym,tie
cords,hyponym,lanyard
cords,synonym,cord
cords,hypernym,conductor
cords,hypernym,fabric
cords,hypernym,cloth
cords,hypernym,material
steps,hypernym,stairway
steps,hypernym,staircase
steps,hyponym,ladder
steps,synonym,stairs
steps,hypernym,path
steps,hypernym,track
steps,hyponym,guard
steps,synonym,step
steps,hypernym,support
steps,synonym,stair
steps,part_holonym,stairway
steps,part_holonym,staircase
steps,hypernym,mark
steps,hypernym,print
steps,synonym,footprint
steps,hypernym,block
lighthouse,hypernym,tower
window,hyponym,skylight
window,part_meronym,case
window,part_meronym,pane
window,part_meronym,window
window,part_holonym,building
window,hypernym,opening
window,part_holonym,car
window,part_holonym,automobile
window,part_holonym,machine
window,part_holonym,bus
window,part_holonym,coach
window,hypernym,panel
window,hypernym,gap
window,hypernym,pane
window,part_holonym,window
window,hypernym,display
window,hyponym,foreground
window,hyponym,panel
pigeons,synonym,pigeon
drinks,hypernym,portion
drinks,hyponym,toast
drinks,synonym,drink
drinks,hypernym,food
drinks,hypernym,liquid
drinks,hyponym,mixer
drinks,hyponym,cooler
drinks,hyponym,coffee
drinks,hyponym,chocolate
drinks,hyponym,tea
drinks,hyponym,milk
drinks,synonym,beverage
drinks,hypernym,water
chip,hyponym,scale
chip,hypernym,counter
chip,part_holonym,computer
shoelace,hypernym,lace
shoelace,part_holonym,shoe
weed,hypernym,band
weed,synonym,pot
weed,synonym,grass
weed,synonym,smoke
rail,hypernym,barrier
rail,hyponym,guardrail
rail,hyponym,bar
rail,synonym,railing
rail,part_holonym,handrail
rail,hypernym,railway
rail,hypernym,railroad
rail,hypernym,bar
rail,synonym,track
rail,synonym,rails
rail,synonym,runway
rail,part_holonym,railroad
rail,part_holonym,railway
outfield,part_meronym,right
outfield,part_meronym,center
outfield,part_meronym,left
outfield,part_holonym,diamond
logos,synonym,logo
shorts,hypernym,trouser
shorts,hypernym,pant
shorts,synonym,trunks
shorts,synonym,drawers
shorts,synonym,short
shorts,part_holonym,diamond
candy,hyponym,rock
ramp,hypernym,stairway
ramp,hypernym,staircase
controller,hypernym,person
controller,hypernym,someone
controller,hyponym,valve
controller,hyponym,switch
controller,hyponym,dial
controller,synonym,control
children,hyponym,monkey
children,hyponym,toddler
children,synonym,child
children,synonym,kid
children,synonym,fry
children,hyponym,baby
children,hypernym,person
children,hypernym,someone
children,synonym,baby
arrow,hypernym,mark
arrow,part_meronym,point
arrow,part_meronym,head
doughnuts,synonym,ring
doughnuts,synonym,doughnut
doughnuts,synonym,donut
interior,hypernym,part
interior,synonym,inside
interior,hypernym,surface
interior,hyponym,belly
trick,hypernym,device
blind,hypernym,people
blind,hypernym,screen
blind,hypernym,cover
blind,hyponym,shutter
blind,hyponym,curtain
blind,hyponym,drape
blind,hyponym,mantle
blind,synonym,screen
mouse,hypernym,person
mouse,hypernym,someone
cookies,hypernym,cake
cookies,synonym,cookie
cookies,hypernym,text
dog,hyponym,toy
dog,hyponym,puppy
dog,part_meronym,flag
dog,synonym,heel
dog,hypernym,sausage
dog,synonym,hotdog
dog,part_holonym,hotdog
dog,hypernym,stop
dog,hypernym,support
lining,synonym,liner
lining,hypernym,covering
people,hypernym,group
people,hyponym,blind
people,hyponym,business
people,hyponym,land
people,hyponym,pocket
people,hypernym,family
people,hyponym,audience
grass,hyponym,cereal
grass,synonym,pasture
grass,synonym,pot
grass,synonym,weed
grass,synonym,smoke
s,hypernym,letter
cardboard,hypernym,paper
cardboard,hyponym,card
he,hypernym,letter
pedestal,hypernym,support
pedestal,synonym,base
pedestal,synonym,stand
pedestal,part_holonym,column
pedestal,part_holonym,pillar
soup,hypernym,dish
markers,synonym,marker
markers,hypernym,symbol
markers,hyponym,spot
markers,hyponym,pin
markers,hyponym,brand
markers,hyponym,watermark
markers,hyponym,label
markers,synonym,marking
markers,synonym,mark
kettle,hypernym,pot
kettle,hypernym,hole
fan,hypernym,device
cakes,hypernym,block
cakes,hyponym,tablet
cakes,synonym,cake
cakes,synonym,bar
cakes,hypernym,dish
cakes,hyponym,cookie
cakes,hyponym,cupcake
cakes,hyponym,pancake
plants,synonym,plant
plants,part_meronym,hood
plants,part_meronym,cap
plants,hypernym,player
cookie,hypernym,cake
cookie,hypernym,text
skirt,part_meronym,seat
skirt,part_meronym,lap
skirt,part_meronym,zipper
skirt,hypernym,girl
skirt,synonym,doll
skirt,synonym,bird
bicycles,synonym,bicycle
bicycles,synonym,bike
bicycles,synonym,wheel
bicycles,synonym,cycle
bicycles,part_meronym,chain
bicycles,part_meronym,handlebar
bicycles,part_meronym,saddle
bicycles,part_meronym,kickstand
bicycles,part_meronym,pedal
snow,part_meronym,snowflake
snow,hypernym,layer
decorations,hyponym,molding
decorations,hyponym,fin
decorations,hyponym,garnish
decorations,hyponym,graffiti
decorations,hyponym,bow
decorations,hyponym,rivet
decorations,hyponym,design
decorations,hyponym,pattern
decorations,hyponym,figure
decorations,hyponym,knob
decorations,synonym,decoration
decorations,synonym,ornament
decorations,synonym,palm
decorations,synonym,ribbon
decorations,hyponym,tattoo
decorations,hyponym,marking
bookcase,hypernym,furniture
bookcase,part_meronym,shelf
bedspread,hypernym,bedding
legs,hypernym,limb
legs,hyponym,pin
legs,hyponym,stick
legs,synonym,leg
legs,part_meronym,foot
legs,part_meronym,thigh
legs,part_meronym,knee
legs,part_meronym,ankle
legs,part_holonym,body
legs,hypernym,support
legs,part_holonym,tripod
legs,part_holonym,chair
legs,part_holonym,table
legs,hyponym,fork
legs,synonym,branch
legs,part_meronym,cuff
legs,part_holonym,trouser
legs,part_holonym,pant
legs,hypernym,distance
legs,synonym,stage
dresser,hypernym,furniture
dresser,synonym,chest
dresser,part_meronym,shelf
dresser,part_meronym,drawer
dresser,hypernym,person
dresser,hypernym,someone
dresser,hypernym,table
dresser,synonym,vanity
dresser,hypernym,cabinet
wood,hyponym,olive
wood,hyponym,knot
wood,hyponym,pine
wood,hyponym,log
wood,hyponym,cherry
wood,hypernym,vegetation
wood,synonym,forest
wood,synonym,woods
wood,hyponym,spoon
wood,hyponym,driver
cupboard,synonym,closet
tattoo,hypernym,design
tattoo,hypernym,pattern
tattoo,hypernym,figure
tattoo,hypernym,decoration
pants,synonym,drawers
pants,synonym,pant
pants,hyponym,white
pants,hyponym,slacks
pants,hyponym,cords
pants,hyponym,jean
pants,hyponym,shorts
pants,hyponym,trunks
pants,synonym,trouser
pants,part_meronym,zipper
pants,part_meronym,trouser
pants,part_meronym,lap
pants,part_meronym,leg
pants,part_meronym,seat
keypad,hypernym,keyboard
smile,synonym,smiling
shower,hypernym,rain
shower,hyponym,sprinkle
sidewalk,hypernym,walk
sidewalk,hypernym,walkway
sidewalk,synonym,pavement
toilet,hypernym,room
toilet,hyponym,restroom
toilet,hyponym,closet
toilet,hyponym,head
toilet,synonym,can
toilet,synonym,bathroom
toilet,part_meronym,toilet
toilet,part_meronym,can
toilet,part_meronym,pot
toilet,part_meronym,stool
toilet,synonym,pot
toilet,synonym,stool
toilet,part_holonym,bathroom
toilet,part_holonym,toilet
toilet,part_holonym,can
toilet,synonym,gutter
toilet,hypernym,dressing
grasses,hyponym,cereal
grasses,synonym,grass
grasses,synonym,pasture
grasses,synonym,pot
grasses,synonym,weed
grasses,synonym,smoke
icing,hypernym,topping
icing,synonym,frosting
icing,synonym,ice
surf,hypernym,wave
debris,hypernym,trash
debris,synonym,dust
roses,hypernym,shrub
roses,hypernym,bush
roses,synonym,rose
roses,part_meronym,hip
roses,hypernym,wine
roses,hypernym,pink
topping,hypernym,garnish
topping,hyponym,frosting
topping,hyponym,icing
topping,hyponym,ice
topping,hyponym,glaze
topping,part_holonym,dish
room,hypernym,area
room,hyponym,compartment
room,hyponym,closet
room,hyponym,bathroom
room,hyponym,bar
room,hyponym,floor
room,hyponym,kitchen
room,hyponym,court
room,hyponym,door
room,hyponym,toilet
room,hyponym,can
room,hyponym,bedroom
room,part_meronym,floor
room,part_meronym,flooring
room,part_meronym,ceiling
room,part_meronym,wall
room,part_holonym,building
room,hyponym,seating
room,hyponym,seats
billboard,hypernym,signboard
billboard,hypernym,sign
cane,hypernym,stalk
cane,hypernym,stem
cane,hypernym,switch
cab,hypernym,compartment
cab,hypernym,carriage
cab,hypernym,car
cab,hypernym,automobile
cab,hypernym,machine
cab,synonym,taxi
watermelon,hypernym,melon
watermelon,part_meronym,watermelon
watermelon,part_holonym,watermelon
sandwiches,hyponym,wrap
sandwiches,hyponym,hamburger
sandwiches,hyponym,burger
sandwiches,hyponym,hotdog
sandwiches,synonym,sandwich
sandwiches,part_meronym,bread
sandwiches,part_holonym,meal
print,hyponym,footprint
print,hyponym,step
print,hyponym,line
print,synonym,mark
print,hypernym,fabric
print,hypernym,cloth
print,hypernym,material
print,hypernym,photograph
print,hypernym,photo
print,hypernym,picture
twigs,hypernym,branch
twigs,synonym,twig
trailer,hypernym,ad
trailer,hypernym,advertisement
trailer,hypernym,advertising
time,hypernym,case
time,synonym,clip
time,hyponym,piece
time,hyponym,patch
time,hyponym,day
time,synonym,meter
cars,hyponym,wagon
cars,hyponym,jeep
cars,hyponym,sedan
cars,hyponym,cab
cars,hyponym,taxi
cars,hyponym,minivan
cars,hyponym,bus
cars,synonym,car
cars,synonym,automobile
cars,synonym,machine
cars,part_meronym,bumper
cars,part_meronym,window
cars,part_meronym,fin
cars,part_meronym,hood
cars,part_meronym,trunk
cars,part_meronym,roof
cars,part_meronym,horn
cars,part_meronym,fender
cars,part_meronym,wing
cars,part_meronym,gun
cars,hyponym,coach
cars,hyponym,carriage
cars,hyponym,van
cars,hypernym,compartment
cars,part_holonym,lift
ball,hyponym,baseball
ball,hyponym,bowl
ball,synonym,globe
ball,synonym,nut
ball,synonym,egg
ball,hypernym,toy
ball,synonym,clump
ball,hypernym,structure
ball,part_holonym,sole
ball,part_holonym,hand
ball,part_holonym,mitt
ball,part_holonym,paw
ball,hypernym,baseball
slide,part_meronym,section
slide,hypernym,toy
slide,part_holonym,playground
slide,hypernym,foil
slide,hypernym,gutter
slide,hypernym,trough
slide,hyponym,runway
toddler,hypernym,child
toddler,hypernym,kid
toddler,hypernym,fry
motorcycle,hyponym,motorbike
motorcycle,synonym,bike
motorcycle,part_meronym,kickstand
urn,hypernym,vase
urn,hypernym,pot
skull,part_meronym,jaw
skull,part_holonym,head
bathroom,hypernym,room
bathroom,part_meronym,bathtub
bathroom,part_meronym,tub
bathroom,part_meronym,toilet
bathroom,part_meronym,can
bathroom,part_meronym,pot
bathroom,part_meronym,stool
bathroom,part_holonym,home
bathroom,hyponym,restroom
bathroom,hyponym,closet
bathroom,hyponym,head
bathroom,synonym,toilet
bathroom,synonym,can
chain,hypernym,unit
chain,hyponym,ring
chain,part_holonym,bicycle
chain,part_holonym,bike
chain,part_holonym,wheel
chain,part_holonym,cycle
chain,hypernym,business
chain,part_meronym,yard
chain,part_meronym,link
chain,synonym,range
chain,hypernym,necklace
chain,synonym,string
panels,hypernym,sheet
panels,hyponym,paneling
panels,hyponym,pane
panels,hyponym,headboard
panels,hyponym,footboard
panels,hyponym,window
panels,synonym,panel
panels,hypernym,body
panels,hypernym,pad
panels,part_holonym,umbrella
panels,hypernym,window
panels,hyponym,dashboard
panels,synonym,board
panes,hyponym,window
panes,synonym,pane
panes,part_holonym,window
panes,hypernym,panel
panes,synonym,paneling
panes,part_holonym,wall
panes,synonym,dot
sofa,hypernym,seat
sofa,synonym,couch
middle,hypernym,area
middle,hyponym,seat
middle,synonym,center
middle,synonym,heart
middle,synonym,eye
middle,hypernym,part
middle,hypernym,section
middle,part_holonym,torso
middle,part_holonym,trunk
middle,part_holonym,body
middle,hypernym,point
knob,hypernym,handle
knob,hypernym,grip
knob,hyponym,doorknob
knob,hyponym,stop
knob,hypernym,decoration
knob,hypernym,ornament
roadway,hypernym,road
backside,hypernym,side
backside,hypernym,face
backside,synonym,rear
backside,synonym,butt
backside,synonym,buns
backside,synonym,can
backside,synonym,seat
backside,synonym,tail
backside,synonym,bottom
backside,part_holonym,torso
backside,part_holonym,trunk
backside,part_holonym,body
pieces,hypernym,part
pieces,hypernym,portion
pieces,hyponym,beam
pieces,synonym,piece
pieces,hypernym,item
pieces,hypernym,thing
pieces,hyponym,base
pieces,hyponym,corner
pieces,hyponym,slice
pieces,hyponym,strip
pieces,synonym,part
pieces,part_holonym,unit
pieces,hypernym,case
pieces,hypernym,gun
pieces,part_meronym,lock
pieces,synonym,slice
pieces,hypernym,distance
pieces,hypernym,time
pieces,synonym,patch
pieces,hyponym,black
pieces,hyponym,tile
pieces,hyponym,white
pieces,synonym,man
bed,hyponym,couch
bed,hyponym,sack
bed,part_meronym,mattress
bed,part_holonym,bedroom
bed,hypernym,patch
bed,synonym,bottom
bed,synonym,seam
bed,hyponym,lift
bed,hyponym,blanket
bed,hyponym,wall
bed,hyponym,row
bed,hyponym,cushion
bed,synonym,layer
bed,hypernym,surface
bed,hypernym,base
bed,hypernym,foot
team,hypernym,unit
team,hyponym,section
team,part_meronym,bench
advertising,hyponym,bill
advertising,hyponym,flyer
advertising,hyponym,trailer
advertising,synonym,ad
advertising,synonym,advertisement
advertising,hypernym,business
black,hypernym,dark
black,hypernym,person
black,hypernym,someone
black,hypernym,man
black,hypernym,piece
black,hypernym,clothing
heel,hypernym,bottom
heel,hypernym,underside
heel,part_meronym,lift
heel,part_holonym,boot
heel,part_holonym,shoe
heel,part_holonym,foot
heel,synonym,dog
heel,hypernym,end
heel,hypernym,terminal
heel,hypernym,part
heel,hypernym,portion
plate,hypernym,base
plate,hypernym,bag
plate,synonym,home
plate,hypernym,sheet
plate,hyponym,disk
plate,hyponym,disc
plate,hyponym,tap
plate,hypernym,crust
plate,hypernym,structure
plate,hyponym,comb
plate,part_holonym,tube
plate,part_holonym,structure
plate,hypernym,shield
plate,hyponym,shoe
plate,synonym,scale
plate,synonym,shell
plate,hyponym,bridge
square,hypernym,rectangle
square,hypernym,number
square,hyponym,place
square,part_holonym,city
square,hypernym,shape
radiator,hypernym,heater
wheel,hypernym,machine
wheel,hyponym,gear
wheel,part_meronym,rim
wheel,synonym,rack
wheel,synonym,bicycle
wheel,synonym,bike
wheel,synonym,cycle
wheel,part_meronym,chain
wheel,part_meronym,handlebar
wheel,part_meronym,saddle
wheel,part_meronym,kickstand
wheel,part_meronym,pedal
cow,hypernym,cattle
cow,hypernym,cows
cow,part_meronym,bag
oil,hyponym,oil
oil,hypernym,oil
grey,synonym,gray
grey,hyponym,silver
grey,hypernym,clothing
signpost,hypernym,sign
sink,hyponym,basin
couch,hypernym,seat
couch,synonym,sofa
couch,hypernym,ground
couch,hypernym,bed
pillows,hypernym,cushion
pillows,synonym,pillow
mural,hypernym,painting
mural,hypernym,picture
lunch,hypernym,meal
vents,hypernym,hole
vents,synonym,vent
vents,hypernym,opening
vents,hypernym,crack
vents,synonym,outlet
neck,part_holonym,body
neck,hypernym,land
neck,hypernym,ground
neck,hypernym,part
neck,hypernym,portion
neck,hypernym,opening
neck,part_meronym,collar
icon,hypernym,symbol
icon,hyponym,graphic
icon,hyponym,reflection
icon,hyponym,foil
icon,synonym,picture
icon,synonym,image
icon,hypernym,painting
icon,hypernym,picture
two,hypernym,figure
two,hyponym,couple
two,hyponym,pair
two,hyponym,brace
two,synonym,2
urinals,synonym,urinal
spatula,part_meronym,handle
spatula,part_meronym,grip
spatula,part_meronym,blade
spatula,hyponym,slice
holes,hypernym,opening
holes,hypernym,gap
holes,synonym,hole
holes,hyponym,vent
holes,hyponym,eye
holes,hyponym,cup
holes,hyponym,manhole
holes,hypernym,space
holes,hyponym,kettle
holes,hyponym,tunnel
holes,synonym,jam
holes,synonym,pickle
holes,hypernym,mouth
shop,hypernym,outlet
shop,hyponym,booth
shop,synonym,store
shop,part_meronym,storefront
shop,hyponym,pottery
vehicle,part_meronym,dashboard
vehicle,hypernym,object
chandelier,synonym,pendant
mountains,synonym,mountain
mountains,part_meronym,mountainside
mountains,synonym,lot
mountains,synonym,pile
mountains,synonym,pot
mountains,synonym,raft
mountains,synonym,stack
dressing,hypernym,sauce
dressing,hyponym,patch
dressing,hypernym,covering
dressing,hyponym,toilet
sandal,hypernym,shoe
carrots,synonym,carrot
carrots,part_holonym,carrot
carrots,hypernym,herb
carrots,part_meronym,carrot
silhouette,hypernym,outline
silhouette,hypernym,drawing
goggles,hypernym,eyeglasses
goggles,hypernym,glasses
tent,hypernym,shelter
tent,hyponym,canvas
tent,part_meronym,guy
mark,hypernym,symbol
mark,hyponym,spot
mark,hyponym,pin
mark,hyponym,brand
mark,hyponym,watermark
mark,hyponym,label
mark,synonym,marker
mark,synonym,marking
mark,part_meronym,bull
mark,hyponym,footprint
mark,hyponym,step
mark,hyponym,line
mark,synonym,print
mark,synonym,brand
mark,synonym,stain
mark,synonym,mug
mark,hyponym,arrow
mark,hyponym,point
mark,hyponym,head
mark,synonym,sign
mark,hypernym,marking
mark,synonym,cross
ground,hypernym,object
ground,hyponym,plain
ground,hyponym,field
ground,hyponym,island
ground,hyponym,forest
ground,hyponym,floor
ground,hyponym,cape
ground,hyponym,neck
ground,synonym,land
ground,part_holonym,globe
ground,hypernym,material
ground,hypernym,stuff
ground,hyponym,soil
ground,hyponym,dirt
ground,hypernym,view
ground,hypernym,scene
ground,synonym,background
ground,hyponym,bottom
ground,hyponym,turf
ground,synonym,soil
ground,hypernym,surface
ground,hyponym,couch
shades,hypernym,eyeglasses
shades,hypernym,glasses
shades,synonym,sunglasses
shades,hyponym,shadow
shades,synonym,shade
shades,hypernym,color
shades,hyponym,parasol
shades,hyponym,lampshade
shades,hypernym,shadow
marking,hypernym,symbol
marking,hyponym,spot
marking,hyponym,pin
marking,hyponym,brand
marking,hyponym,watermark
marking,hyponym,label
marking,synonym,marker
marking,synonym,mark
marking,hypernym,design
marking,hypernym,pattern
marking,hypernym,figure
marking,hyponym,stripe
marking,hyponym,streak
marking,hyponym,bar
marking,hyponym,cross
marking,hyponym,mark
marking,hyponym,patch
marking,hypernym,decoration
shoulder,part_holonym,torso
shoulder,part_holonym,trunk
shoulder,part_holonym,body
shoulder,hypernym,edge
shoulder,part_holonym,road
open,hypernym,area
open,synonym,clear
open,hypernym,outside
open,synonym,outdoors
open,synonym,surface
salad,hypernym,dish
pair,hypernym,set
pair,synonym,brace
pair,hypernym,two
pair,hypernym,2
pair,synonym,couple
pair,hyponym,couple
dark,hyponym,black
dark,hyponym,night
dark,hypernym,scene
dark,synonym,shadow
dark,synonym,night
dark,part_holonym,day
spot,hypernym,point
spot,hyponym,end
spot,hyponym,stop
spot,hyponym,peak
spot,hyponym,crown
spot,hyponym,crest
spot,hyponym,top
spot,hyponym,tip
spot,hyponym,pool
spot,hyponym,puddle
spot,synonym,place
spot,hypernym,section
spot,synonym,point
spot,hypernym,marking
spot,hyponym,speck
spot,hyponym,splash
spot,hyponym,plaque
spot,synonym,patch
spot,hypernym,business
spot,hypernym,line
spot,hyponym,chair
spot,synonym,post
spot,synonym,office
spot,hypernym,marker
spot,hypernym,mark
spot,hypernym,lamp
spot,hyponym,four
spot,synonym,stain
squares,hypernym,rectangle
squares,synonym,square
squares,hypernym,number
squares,hyponym,place
squares,part_holonym,city
squares,hypernym,shape
whisker,synonym,hair
whisker,hypernym,hair
underbelly,hypernym,bottom
underbelly,hypernym,underside
underbelly,hypernym,stomach
underbelly,hypernym,belly
woman,hypernym,adult
woman,hypernym,female
woman,hyponym,girl
woman,hyponym,lady
woman,hyponym,peach
woman,hyponym,dish
woman,hyponym,cat
rims,hypernym,edge
rims,synonym,rim
rims,hypernym,ring
rims,part_holonym,wheel
rims,hyponym,collar
rims,synonym,brim
rims,synonym,lip
rims,part_holonym,vessel
market,part_meronym,business
market,hypernym,market
market,part_meronym,shelf
market,hypernym,outlet
market,hyponym,market
bulb,hypernym,stalk
bulb,hypernym,stem
bulb,hyponym,onion
bulb,hypernym,part
bulb,hypernym,portion
bulb,hypernym,structure
floors,synonym,floor
floors,synonym,flooring
floors,part_holonym,hallway
floors,part_holonym,room
floors,hypernym,structure
floors,part_holonym,building
floors,hypernym,control
floors,synonym,base
floors,hypernym,land
floors,hypernym,ground
floors,hypernym,surface
floors,part_holonym,lake
floors,hypernym,right
floors,hypernym,room
pine,hypernym,wood
seasoning,hyponym,herb
seasoning,hyponym,garlic
seasoning,hyponym,spice
seasoning,hyponym,pepper
seasoning,hyponym,salt
seasoning,hyponym,condiment
writings,synonym,writing
writings,hyponym,papers
writings,hyponym,section
writings,hyponym,lettering
writings,hyponym,hand
landscape,hypernym,painting
landscape,hypernym,picture
landscape,hypernym,stand
compartment,hypernym,space
compartment,hypernym,room
compartment,hyponym,cabinet
compartment,hyponym,stall
compartment,hyponym,car
compartment,hyponym,cockpit
compartment,hyponym,trunk
compartment,hyponym,cab
compartment,hyponym,box
compartment,hyponym,cabin
toy,hyponym,doll
toy,hyponym,top
toy,hyponym,ball
toy,hyponym,teddy
toy,hyponym,slide
toy,hyponym,balloon
toy,hyponym,kite
toy,hypernym,device
toy,hypernym,dog
desktop,hypernym,top
desktop,hypernym,screen
desktop,synonym,background
gate,part_meronym,lock
gate,part_meronym,hinge
spine,synonym,back
spine,synonym,sticker
spine,hypernym,part
spine,hypernym,portion
spine,part_holonym,book
text,hyponym,words
text,hyponym,letter
text,hyponym,cookie
text,hyponym,column
text,hyponym,line
text,part_meronym,book
text,hypernym,book
lens,hypernym,line
lens,part_holonym,eye
grape,part_holonym,grape
grape,hypernym,vine
grape,part_meronym,grape
pathway,hypernym,path
sandwich,hyponym,wrap
sandwich,hyponym,hamburger
sandwich,hyponym,burger
sandwich,hyponym,hotdog
sandwich,part_meronym,bread
sandwich,part_holonym,meal
feather,hyponym,down
feather,part_holonym,bird
feather,part_holonym,row
handbag,hypernym,container
handbag,synonym,bag
handbag,synonym,purse
handbag,part_meronym,clasp
blinds,hypernym,people
blinds,synonym,blind
blinds,hypernym,screen
blinds,hypernym,cover
blinds,hyponym,shutter
blinds,hyponym,curtain
blinds,hyponym,drape
blinds,hyponym,mantle
blinds,synonym,screen
knives,synonym,knife
knives,part_meronym,point
knives,part_meronym,blade
knives,hypernym,arm
knives,hyponym,sticker
knives,part_meronym,tip
knives,part_meronym,peak
knives,synonym,tongue
pail,hypernym,vessel
pail,synonym,bucket
drum,part_meronym,head
drum,synonym,barrel
drum,hypernym,vessel
runner,hypernym,athlete
runner,hypernym,rug
runner,hypernym,carpet
runner,hypernym,carpeting
runner,hypernym,device
runner,hyponym,blade
runner,hyponym,ski
statues,hypernym,sculpture
statues,synonym,statue
shoreline,part_holonym,shore
broom,hypernym,shrub
broom,hypernym,bush
church,hypernym,body
jam,synonym,hole
jam,synonym,pickle
jam,hypernym,crowd
eyebrows,hypernym,hair
eyebrows,synonym,eyebrow
eyebrows,part_holonym,face
meat,hypernym,food
meat,hyponym,game
meat,hyponym,beef
meat,hyponym,sausage
meat,hyponym,lamb
meat,hyponym,bird
meat,part_holonym,seed
meat,hyponym,stuff
meat,synonym,center
meat,synonym,heart
bunch,hyponym,tuft
bunch,hyponym,knot
bunch,synonym,clump
bunch,synonym,crowd
bunch,synonym,lot
foil,hypernym,device
foil,hypernym,picture
foil,hypernym,image
foil,hypernym,icon
foil,hyponym,slide
vase,hypernym,jar
vase,hyponym,urn
slats,hypernym,strip
slats,hyponym,fin
slats,synonym,slat
weeds,synonym,weed
weeds,hypernym,band
weeds,synonym,pot
weeds,synonym,grass
weeds,synonym,smoke
sunlight,hypernym,light
sunlight,synonym,sunshine
sunlight,synonym,sun
leather,hyponym,calf
leather,hyponym,grain
leather,hyponym,kid
hinge,part_holonym,gate
box,hypernym,container
box,hyponym,carton
box,hyponym,chest
box,hyponym,crate
box,hyponym,mailbox
box,part_meronym,lid
box,part_meronym,base
box,hypernym,compartment
box,part_holonym,balcony
box,synonym,corner
box,hypernym,rectangle
box,hypernym,shrub
box,hypernym,bush
box,hypernym,area
box,part_holonym,diamond
box,hypernym,seat
box,part_holonym,coach
mirrors,hypernym,reflector
mirrors,hyponym,glass
mirrors,synonym,mirror
roofs,hyponym,dome
roofs,synonym,roof
roofs,part_holonym,building
roofs,hyponym,hood
roofs,part_holonym,truck
roofs,part_holonym,car
roofs,part_holonym,automobile
roofs,part_holonym,machine
roofs,part_holonym,bus
roofs,part_holonym,coach
roofs,hypernym,covering
roofs,hypernym,cover
roofs,hypernym,control
roofs,synonym,ceiling
roofs,synonym,cap
eyes,hypernym,view
eyes,synonym,eye
eyes,part_meronym,lid
eyes,part_meronym,lens
eyes,part_holonym,face
eyes,hypernym,area
eyes,hyponym,seat
eyes,synonym,center
eyes,synonym,middle
eyes,synonym,heart
eyes,hypernym,hole
eyes,part_holonym,needle
teddy,hypernym,toy
teddy,part_meronym,strap
mesh,hypernym,fabric
mesh,hypernym,cloth
mesh,hypernym,material
mesh,hyponym,netting
mesh,synonym,net
nail,hyponym,fingernail
nail,part_meronym,stem
nail,part_meronym,head
ties,hyponym,bowtie
ties,synonym,necktie
ties,synonym,tie
ties,hypernym,beam
ties,hyponym,bridge
ties,synonym,link
ties,hypernym,brace
ties,part_holonym,railroad
ties,part_holonym,railway
ties,hypernym,cord
ties,hyponym,string
parasail,hypernym,parachute
loop,hyponym,band
loop,hyponym,belt
loop,hypernym,pack
carrier,hypernym,business
carrier,hyponym,line
carrier,hypernym,rack
bookshelf,hypernym,shelf
outfit,hypernym,unit
outfit,hypernym,dress
outfit,hypernym,gear
flap,hypernym,covering
flap,hyponym,tongue
flap,hyponym,lap
flap,hypernym,wave
flap,hypernym,surface
flap,part_holonym,wing
tap,hypernym,faucet
tap,synonym,hydrant
tap,hypernym,plate
tap,hypernym,tool
tap,hypernym,plug
tap,part_holonym,barrel
can,hypernym,container
can,synonym,tin
can,hypernym,buoy
can,synonym,butt
can,synonym,backside
can,synonym,buns
can,synonym,rear
can,synonym,seat
can,synonym,tail
can,synonym,bottom
can,part_holonym,torso
can,part_holonym,trunk
can,part_holonym,body
can,synonym,toilet
can,synonym,pot
can,synonym,stool
can,part_holonym,bathroom
can,part_holonym,toilet
can,part_holonym,can
can,hypernym,room
can,hyponym,restroom
can,hyponym,closet
can,hyponym,head
can,synonym,bathroom
can,part_meronym,toilet
can,part_meronym,can
can,part_meronym,pot
can,part_meronym,stool
closet,synonym,cupboard
closet,hypernym,toilet
closet,hypernym,can
closet,hypernym,bathroom
closet,hypernym,furniture
closet,hypernym,room
closet,hyponym,booth
closet,hyponym,stall
closet,part_meronym,shelf
city,part_meronym,square
costume,hypernym,dress
squash,hypernym,vine
squash,hyponym,pumpkin
squash,part_meronym,squash
squash,hypernym,vegetable
squash,hypernym,veggie
squash,part_holonym,squash
cows,hyponym,cow
cows,hyponym,ox
cows,hyponym,bull
cows,hyponym,beef
cows,hyponym,steer
cows,synonym,cattle
cows,part_meronym,beef
cows,hypernym,cattle
cows,hypernym,cows
cows,synonym,cow
cows,part_meronym,bag
giraffes,synonym,giraffe
bucket,hypernym,vessel
bucket,synonym,pail
stairway,hyponym,ramp
stairway,hyponym,stairs
stairway,hyponym,steps
stairway,synonym,staircase
stairway,part_meronym,step
stairway,part_meronym,stair
stairway,part_holonym,building
cloud,hyponym,mushroom
cloud,part_holonym,sky
cloud,hypernym,group
spout,hypernym,opening
spout,hyponym,nozzle
spout,hyponym,nose
spout,part_holonym,pipe
bell,part_meronym,tongue
bell,hypernym,button
bell,hypernym,curve
bell,hypernym,opening
podium,hypernym,platform
podium,synonym,stump
handle,hyponym,knob
handle,synonym,grip
handle,part_meronym,stem
handle,part_holonym,umbrella
handle,part_holonym,faucet
handle,part_holonym,cart
handle,part_holonym,luggage
handle,part_holonym,racket
handle,part_holonym,racquet
handle,part_holonym,mug
handle,part_holonym,handlebar
handle,part_holonym,spatula
handle,part_holonym,brush
handle,part_holonym,bat
handle,part_holonym,skillet
handle,part_holonym,briefcase
bolt,hypernym,bar
bolt,part_holonym,lock
bolt,synonym,dash
bolt,hypernym,roll
bolt,hypernym,screw
bolt,part_meronym,head
propeller,hyponym,screw
propeller,part_meronym,blade
umbrellas,hypernym,canopy
umbrellas,synonym,umbrella
umbrellas,part_meronym,panel
umbrellas,part_meronym,handle
umbrellas,part_meronym,grip
wristwatch,hypernym,watch
left,hypernym,place
left,hypernym,hand
left,hypernym,mitt
left,hypernym,paw
left,part_holonym,outfield
point,hyponym,intersection
point,hyponym,corner
point,hyponym,place
point,hyponym,center
point,hyponym,spot
point,synonym,item
point,hyponym,peak
point,hyponym,top
point,hyponym,plane
point,hyponym,ladder
point,synonym,stage
point,hyponym,middle
point,hyponym,date
point,hyponym,end
point,hyponym,distance
point,hypernym,object
point,hyponym,head
point,synonym,tip
point,synonym,peak
point,part_holonym,blade
point,part_holonym,brand
point,part_holonym,steel
point,part_holonym,cone
point,part_holonym,pencil
point,part_holonym,knife
point,hypernym,disk
point,hypernym,disc
point,hypernym,saucer
point,synonym,dot
point,hypernym,unit
point,hypernym,head
point,hypernym,part
point,hypernym,portion
point,synonym,spot
point,hypernym,end
point,hypernym,terminal
point,part_holonym,needle
point,part_holonym,pin
point,synonym,stop
point,hypernym,mark
point,synonym,head
point,part_holonym,arrow
point,hypernym,muzzle
point,hypernym,outlet
plant,part_meronym,hood
plant,part_meronym,cap
plant,hypernym,player
vegetables,hypernym,produce
vegetables,hyponym,asparagus
vegetables,hyponym,squash
vegetables,hyponym,celery
vegetables,hyponym,pumpkin
vegetables,hyponym,mushroom
vegetables,hyponym,onion
vegetables,hyponym,greens
vegetables,hyponym,green
vegetables,hyponym,cucumber
vegetables,synonym,vegetable
vegetables,synonym,veggie
vegetables,part_holonym,herb
vegetables,hypernym,herb
vegetables,hyponym,spinach
teeth,hypernym,set
teeth,part_holonym,mouth
teeth,hyponym,tusk
teeth,synonym,tooth
teeth,part_meronym,stump
teeth,part_meronym,crown
teeth,part_holonym,comb
teeth,hypernym,structure
teeth,part_holonym,gear
beam,hypernym,signal
beam,hypernym,sign
beam,hypernym,piece
beam,hyponym,ridge
beam,hyponym,tie
beam,hyponym,shore
beam,hypernym,light
beam,hypernym,side
garnish,hypernym,decoration
garnish,hypernym,ornament
garnish,hyponym,topping
blocks,hyponym,step
blocks,hyponym,pad
blocks,hyponym,cake
blocks,hyponym,bar
blocks,hyponym,nut
blocks,hyponym,slab
blocks,synonym,block
blocks,hypernym,area
blocks,hypernym,machine
blocks,hyponym,plug
blocks,synonym,stop
blocks,hypernym,platform
tube,hyponym,straw
tube,hyponym,drain
tube,hyponym,barrel
tube,hyponym,pipe
tube,hyponym,stem
tube,hyponym,column
tube,hyponym,hose
tube,part_meronym,plate
tube,synonym,pipe
tube,hypernym,structure
tube,hyponym,vessel
tube,hypernym,railway
tube,hypernym,railroad
tube,synonym,subway
faucet,hyponym,tap
faucet,hyponym,hydrant
faucet,part_meronym,handle
faucet,part_meronym,grip
magazine,part_holonym,camera
magazine,hypernym,store
magazine,synonym,clip
magazine,part_holonym,gun
drawing,hypernym,artwork
drawing,hypernym,art
drawing,hyponym,frame
drawing,hyponym,silhouette
drawing,hyponym,numbers
drawing,hypernym,drain
drapes,hypernym,blind
drapes,hypernym,screen
drapes,synonym,curtain
drapes,synonym,drape
drapes,synonym,mantle
drapes,hypernym,covering
motorbike,hypernym,motorcycle
motorbike,hypernym,bike
motorbike,hyponym,moped
stage,hyponym,peak
stage,hyponym,top
stage,hyponym,plane
stage,hyponym,ladder
stage,synonym,point
stage,hypernym,platform
stage,hyponym,apron
stage,hyponym,wing
stage,part_holonym,house
stage,hypernym,coach
stage,synonym,leg
stage,hypernym,scene
pie,hypernym,pastry
forks,synonym,fork
forks,hypernym,branch
forks,hypernym,leg
forks,hypernym,tool
forks,part_holonym,body
tag,hypernym,label
tag,synonym,rag
bar,hypernym,room
bar,hypernym,counter
bar,hyponym,bolt
bar,hyponym,track
bar,hyponym,rail
bar,hyponym,rails
bar,hyponym,runway
bar,hyponym,handlebar
bar,hyponym,lever
bar,part_holonym,goal
bar,hypernym,barrier
bar,hypernym,ridge
bar,hypernym,marking
bar,hyponym,band
bar,synonym,stripe
bar,synonym,streak
bar,hypernym,block
bar,hyponym,tablet
bar,synonym,cake
bar,hypernym,support
bar,part_holonym,bars
bar,hypernym,railing
bar,hypernym,rail
bar,part_holonym,court
trouser,hyponym,white
trouser,hyponym,slacks
trouser,hyponym,cords
trouser,hyponym,jean
trouser,hyponym,shorts
trouser,hyponym,trunks
trouser,synonym,pant
trouser,part_meronym,zipper
trouser,part_meronym,trouser
trouser,part_meronym,lap
trouser,part_meronym,leg
trouser,part_meronym,seat
trouser,part_holonym,trouser
trouser,part_holonym,pant
strawberries,hypernym,berry
strawberries,synonym,strawberry
strawberries,hypernym,herb
advertisements,hyponym,bill
advertisements,hyponym,flyer
advertisements,hyponym,trailer
advertisements,synonym,ad
advertisements,synonym,advertisement
advertisements,synonym,advertising
packet,synonym,package
packet,hypernym,package
packet,hyponym,deck
packet,hypernym,boat
railing,hypernym,barrier
railing,hyponym,guardrail
railing,hyponym,bar
railing,synonym,rail
railing,part_holonym,handrail
railing,hypernym,material
goose,part_meronym,goose
goose,part_holonym,goose
numeral,hypernym,symbol
numeral,synonym,number
spices,synonym,spice
spices,hypernym,seasoning
yellow,hyponym,lemon
yellow,hyponym,straw
yellow,hyponym,gold
bowtie,hypernym,necktie
bowtie,hypernym,tie
broccoli,part_meronym,broccoli
broccoli,part_holonym,broccoli
phone,synonym,telephone
6,hypernym,figure
cables,hypernym,wire
cables,synonym,cable
cables,hypernym,conductor
cables,synonym,line
cables,part_holonym,cable
cables,hypernym,rope
cables,hypernym,television
cables,part_meronym,cable
cables,part_meronym,line
pasta,hypernym,dish
pasta,hypernym,food
pasta,hyponym,noodle
pans,hyponym,skillet
pans,synonym,pan
pans,hypernym,container
shade,hyponym,shadow
shade,hypernym,color
shade,hyponym,parasol
shade,hyponym,lampshade
shade,hypernym,shadow
shutter,part_holonym,camera
shutter,hypernym,blind
shutter,hypernym,screen
photograph,hyponym,scene
photograph,hyponym,frame
photograph,hyponym,print
photograph,synonym,photo
photograph,synonym,picture
skateboards,hypernym,board
skateboards,synonym,skateboard
brand,hypernym,name
brand,hyponym,label
brand,hypernym,marker
brand,hypernym,marking
brand,hypernym,mark
brand,hypernym,symbol
brand,synonym,mark
brand,synonym,stain
brand,hypernym,arm
brand,synonym,blade
brand,synonym,steel
brand,part_meronym,point
brand,part_meronym,tip
brand,part_meronym,peak
brand,part_meronym,blade
lettering,hypernym,writing
man,hypernym,adult
man,hypernym,male
man,hyponym,dude
man,hyponym,guy
man,hyponym,cat
man,hyponym,boy
man,hyponym,bull
man,hyponym,officer
man,hypernym,person
man,hypernym,someone
man,hyponym,man
man,synonym,human
man,part_meronym,figure
man,part_meronym,shape
man,part_meronym,frame
man,part_meronym,face
man,part_meronym,foot
man,part_meronym,hand
man,part_meronym,mitt
man,part_meronym,paw
man,part_meronym,arm
man,part_meronym,mane
man,hyponym,black
man,hyponym,tile
man,hyponym,white
man,synonym,piece
man,hypernym,group
man,hypernym,man
man,hypernym,human
shrub,hyponym,pepper
shrub,hyponym,tea
shrub,hyponym,broom
shrub,hyponym,blueberry
shrub,hyponym,box
shrub,hyponym,rose
shrub,synonym,bush
knife,part_meronym,point
knife,part_meronym,blade
knife,hypernym,arm
knife,hyponym,sticker
knife,part_meronym,tip
knife,part_meronym,peak
knife,synonym,tongue
device,hyponym,lift
device,hyponym,tongs
device,hyponym,support
device,hyponym,stabilizer
device,hyponym,fan
device,hyponym,indicator
device,hyponym,horn
device,hyponym,light
device,hyponym,surface
device,hyponym,foil
device,hyponym,button
device,hyponym,key
device,hyponym,guard
device,hyponym,runner
device,hyponym,feeder
device,hyponym,keyboard
device,hyponym,charger
device,hyponym,toy
device,hyponym,comforter
device,hyponym,remote
device,hyponym,reflector
device,hyponym,appliance
device,hyponym,fender
device,hyponym,conductor
device,hyponym,magnet
device,hyponym,comb
device,hyponym,heater
device,hyponym,valve
device,hyponym,muffler
device,hyponym,machine
device,hyponym,trick
device,hypernym,design
device,hypernym,pattern
device,hypernym,figure
device,hypernym,emblem
sill,hyponym,windowsill
sill,hypernym,rock
sill,hypernym,stone
candle,hypernym,lamp
candle,synonym,cd
armchair,hypernym,chair
armchair,part_meronym,arm
brown,hyponym,chocolate
brown,hyponym,coffee
liner,synonym,lining
liner,part_meronym,cabin
buffalo,part_meronym,buffalo
buffalo,hypernym,game
buffalo,part_holonym,buffalo
mound,synonym,hill
mound,part_holonym,diamond
mound,hypernym,hill
mound,hyponym,stack
mound,synonym,pile
mound,hypernym,structure
mound,synonym,pitcher
rails,hypernym,bar
rails,synonym,track
rails,synonym,rail
rails,synonym,runway
rails,part_holonym,railroad
rails,part_holonym,railway
rails,hypernym,barrier
rails,hyponym,guardrail
rails,hyponym,bar
rails,synonym,railing
rails,part_holonym,handrail
rails,hypernym,railway
rails,hypernym,railroad
magnet,hypernym,device
magnet,part_meronym,pole
shoes,synonym,place
shoes,hyponym,cleats
shoes,hyponym,sneaker
shoes,hyponym,fin
shoes,hyponym,sandal
shoes,hyponym,pump
shoes,hyponym,platform
shoes,synonym,shoe
shoes,part_meronym,tongue
shoes,part_meronym,counter
shoes,part_meronym,heel
shoes,part_meronym,collar
shoes,part_meronym,saddle
shoes,part_meronym,lace
shoes,part_meronym,shoelace
shoes,hypernym,case
shoes,hypernym,plate
shoes,hypernym,scale
shoes,hypernym,shell
bowl,hypernym,vessel
bowl,synonym,trough
bowl,hypernym,dish
bowl,hypernym,structure
bowl,hyponym,dome
bowl,hyponym,park
bowl,synonym,stadium
bowl,part_meronym,field
bowl,part_meronym,stand
bowl,hypernym,ball
bowl,part_holonym,bowls
bowl,hypernym,container
bowl,part_holonym,pipe
bowl,synonym,roll
cleats,hypernym,shoe
cleats,part_meronym,cleat
cleats,synonym,cleat
cleats,part_holonym,cleats
cleats,hypernym,strip
roll,hyponym,card
roll,hypernym,wave
roll,hypernym,bread
roll,hyponym,bagel
roll,synonym,bun
roll,hyponym,bolt
roll,synonym,bowl
hip,part_holonym,torso
hip,part_holonym,trunk
hip,part_holonym,body
hip,part_meronym,hip
hip,part_holonym,thigh
hip,part_holonym,hip
hip,hypernym,fruit
hip,part_holonym,rose
cats,synonym,cat
cats,hypernym,man
cats,synonym,guy
cats,hypernym,woman
cats,hyponym,lion
monkey,hypernym,child
monkey,hypernym,kid
monkey,hypernym,fry
basket,hypernym,container
basket,hypernym,goal
men,synonym,hands
men,hypernym,adult
men,hypernym,male
men,hyponym,dude
men,hyponym,guy
men,hyponym,cat
men,hyponym,boy
men,hyponym,bull
men,synonym,man
men,hyponym,officer
men,hypernym,person
men,hypernym,someone
men,hyponym,man
men,synonym,human
men,part_meronym,figure
men,part_meronym,shape
men,part_meronym,frame
men,part_meronym,face
men,part_meronym,foot
men,part_meronym,hand
men,part_meronym,mitt
men,part_meronym,paw
men,part_meronym,arm
men,part_meronym,mane
men,hyponym,black
men,hyponym,tile
men,hyponym,white
men,synonym,piece
men,hypernym,group
men,hypernym,man
men,hypernym,human
pineapple,hypernym,herb
pineapple,part_meronym,pineapple
pineapple,part_holonym,pineapple
note,synonym,line
note,hyponym,pedal
note,hypernym,air
note,synonym,bill
board,synonym,plank
board,part_meronym,knot
board,hypernym,sheet
board,hyponym,skateboard
board,hyponym,snowboard
board,hyponym,surfboard
board,hyponym,scoreboard
board,synonym,table
board,hypernym,display
board,hypernym,table
board,hyponym,dashboard
board,synonym,panel
board,synonym,card
board,hypernym,surface
painting,hyponym,mural
painting,hyponym,icon
painting,hyponym,landscape
painting,synonym,picture
painting,hypernym,art
painting,hypernym,covering
painting,hyponym,splash
painting,part_holonym,building
engine,hypernym,motor
engine,part_meronym,gear
engine,part_meronym,train
engine,synonym,locomotive
engine,part_meronym,fender
engine,part_meronym,pilot
foam,hypernym,bubble
foam,hyponym,head
foam,hypernym,material
foam,hypernym,stuff
calendar,hypernym,table
banners,hypernym,flag
banners,synonym,banner
banners,synonym,streamer
mushroom,hypernym,cloud
mushroom,hypernym,vegetable
mushroom,hypernym,veggie
section,hypernym,writing
section,hyponym,spot
section,hyponym,end
section,hyponym,book
section,hypernym,slice
section,part_holonym,slide
section,hypernym,area
section,hypernym,part
section,hypernym,portion
section,hyponym,curve
section,hyponym,leaf
section,part_holonym,unit
section,hypernym,team
section,hyponym,frame
section,hyponym,half
section,hyponym,middle
section,hyponym,game
section,synonym,part
section,hyponym,strings
section,part_holonym,band
cheese,hypernym,food
hose,hyponym,sock
hose,hyponym,tights
hose,hypernym,tube
cupcake,hypernym,cake
handles,hyponym,knob
handles,synonym,handle
handles,synonym,grip
handles,part_meronym,stem
handles,part_holonym,umbrella
handles,part_holonym,faucet
handles,part_holonym,cart
handles,part_holonym,luggage
handles,part_holonym,racket
handles,part_holonym,racquet
handles,part_holonym,mug
handles,part_holonym,handlebar
handles,part_holonym,spatula
handles,part_holonym,brush
handles,part_holonym,bat
handles,part_holonym,skillet
handles,part_holonym,briefcase
twig,hypernym,branch
doughnut,synonym,ring
doughnut,synonym,donut
cheek,part_holonym,face
cheek,part_holonym,torso
cheek,part_holonym,trunk
cheek,part_holonym,body
cheek,synonym,face
surfboards,hypernym,board
surfboards,synonym,surfboard
face,hyponym,mug
face,part_meronym,jaw
face,part_meronym,chin
face,part_meronym,cheek
face,part_meronym,eye
face,part_meronym,eyebrow
face,part_meronym,beard
face,part_meronym,whiskers
face,part_meronym,forehead
face,part_meronym,mouth
face,part_meronym,nose
face,part_holonym,head
face,part_holonym,man
face,part_holonym,human
face,hyponym,light
face,hypernym,surface
face,part_holonym,racket
face,part_holonym,racquet
face,hypernym,person
face,hypernym,someone
face,hyponym,top
face,hyponym,front
face,hyponym,bottom
face,hyponym,underside
face,hyponym,rear
face,hyponym,backside
face,synonym,side
face,hyponym,muzzle
face,part_holonym,animal
face,hypernym,front
face,hyponym,dial
face,part_holonym,watch
face,synonym,case
face,synonym,cheek
bumper,hypernym,glass
bumper,part_holonym,car
bumper,part_holonym,automobile
bumper,part_holonym,machine
bumper,part_holonym,truck
dirt,hypernym,ground
dirt,hyponym,sand
dirt,hyponym,clay
dirt,hyponym,mud
dirt,synonym,soil
dirt,synonym,stain
dirt,hypernym,stool
signal,hyponym,indicator
signal,hyponym,symbol
signal,hyponym,beam
signal,hyponym,number
signal,synonym,sign
passengers,synonym,passenger
passengers,synonym,rider
beach,part_holonym,shore
boots,synonym,boot
boots,part_meronym,tongue
boots,part_meronym,counter
boots,part_meronym,heel
boots,part_meronym,collar
boots,hypernym,trunk
boots,hypernym,shell
boots,hypernym,case
lanyard,hypernym,cord
lanyard,hypernym,line
speck,hypernym,spot
speck,hypernym,patch
speck,hypernym,material
speck,hypernym,stuff
speck,hyponym,grain
curve,hypernym,line
curve,hyponym,bow
curve,hyponym,wave
curve,hyponym,bell
curve,hyponym,hook
curve,hyponym,envelope
curve,hyponym,arch
curve,hypernym,shape
curve,hypernym,section
curve,hyponym,elbow
curve,part_holonym,road
footboard,hypernym,platform
footboard,hypernym,panel
bark,hypernym,covering
bark,hypernym,cover
bark,part_holonym,branch
bark,part_holonym,trunk
strips,hypernym,part
strips,hypernym,piece
strips,hyponym,row
strips,synonym,strip
strips,hyponym,ribbon
strips,hyponym,band
strips,hyponym,ring
strips,hyponym,tape
strips,hypernym,field
strips,part_meronym,runway
strips,part_meronym,frame
strips,part_holonym,newspaper
strips,part_holonym,paper
strips,hyponym,cleat
strips,hyponym,toothpick
strips,hyponym,slat
bracket,hypernym,set
bracket,hypernym,support
row,hypernym,line
row,synonym,words
row,hypernym,strip
row,hypernym,layer
row,hypernym,bed
row,part_holonym,wall
row,part_meronym,feather
swimsuit,hyponym,bikini
glove,synonym,mitt
glove,hyponym,mitten
glove,part_meronym,thumb
glove,part_meronym,finger
p,hypernym,letter
racquet,hyponym,bat
racquet,synonym,racket
racquet,part_meronym,handle
racquet,part_meronym,grip
racquet,part_meronym,face
raft,synonym,lot
raft,synonym,mountain
raft,synonym,pile
raft,synonym,pot
raft,synonym,stack
trucks,hyponym,tractor
trucks,hyponym,van
trucks,synonym,truck
trucks,part_meronym,bumper
trucks,part_meronym,roof
trucks,hypernym,cart
bush,hyponym,pepper
bush,hyponym,tea
bush,hyponym,broom
bush,hyponym,blueberry
bush,hyponym,box
bush,hyponym,rose
bush,synonym,shrub
bush,hypernym,wild
bush,hypernym,vegetation
bush,hypernym,hair
net,part_meronym,portion
net,part_meronym,part
net,hypernym,goal
net,hyponym,cage
net,hypernym,fabric
net,hypernym,cloth
net,hypernym,material
net,hyponym,netting
net,synonym,mesh
small,part_holonym,back
player,hyponym,seed
player,hyponym,ham
player,hyponym,star
player,hyponym,plant
player,hypernym,person
player,hypernym,someone
restaurant,hypernym,building
restaurant,hyponym,grill
lampshade,hypernym,shade
lampshade,part_holonym,lamp
pockets,synonym,pocket
pockets,synonym,sack
pockets,hypernym,space
pockets,hypernym,people
pockets,hypernym,opening
pockets,hypernym,gap
shingle,hypernym,gravel
shingle,hypernym,signboard
shingle,hypernym,sign
bubble,hyponym,foam
bubble,hypernym,covering
bananas,hypernym,herb
bananas,synonym,banana
kiwi,hypernym,vine
kiwi,part_meronym,kiwi
kiwi,part_holonym,kiwi
pea,part_holonym,pea
pea,part_meronym,pea
watch,hyponym,wristwatch
watch,part_meronym,face
watch,hyponym,wake
mouth,hyponym,hole
mouth,part_meronym,teeth
mouth,part_meronym,tongue
mouth,part_holonym,mouth
mouth,hypernym,opening
mouth,hyponym,beak
mouth,hyponym,bill
mouth,part_meronym,lip
mouth,part_meronym,mouth
mouth,part_holonym,face
mouth,hypernym,gap
mouth,hypernym,feeder
mouth,hypernym,counter
mouth,synonym,lip
mouth,part_holonym,jar
mouth,part_holonym,bottle
trough,hyponym,slide
trough,synonym,gutter
trough,synonym,bowl
trough,hypernym,container
green,synonym,park
green,hypernym,vegetable
green,hypernym,veggie
green,hyponym,spinach
green,synonym,greens
green,synonym,jet
back,part_meronym,small
back,part_meronym,saddle
back,part_holonym,torso
back,part_holonym,trunk
back,part_holonym,body
back,hypernym,side
back,hyponym,tail
back,synonym,rear
back,hypernym,place
back,synonym,spine
back,synonym,cover
back,part_holonym,book
back,hypernym,support
back,part_holonym,chair
briefcase,hypernym,case
briefcase,part_meronym,handle
briefcase,part_meronym,grip
shelter,hypernym,structure
shelter,hyponym,hut
shelter,hyponym,tent
shelter,hyponym,dugout
shelter,hyponym,canopy
chicken,hyponym,hen
chicken,part_meronym,breast
chicken,part_holonym,chicken
chicken,part_meronym,chicken
beans,synonym,bean
beans,part_holonym,bean
beans,hypernym,seed
beans,part_meronym,bean
beans,synonym,noodle
beans,synonym,dome
outline,hyponym,silhouette
outline,hyponym,skyline
potatoes,hyponym,fries
potatoes,hyponym,chips
potatoes,synonym,potato
potatoes,part_meronym,jacket
potatoes,part_holonym,potato
potatoes,hypernym,vine
potatoes,part_meronym,potato
houses,hypernym,building
houses,hypernym,home
houses,hyponym,cabin
houses,synonym,house
houses,part_meronym,porch
houses,hypernym,business
houses,hypernym,audience
houses,hypernym,family
houses,hypernym,part
houses,synonym,sign
houses,hypernym,unit
houses,synonym,family
houses,synonym,home
houses,part_meronym,circle
houses,part_meronym,stage
entrance,hyponym,opening
entrance,hyponym,arch
entrance,hyponym,archway
entrance,hyponym,doorway
entrance,hyponym,door
entrance,synonym,entryway
scarf,hyponym,muffler
hillside,hypernym,slope
hillside,hypernym,side
hillside,part_holonym,hill
sea,hypernym,water
sea,synonym,ocean
fingernail,hypernym,nail
fingernail,part_holonym,finger
pew,hypernym,bench
wrist,part_holonym,arm
candles,hypernym,lamp
candles,synonym,candle
candles,synonym,cd
belly,hyponym,underbelly
belly,synonym,stomach
belly,part_holonym,torso
belly,part_holonym,trunk
belly,part_holonym,body
belly,hyponym,pot
belly,hypernym,hump
belly,hypernym,inside
belly,hypernym,interior
hamburger,hypernym,sandwich
hamburger,synonym,burger
hamburger,part_meronym,hamburger
hamburger,hypernym,beef
hamburger,part_holonym,hamburger
hamburger,part_holonym,burger
condiment,hypernym,seasoning
condiment,hyponym,ketchup
condiment,hyponym,sauce
condiment,hyponym,relish
condiment,hyponym,mustard
tile,hypernym,slab
tile,hypernym,man
tile,hypernym,piece
flooring,synonym,floor
flooring,part_holonym,hallway
flooring,part_holonym,room
wall,hypernym,partition
wall,hypernym,divider
wall,part_meronym,paneling
wall,part_meronym,pane
wall,part_meronym,pier
wall,part_meronym,row
wall,part_meronym,arch
wall,part_meronym,archway
wall,part_meronym,doorway
wall,part_meronym,door
wall,part_holonym,hallway
wall,part_holonym,building
wall,part_holonym,room
wall,hypernym,object
wall,hypernym,layer
wall,hypernym,bed
wall,hypernym,fence
wall,hypernym,fencing
flower,hyponym,sunflower
flower,hyponym,pink
flower,hyponym,floret
flower,hyponym,bud
flower,synonym,peak
website,hypernym,computer
bridle,part_holonym,harness
bridle,synonym,curb
nostrils,synonym,nostril
nostrils,part_holonym,nose
stove,synonym,range
stove,part_meronym,grate
stove,hypernym,heater
spoon,hypernym,container
spoon,hypernym,wood
patch,hypernym,marking
patch,hyponym,speck
patch,hyponym,splash
patch,hyponym,plaque
patch,synonym,spot
patch,hyponym,garden
patch,hyponym,bed
patch,hypernym,time
patch,synonym,piece
patch,hypernym,dressing
plaque,hypernym,spot
plaque,hypernym,patch
plaque,hypernym,monument
figurine,hypernym,figure
cushions,hypernym,muffler
cushions,synonym,cushion
cushions,hypernym,layer
cushions,hypernym,bed
cushions,hypernym,padding
cushions,hyponym,pillow
homes,synonym,home
homes,synonym,place
homes,hyponym,house
homes,part_meronym,kitchen
homes,part_meronym,bedroom
homes,part_meronym,bathroom
homes,hypernym,base
homes,hypernym,bag
homes,synonym,plate
homes,synonym,base
homes,hypernym,unit
homes,synonym,family
homes,synonym,house
doorway,hypernym,entrance
doorway,hypernym,entryway
doorway,synonym,door
doorway,part_meronym,case
doorway,part_meronym,door
doorway,part_holonym,wall
streamer,hypernym,light
streamer,synonym,banner
streamer,hypernym,flag
gray,hyponym,silver
gray,synonym,grey
gray,hypernym,clothing
sunflower,hypernym,flower
platform,hyponym,stand
platform,hyponym,podium
platform,hyponym,stump
platform,hyponym,pier
platform,hyponym,dock
platform,hyponym,runway
platform,hyponym,pad
platform,hyponym,deck
platform,hyponym,stage
platform,hyponym,ring
platform,hyponym,block
platform,hyponym,footboard
platform,hyponym,top
platform,hypernym,papers
platform,part_meronym,plank
platform,part_meronym,computer
platform,hypernym,structure
platform,hypernym,shoe
hanger,hypernym,worker
hanger,hypernym,support
hanger,hyponym,strap
ripple,hypernym,wave
ripples,hypernym,wave
ripples,synonym,ripple
ring,synonym,doughnut
ring,hypernym,band
ring,hyponym,collar
ring,hyponym,tire
ring,hyponym,rim
ring,part_holonym,barrel
ring,hypernym,chain
ring,synonym,pack
ring,hypernym,platform
ring,part_meronym,canvas
ring,synonym,band
ring,hypernym,strip
name,hyponym,brand
name,hypernym,family
name,synonym,figure
portion,hyponym,item
portion,hyponym,point
portion,hyponym,base
portion,hyponym,butt
portion,hyponym,unit
portion,synonym,part
portion,hypernym,object
portion,hyponym,neck
portion,hyponym,section
portion,hyponym,bulb
portion,hyponym,waist
portion,hyponym,spine
portion,hyponym,seat
portion,hyponym,toe
portion,hyponym,heel
portion,hyponym,limb
portion,hyponym,piece
portion,part_holonym,unit
portion,hyponym,slice
portion,part_holonym,net
portion,synonym,lot
portion,hyponym,drink
portion,hyponym,wing
portion,hyponym,thigh
portion,hyponym,breast
portion,part_holonym,meal
stair,hypernym,support
stair,synonym,step
stair,part_holonym,stairway
stair,part_holonym,staircase
yarn,part_meronym,end
yarn,part_meronym,body
yarn,hypernym,cord
yarn,hyponym,pile
yarn,synonym,thread
herb,hyponym,dock
herb,hyponym,vegetable
herb,hyponym,lettuce
herb,hyponym,basil
herb,hyponym,strawberry
herb,hyponym,tomato
herb,hyponym,celery
herb,hyponym,pineapple
herb,hyponym,banana
herb,hyponym,asparagus
herb,hyponym,parsley
herb,hyponym,dandelion
herb,hyponym,carrot
herb,part_meronym,vegetable
herb,part_meronym,veggie
herb,hypernym,seasoning
herb,hyponym,tea
vine,hyponym,squash
vine,hyponym,ivy
vine,hyponym,potato
vine,hyponym,kiwi
vine,hyponym,grape
necktie,hyponym,bowtie
necktie,synonym,tie
cop,hypernym,policeman
cop,hypernym,officer
cop,synonym,bull
kites,synonym,kite
kites,hypernym,toy
hen,hypernym,chicken
hen,hyponym,layer
hen,hypernym,bird
hen,hypernym,female
computer,hypernym,machine
computer,hyponym,website
computer,part_meronym,store
computer,part_meronym,keyboard
computer,part_meronym,monitor
computer,part_meronym,chip
computer,part_meronym,bus
computer,part_holonym,platform
snack,hypernym,meal
items,hypernym,part
items,hypernym,portion
items,hyponym,place
items,synonym,item
items,synonym,point
items,hypernym,unit
items,hyponym,piece
items,hypernym,symbol
skateboard,hypernym,board
motor,hypernym,machine
motor,hyponym,engine
pastries,hypernym,dough
pastries,synonym,pastry
pastries,hyponym,pie
thread,hypernym,cord
thread,hyponym,pile
thread,synonym,yarn
thread,hypernym,object
thread,hyponym,blade
thread,synonym,ribbon
thread,part_holonym,screw
slices,hypernym,portion
slices,hypernym,part
slices,synonym,slice
slices,synonym,piece
slices,hypernym,piece
slices,hyponym,section
slices,hypernym,spatula
peas,synonym,pea
peas,part_holonym,pea
peas,part_meronym,pea
stands,hypernym,support
stands,synonym,base
stands,synonym,pedestal
stands,synonym,stand
stands,hypernym,place
stands,hypernym,vegetation
stands,hypernym,table
stands,hyponym,tripod
stands,synonym,rack
stands,hypernym,stop
stands,hyponym,landscape
stands,hypernym,booth
stands,synonym,stall
stands,hyponym,bleachers
stands,part_holonym,park
stands,part_holonym,stadium
stands,part_holonym,bowl
stands,hypernym,platform
shore,part_meronym,shoreline
shore,part_meronym,beach
shore,hypernym,beam
footprints,hypernym,mark
footprints,hypernym,print
footprints,synonym,footprint
footprints,synonym,step
footprints,hypernym,shadow
footprints,hypernym,area
blouse,hypernym,top
telephone,synonym,phone
dumpster,hypernym,container
stall,hypernym,compartment
stall,hypernym,closet
stall,synonym,booth
stall,hypernym,booth
stall,synonym,stand
stall,hypernym,seating
stall,hypernym,seats
slot,hypernym,trail
lace,hypernym,cord
lace,hyponym,shoelace
lace,part_holonym,shoe
lace,hypernym,fabric
lace,hypernym,cloth
lace,hypernym,material
game,hypernym,animal
game,hypernym,part
game,hypernym,section
game,part_holonym,set
game,hypernym,meat
game,hyponym,buffalo
game,hypernym,business
game,hypernym,line
reins,hypernym,strap
reins,part_holonym,bridle
reins,hypernym,control
waves,hyponym,surf
waves,hyponym,wake
waves,hyponym,ripple
waves,hyponym,roll
waves,hyponym,lift
waves,synonym,wave
waves,hyponym,flap
waves,hypernym,curve
waves,hypernym,woman
paw,hypernym,foot
paw,part_meronym,pad
paw,hyponym,right
paw,hyponym,left
paw,synonym,hand
paw,synonym,mitt
paw,part_meronym,finger
paw,part_meronym,palm
paw,part_meronym,ball
paw,part_holonym,arm
paw,part_holonym,man
paw,part_holonym,human
stalk,synonym,straw
stalk,hyponym,branch
stalk,hyponym,bulb
stalk,hyponym,cane
stalk,hyponym,trunk
stalk,synonym,stem
rug,hyponym,runner
rug,synonym,carpet
rug,synonym,carpeting
mountainside,hypernym,slope
mountainside,hypernym,side
mountainside,part_holonym,mountain
berry,hyponym,strawberry
berry,hyponym,blueberry
berry,hyponym,raspberry
berry,part_holonym,berry
berry,hypernym,fruit
berry,part_meronym,berry
fridge,hypernym,refrigerator
fridge,hyponym,freezer
handrail,hypernym,barrier
handrail,part_meronym,railing
handrail,part_meronym,rail
handrail,part_holonym,balcony
fin,hypernym,figure
fin,synonym,5
fin,hypernym,decoration
fin,hypernym,ornament
fin,part_holonym,car
fin,part_holonym,automobile
fin,part_holonym,machine
fin,hypernym,slat
fin,hypernym,shoe
fin,hypernym,stabilizer
fin,part_holonym,ship
fin,part_holonym,fish
shingles,synonym,shingle
shingles,hypernym,gravel
shingles,hypernym,signboard
shingles,hypernym,sign
outlets,hyponym,shop
outlets,hyponym,store
outlets,hyponym,center
outlets,hyponym,market
outlets,synonym,outlet
outlets,hyponym,point
outlets,hypernym,opening
outlets,synonym,vent
books,hyponym,text
books,hyponym,folder
books,synonym,book
books,hyponym,notebook
books,part_meronym,cover
books,part_meronym,back
books,part_meronym,spine
books,hyponym,card
books,part_meronym,text
books,hypernym,section
books,part_holonym,text
portrait,hypernym,picture
yacht,hypernym,vessel
toothpick,hypernym,strip
oar,hyponym,paddle
oar,part_meronym,blade
shoe,hyponym,cleats
shoe,hyponym,sneaker
shoe,hyponym,fin
shoe,hyponym,sandal
shoe,hyponym,pump
shoe,hyponym,platform
shoe,part_meronym,tongue
shoe,part_meronym,counter
shoe,part_meronym,heel
shoe,part_meronym,collar
shoe,part_meronym,saddle
shoe,part_meronym,lace
shoe,part_meronym,shoelace
shoe,hypernym,case
shoe,hypernym,plate
shoe,hypernym,scale
shoe,hypernym,shell
helmet,part_meronym,visor
drape,hypernym,blind
drape,hypernym,screen
drape,synonym,curtain
drape,synonym,mantle
drape,hypernym,covering
tongs,hypernym,device
carving,hypernym,sculpture
carving,hypernym,art
carving,hyponym,molding
carving,synonym,sculpture
bars,part_meronym,bar
bars,hypernym,room
bars,synonym,bar
bars,hypernym,counter
bars,hyponym,bolt
bars,hyponym,track
bars,hyponym,rail
bars,hyponym,rails
bars,hyponym,runway
bars,hyponym,handlebar
bars,hyponym,lever
bars,part_holonym,goal
bars,hypernym,barrier
bars,hypernym,ridge
bars,hypernym,marking
bars,hyponym,band
bars,synonym,stripe
bars,synonym,streak
bars,hypernym,block
bars,hyponym,tablet
bars,synonym,cake
bars,hypernym,support
bars,part_holonym,bars
bars,hypernym,railing
bars,hypernym,rail
bars,part_holonym,court
pedal,hypernym,note
pedal,hypernym,lever
pedal,hyponym,gun
pedal,part_holonym,bicycle
pedal,part_holonym,bike
pedal,part_holonym,wheel
pedal,part_holonym,cycle
flame,synonym,fire
basin,hypernym,vessel
basin,hypernym,sink
sausage,hypernym,meat
sausage,hyponym,pepperoni
sausage,hyponym,hotdog
sausage,hyponym,dog
item,hypernym,part
item,hypernym,portion
item,hyponym,place
item,synonym,point
item,hypernym,unit
item,hyponym,piece
item,hypernym,symbol
ears,synonym,ear
ears,part_holonym,head
ears,hypernym,fruit
ears,part_holonym,corn
ropes,hypernym,line
ropes,hyponym,brace
ropes,hyponym,cable
ropes,synonym,rope
ropes,synonym,circle
couple,hypernym,pair
couple,hypernym,family
couple,synonym,match
couple,hypernym,two
couple,hypernym,2
couple,synonym,pair
couple,synonym,brace
couple,hypernym,unit
heels,hypernym,bottom
heels,hypernym,underside
heels,synonym,heel
heels,part_meronym,lift
heels,part_holonym,boot
heels,part_holonym,shoe
heels,part_holonym,foot
heels,synonym,dog
heels,hypernym,end
heels,hypernym,terminal
heels,hypernym,part
heels,hypernym,portion
plain,hypernym,land
plain,hypernym,ground
plain,synonym,field
hallway,part_meronym,floor
hallway,part_meronym,flooring
hallway,part_meronym,ceiling
hallway,part_meronym,wall
chest,part_meronym,breast
chest,part_meronym,chest
chest,part_holonym,torso
chest,part_holonym,trunk
chest,part_holonym,body
chest,hypernym,box
chest,part_meronym,lid
chest,synonym,breast
chest,part_holonym,chest
chest,hypernym,furniture
chest,synonym,dresser
chest,part_meronym,shelf
chest,part_meronym,drawer
deck,hypernym,platform
deck,part_holonym,ship
deck,hypernym,packet
deck,hypernym,pack
deck,hypernym,porch
writing,hyponym,papers
writing,hyponym,section
writing,hyponym,lettering
writing,hyponym,hand
set,hyponym,intersection
set,hyponym,bracket
set,hyponym,pair
set,hyponym,brace
set,hyponym,field
set,hyponym,teeth
set,hyponym,group
set,hyponym,image
set,hyponym,range
set,hyponym,scene
set,hyponym,pack
set,synonym,circle
set,synonym,band
set,synonym,lot
set,part_meronym,game
banner,hypernym,flag
banner,synonym,streamer
soda,hypernym,salt
bottle,hypernym,vessel
bottle,hyponym,jug
bottle,part_meronym,mouth
dish,hypernym,container
dish,hyponym,bowl
dish,hyponym,boat
dish,hyponym,soup
dish,hyponym,pasta
dish,hyponym,salad
dish,hyponym,cake
dish,hyponym,pizza
dish,part_meronym,topping
dish,part_meronym,sauce
dish,part_holonym,meal
dish,hypernym,woman
dish,synonym,peach
dish,synonym,saucer
dish,synonym,bag
buses,synonym,bus
buses,synonym,coach
buses,part_meronym,window
buses,part_meronym,roof
buses,hypernym,conductor
buses,part_holonym,computer
buses,hypernym,car
buses,hypernym,automobile
buses,hypernym,machine
pottery,hypernym,shop
groom,hypernym,hand
lip,part_holonym,mouth
lip,hypernym,counter
lip,synonym,mouth
lip,hypernym,edge
lip,hyponym,collar
lip,synonym,brim
lip,synonym,rim
lip,part_holonym,vessel
lip,hypernym,border
paws,hypernym,foot
paws,synonym,paw
paws,part_meronym,pad
paws,hyponym,right
paws,hyponym,left
paws,synonym,hand
paws,synonym,mitt
paws,part_meronym,finger
paws,part_meronym,palm
paws,part_meronym,ball
paws,part_holonym,arm
paws,part_holonym,man
paws,part_holonym,human
person,hyponym,child
person,hyponym,baby
person,hyponym,divider
person,hyponym,case
person,hyponym,controller
person,hyponym,ostrich
person,hyponym,machine
person,hyponym,counter
person,hyponym,worker
person,hyponym,mouse
person,hyponym,comforter
person,hyponym,image
person,hyponym,female
person,hyponym,adult
person,hyponym,dresser
person,hyponym,shaker
person,hyponym,beard
person,hyponym,man
person,hyponym,face
person,hyponym,player
person,hyponym,sweater
person,hyponym,male
person,hyponym,match
person,synonym,someone
person,part_meronym,figure
person,part_meronym,shape
person,part_meronym,frame
person,hypernym,figure
person,hypernym,shape
person,hypernym,frame
switch,hypernym,control
switch,hypernym,controller
switch,hyponym,button
switch,hypernym,railroad
switch,hypernym,railway
switch,hyponym,cane
menu,hypernym,bill
menu,synonym,card
toiletries,hyponym,cream
toiletries,hyponym,toothbrush
toiletries,hyponym,powder
chocolate,hypernym,beverage
chocolate,hypernym,drink
chocolate,hypernym,food
chocolate,hypernym,brown
chocolate,synonym,coffee
hinges,synonym,hinge
hinges,part_holonym,gate
jaw,part_holonym,skull
jaw,part_holonym,face
partition,hypernym,structure
partition,hyponym,wall
partition,hyponym,screen
partition,synonym,divider
water,hypernym,liquid
water,hypernym,thing
water,hyponym,stream
water,hyponym,pool
water,hyponym,puddle
water,hyponym,drink
water,hyponym,sea
water,hyponym,lake
water,hyponym,ocean
water,part_holonym,surface
water,part_holonym,base
water,hypernym,food
hooves,hypernym,foot
hooves,synonym,hoof
hooves,part_meronym,toe
hooves,part_meronym,hoof
hooves,part_holonym,hoof
cup,hypernym,container
cup,hypernym,hole
birds,hyponym,hen
birds,hyponym,parrot
birds,synonym,bird
birds,part_meronym,feather
birds,part_meronym,bird
birds,part_meronym,beak
birds,part_meronym,bill
birds,part_meronym,wing
birds,hypernym,meat
birds,part_meronym,thigh
birds,part_holonym,bird
birds,hypernym,girl
birds,synonym,doll
birds,synonym,skirt
birds,synonym,raspberry
pancake,hypernym,cake
corner,hypernym,area
corner,hypernym,point
corner,part_holonym,building
corner,hypernym,intersection
corner,synonym,box
corner,hypernym,part
corner,hypernym,piece
corner,hypernym,structure
zebras,synonym,zebra
rings,synonym,ring
rings,synonym,doughnut
rings,hypernym,band
rings,hyponym,collar
rings,hyponym,tire
rings,hyponym,rim
rings,part_holonym,barrel
rings,hypernym,chain
rings,synonym,pack
rings,hypernym,platform
rings,part_meronym,canvas
rings,synonym,band
rings,hypernym,strip
charger,hypernym,device
vent,hypernym,hole
vent,hypernym,opening
vent,hypernym,crack
vent,synonym,outlet
bottoms,hypernym,side
bottoms,hypernym,face
bottoms,hyponym,heel
bottoms,hyponym,sole
bottoms,hyponym,underbelly
bottoms,hyponym,base
bottoms,synonym,bottom
bottoms,synonym,underside
bottoms,hypernym,part
bottoms,hyponym,foot
bottoms,synonym,butt
bottoms,synonym,backside
bottoms,synonym,buns
bottoms,synonym,can
bottoms,synonym,rear
bottoms,synonym,seat
bottoms,synonym,tail
bottoms,part_holonym,torso
bottoms,part_holonym,trunk
bottoms,part_holonym,body
bottoms,part_holonym,frame
bottoms,synonym,bed
bottoms,hypernym,land
bottoms,hypernym,ground
bottoms,hypernym,soil
wrinkle,synonym,crease
wrinkle,synonym,seam
wrinkle,synonym,line
wrinkle,part_holonym,skin
goat,hyponym,kid
goat,part_meronym,beard
goat,part_meronym,horn
goat,synonym,butt
goat,hypernym,person
goat,hypernym,someone
spire,hypernym,tower
spire,synonym,steeple
utensils,synonym,utensil
tank,hypernym,vessel
tank,synonym,cooler
base,hypernym,support
base,hyponym,bed
base,synonym,foot
base,part_holonym,structure
base,hyponym,home
base,hyponym,plate
base,synonym,bag
base,part_holonym,diamond
base,hypernym,part
base,hypernym,piece
base,hypernym,bottom
base,hypernym,control
base,synonym,floor
base,synonym,pedestal
base,synonym,stand
base,hypernym,portion
base,hypernym,number
base,synonym,home
base,synonym,stem
base,hypernym,store
base,part_meronym,water
base,hypernym,underside
base,part_holonym,box
base,part_holonym,lamp
base,part_holonym,vessel
block,hyponym,step
block,hyponym,pad
block,hyponym,cake
block,hyponym,bar
block,hyponym,nut
block,hyponym,slab
block,hypernym,area
block,hypernym,machine
block,hyponym,plug
block,synonym,stop
block,hypernym,platform
screw,hypernym,propeller
screw,part_holonym,ship
screw,hyponym,bolt
screw,part_meronym,thread
screw,part_meronym,head
marina,hypernym,dock
tomato,part_holonym,tomato
tomato,hypernym,herb
tomato,part_meronym,tomato
sunshine,hypernym,light
sunshine,synonym,sunlight
sunshine,synonym,sun
propellers,hyponym,screw
propellers,synonym,propeller
propellers,part_meronym,blade
elephants,synonym,elephant
elephants,part_meronym,trunk
elephants,part_meronym,tusk
elephants,hypernym,emblem
chalkboard,hypernym,sheet
object,hyponym,head
object,hyponym,unit
object,hyponym,ice
object,hyponym,stuff
object,hyponym,part
object,hyponym,portion
object,hyponym,moon
object,hyponym,wall
object,hyponym,ribbon
object,hyponym,thread
object,hyponym,land
object,hyponym,ground
object,hyponym,vehicle
object,hyponym,lot
object,hyponym,soil
object,hypernym,goal
object,hypernym,end
object,hyponym,thing
object,hyponym,business
object,hyponym,point
object,hyponym,center
hood,hypernym,covering
hood,hypernym,cover
hood,synonym,cap
hood,part_holonym,plant
hood,part_holonym,camera
hood,hypernym,roof
hood,part_holonym,airplane
hood,part_holonym,plane
hood,part_holonym,car
hood,part_holonym,automobile
hood,part_holonym,machine
napkins,hyponym,bib
napkins,synonym,napkin
worker,hypernym,person
worker,hypernym,someone
worker,hyponym,wiper
worker,hyponym,planter
worker,hyponym,gutter
worker,hyponym,poster
worker,hyponym,hanger
worker,hyponym,driver
worker,hyponym,soldier
streak,hypernym,marking
streak,hyponym,band
streak,synonym,stripe
streak,synonym,bar
word,hyponym,head
word,hypernym,information
word,part_meronym,text
skis,hypernym,runner
skis,synonym,ski
ship,hypernym,vessel
ship,part_meronym,frame
ship,part_meronym,screw
ship,part_meronym,deck
ship,part_meronym,tail
ship,part_meronym,fin
ship,part_meronym,log
ship,part_meronym,top
ship,part_meronym,sheet
skater,hypernym,athlete
skater,hyponym,skateboarder
armrest,hyponym,arm
drain,hypernym,tube
drain,hypernym,pipe
drain,hyponym,drawing
fuselage,hypernym,body
fuselage,part_meronym,tail
fuselage,part_holonym,airplane
fuselage,part_holonym,plane
art,hyponym,drawing
art,hyponym,sculpture
art,hyponym,carving
art,hyponym,painting
art,synonym,artwork
trim,hyponym,braid
seat,hypernym,space
seat,synonym,place
seat,synonym,butt
seat,synonym,backside
seat,synonym,buns
seat,synonym,can
seat,synonym,rear
seat,synonym,tail
seat,synonym,bottom
seat,part_holonym,torso
seat,part_holonym,trunk
seat,part_holonym,body
seat,hypernym,furniture
seat,hyponym,box
seat,hyponym,chair
seat,hyponym,sofa
seat,hyponym,couch
seat,hyponym,ottoman
seat,hyponym,bench
seat,hyponym,stool
seat,part_meronym,seat
seat,hypernym,support
seat,hyponym,cockpit
seat,hyponym,saddle
seat,part_holonym,seat
seat,hypernym,center
seat,hypernym,middle
seat,hypernym,heart
seat,hypernym,eye
seat,hypernym,part
seat,hypernym,portion
seat,part_holonym,trouser
seat,part_holonym,pant
seat,part_holonym,skirt
hat,synonym,lid
hat,part_meronym,brim
hat,part_meronym,crown
hat,hypernym,office
hat,hypernym,part
crest,hypernym,line
crest,hypernym,place
crest,hypernym,spot
crest,synonym,peak
crest,synonym,crown
crest,synonym,top
crest,synonym,tip
crest,hypernym,top
crest,part_holonym,road
crest,hypernym,emblem
crest,part_holonym,arms
crest,hyponym,comb
crest,hyponym,tuft
lime,part_meronym,lime
lime,hypernym,tree
lime,part_holonym,lime
railway,hypernym,line
railway,hyponym,rail
railway,hyponym,tube
railway,hyponym,subway
railway,synonym,railroad
railway,hypernym,track
railway,hyponym,switch
railway,hyponym,siding
railway,part_meronym,tie
railway,part_meronym,track
railway,part_meronym,rail
railway,part_meronym,rails
railway,part_meronym,runway
railway,part_holonym,line
dispenser,hypernym,container
dispenser,hyponym,spray
robe,synonym,gown
figure,hypernym,body
figure,hyponym,person
figure,synonym,shape
figure,synonym,frame
figure,part_holonym,person
figure,part_holonym,someone
figure,part_holonym,man
figure,part_holonym,human
figure,hyponym,6
figure,hyponym,one
figure,hyponym,1
figure,hyponym,5
figure,hyponym,fin
figure,hyponym,three
figure,hyponym,3
figure,hyponym,leash
figure,hyponym,two
figure,hyponym,2
figure,hyponym,four
figure,hyponym,4
figure,hyponym,figurine
figure,synonym,name
figure,hypernym,shape
figure,hyponym,pencil
figure,synonym,number
figure,synonym,image
figure,hypernym,decoration
figure,hypernym,ornament
figure,hyponym,marking
figure,hyponym,device
figure,hyponym,tattoo
figure,hyponym,decal
figure,hyponym,emblem
figure,synonym,design
figure,synonym,pattern
cover,hypernym,covering
cover,hyponym,blind
cover,synonym,screen
cover,hypernym,bedding
cover,synonym,blanket
cover,synonym,covering
cover,synonym,back
cover,part_holonym,book
cover,hyponym,shell
cover,hyponym,case
cover,hyponym,crust
cover,hyponym,envelope
cover,hyponym,blanket
cover,hyponym,mantle
cover,hyponym,hood
cover,hyponym,cap
cover,hyponym,bark
cover,hyponym,scale
cover,hyponym,roof
cover,hyponym,lid
cover,synonym,top
cover,hypernym,fire
key,hypernym,device
key,part_meronym,stem
key,hypernym,space
key,synonym,paint
key,part_holonym,arch
key,hypernym,lever
veggies,hypernym,produce
veggies,hyponym,asparagus
veggies,hyponym,squash
veggies,hyponym,celery
veggies,hyponym,pumpkin
veggies,hyponym,mushroom
veggies,hyponym,onion
veggies,hyponym,greens
veggies,hyponym,green
veggies,hyponym,cucumber
veggies,synonym,vegetable
veggies,synonym,veggie
veggies,part_holonym,herb
tv,hyponym,cable
tv,synonym,television
tv,part_meronym,picture
tv,part_holonym,television
grate,part_holonym,stove
grate,part_holonym,range
grate,hypernym,barrier
sauce,hypernym,condiment
sauce,hyponym,dressing
sauce,hyponym,gravy
sauce,part_holonym,dish
audience,hyponym,house
audience,hypernym,people
rooftop,hypernym,top
body,hyponym,figure
body,hyponym,shape
body,hyponym,frame
body,part_meronym,head
body,part_meronym,arm
body,part_meronym,fork
body,part_meronym,torso
body,part_meronym,trunk
body,part_meronym,body
body,part_meronym,neck
body,part_meronym,leg
body,hyponym,panel
body,hyponym,church
body,hyponym,clay
body,synonym,torso
body,synonym,trunk
body,part_meronym,shoulder
body,part_meronym,belly
body,part_meronym,cheek
body,part_meronym,side
body,part_meronym,chest
body,part_meronym,stomach
body,part_meronym,back
body,part_meronym,hip
body,part_meronym,middle
body,part_meronym,waist
body,part_meronym,butt
body,part_meronym,backside
body,part_meronym,buns
body,part_meronym,can
body,part_meronym,rear
body,part_meronym,seat
body,part_meronym,tail
body,part_meronym,bottom
body,part_holonym,body
body,part_holonym,yarn
body,hypernym,structure
body,hyponym,fuselage
ski,hypernym,runner
thing,hypernym,object
thing,hyponym,part
thing,hyponym,piece
thing,hyponym,unit
thing,hyponym,water
horns,synonym,horn
horns,part_holonym,ram
horns,part_holonym,goat
horns,part_holonym,bull
horns,hypernym,device
horns,part_holonym,car
horns,part_holonym,automobile
horns,part_holonym,machine
guardrail,hypernym,railing
guardrail,hypernym,rail
tip,hypernym,end
tip,hypernym,terminal
tip,hyponym,beak
tip,synonym,steer
tip,hyponym,head
tip,synonym,point
tip,synonym,peak
tip,part_holonym,blade
tip,part_holonym,brand
tip,part_holonym,steel
tip,part_holonym,cone
tip,part_holonym,pencil
tip,part_holonym,knife
tip,hypernym,place
tip,hypernym,spot
tip,synonym,crown
tip,synonym,crest
tip,synonym,top
goatee,hypernym,beard
goatee,hypernym,whiskers
goatee,part_holonym,chin
tape,hypernym,strip
crates,hypernym,box
crates,synonym,crate
area,hyponym,space
area,hyponym,playground
area,hyponym,block
area,hyponym,shrubbery
area,hyponym,corner
area,hyponym,section
area,hyponym,scene
area,hyponym,open
area,hyponym,clear
area,hyponym,center
area,hyponym,middle
area,hyponym,heart
area,hyponym,eye
area,hyponym,waist
area,hyponym,sole
area,hyponym,side
area,hyponym,palm
area,hyponym,front
area,hyponym,land
area,hyponym,lap
area,synonym,field
area,hypernym,structure
area,hyponym,enclosure
area,hyponym,court
area,hyponym,courtyard
area,hyponym,patio
area,hyponym,room
area,hyponym,box
area,hyponym,place
area,hyponym,footprint
apple,part_holonym,apple
apple,part_meronym,apple
jean,hypernym,trouser
jean,hypernym,pant
jean,hypernym,fabric
jean,hypernym,cloth
jean,hypernym,material
truck,hyponym,tractor
truck,hyponym,van
truck,part_meronym,bumper
truck,part_meronym,roof
truck,hypernym,cart
ostrich,hypernym,person
ostrich,hypernym,someone
trunks,hypernym,trouser
trunks,hypernym,pant
trunks,synonym,shorts
trunks,hypernym,stalk
trunks,hypernym,stem
trunks,synonym,trunk
trunks,part_meronym,bark
trunks,part_holonym,tree
trunks,hypernym,luggage
trunks,synonym,torso
trunks,synonym,body
trunks,part_meronym,shoulder
trunks,part_meronym,belly
trunks,part_meronym,cheek
trunks,part_meronym,side
trunks,part_meronym,chest
trunks,part_meronym,stomach
trunks,part_meronym,back
trunks,part_meronym,hip
trunks,part_meronym,middle
trunks,part_meronym,waist
trunks,part_meronym,butt
trunks,part_meronym,backside
trunks,part_meronym,buns
trunks,part_meronym,can
trunks,part_meronym,rear
trunks,part_meronym,seat
trunks,part_meronym,tail
trunks,part_meronym,bottom
trunks,part_holonym,body
trunks,hypernym,compartment
trunks,hyponym,boot
trunks,part_holonym,car
trunks,part_holonym,automobile
trunks,part_holonym,machine
trunks,hypernym,snout
trunks,part_holonym,elephant
paneling,hypernym,panel
paneling,synonym,pane
paneling,part_holonym,wall
glass,part_holonym,glass
glass,hypernym,container
glass,hyponym,pony
glass,hyponym,bumper
glass,part_meronym,glass
glass,synonym,chalk
glass,synonym,ice
glass,synonym,trash
glass,hypernym,mirror
lake,hypernym,water
lake,hyponym,pond
lake,hyponym,pool
lake,part_meronym,floor
beard,hyponym,goatee
beard,synonym,whiskers
beard,part_meronym,mustache
beard,part_meronym,moustache
beard,part_holonym,face
beard,hypernym,hair
beard,hypernym,person
beard,hypernym,someone
beard,part_holonym,goat
tie,hyponym,bowtie
tie,synonym,necktie
tie,hypernym,beam
tie,hyponym,bridge
tie,synonym,link
tie,hypernym,brace
tie,part_holonym,railroad
tie,part_holonym,railway
tie,hypernym,cord
tie,hyponym,string
lift,hypernym,wave
lift,hypernym,device
lift,hypernym,layer
lift,hypernym,bed
lift,part_holonym,heel
lift,part_meronym,car
lift,part_holonym,building
canvas,hypernym,fabric
canvas,hypernym,cloth
canvas,hypernym,material
canvas,hyponym,tarp
canvas,hypernym,background
canvas,hypernym,tent
canvas,hyponym,top
canvas,synonym,sail
canvas,synonym,sheet
canvas,hypernym,mat
canvas,part_holonym,ring
booth,hypernym,table
booth,hypernym,closet
booth,synonym,stall
booth,hypernym,shop
booth,hypernym,store
booth,hyponym,stall
booth,hyponym,stand
kite,hypernym,toy
marks,synonym,mark
marks,hypernym,symbol
marks,hyponym,spot
marks,hyponym,pin
marks,hyponym,brand
marks,hyponym,watermark
marks,hyponym,label
marks,synonym,marker
marks,synonym,marking
marks,part_meronym,bull
marks,hyponym,footprint
marks,hyponym,step
marks,hyponym,line
marks,synonym,print
marks,synonym,brand
marks,synonym,stain
marks,synonym,mug
marks,hyponym,arrow
marks,hyponym,point
marks,hyponym,head
marks,synonym,sign
marks,hypernym,marking
marks,synonym,cross
cd,hypernym,metal
cd,synonym,candle
tongue,part_holonym,mouth
tongue,synonym,knife
tongue,hypernym,cape
tongue,hypernym,flap
tongue,part_holonym,boot
tongue,part_holonym,shoe
tongue,part_holonym,bell
shadow,hypernym,shade
shadow,hypernym,scene
shadow,synonym,dark
shadow,hyponym,shade
shadow,hyponym,footprint
shadow,synonym,tail
number,synonym,figure
number,hyponym,square
number,hyponym,base
number,hypernym,signal
number,hypernym,sign
number,hypernym,symbol
number,synonym,numeral
stapler,hypernym,machine
headphones,synonym,phone
clump,hyponym,tuft
clump,hyponym,knot
clump,synonym,bunch
clump,synonym,ball
stripes,hypernym,badge
stripes,synonym,stripe
stripes,synonym,band
stripes,hypernym,marking
stripes,hyponym,band
stripes,synonym,streak
stripes,synonym,bar
seam,synonym,wrinkle
seam,synonym,crease
seam,synonym,line
seam,part_holonym,skin
seam,synonym,bed
wheelchair,hypernym,chair
chimney,hyponym,stack
chimney,part_meronym,fireplace
stems,synonym,base
stems,synonym,stem
stems,hyponym,branch
stems,hyponym,bulb
stems,hyponym,cane
stems,hyponym,trunk
stems,synonym,stalk
stems,part_holonym,pin
stems,part_holonym,handle
stems,part_holonym,grip
stems,part_holonym,key
stems,part_holonym,nail
stems,hypernym,tube
stems,part_holonym,pipe
stems,hypernym,front
stems,synonym,bow
stems,part_holonym,vessel
wool,hypernym,fabric
wool,hypernym,cloth
wool,hypernym,material
wool,hypernym,coat
celery,hypernym,herb
celery,part_meronym,celery
celery,hypernym,vegetable
celery,hypernym,veggie
celery,part_holonym,celery
ice,hypernym,object
ice,hypernym,diamond
ice,hypernym,topping
ice,synonym,frosting
ice,synonym,icing
ice,synonym,chalk
ice,synonym,glass
ice,synonym,trash
ice,part_meronym,block
airport,hypernym,field
table,hyponym,calendar
table,hypernym,furniture
table,hyponym,booth
table,hyponym,dresser
table,hyponym,vanity
table,hyponym,counter
table,hyponym,desk
table,hyponym,stand
table,part_meronym,leg
table,part_meronym,tabletop
table,hyponym,board
table,synonym,board
button,hypernym,switch
button,hyponym,bell
button,hypernym,badge
button,hypernym,device
log,hypernym,wood
log,part_holonym,ship
asparagus,hypernym,herb
asparagus,part_meronym,asparagus
asparagus,hypernym,vegetable
asparagus,hypernym,veggie
asparagus,part_holonym,asparagus
clothing,hypernym,covering
clothing,hyponym,uniform
clothing,hyponym,grey
clothing,hyponym,gray
clothing,hyponym,dress
clothing,hyponym,clothes
clothing,hyponym,black
clothing,hyponym,blue
avocado,part_holonym,avocado
avocado,part_meronym,avocado
fender,hypernym,barrier
fender,synonym,wing
fender,part_holonym,car
fender,part_holonym,automobile
fender,part_holonym,machine
fender,synonym,pilot
fender,part_holonym,locomotive
fender,part_holonym,engine
fender,hypernym,guard
fender,hypernym,device
match,hypernym,light
match,hypernym,adult
match,hypernym,person
match,hypernym,someone
match,hypernym,family
match,synonym,couple
nostril,part_holonym,nose
skin,part_meronym,wrinkle
skin,part_meronym,crease
skin,part_meronym,seam
skin,part_meronym,line
skin,hypernym,surface
skin,part_holonym,aircraft
skin,hyponym,jacket
skin,synonym,peel
skin,hypernym,bag
layer,hyponym,lift
layer,hyponym,blanket
layer,hyponym,wall
layer,hyponym,row
layer,hyponym,cushion
layer,synonym,bed
layer,hypernym,part
layer,hyponym,surface
layer,hyponym,mantle
layer,hyponym,crust
layer,hyponym,snow
layer,hypernym,place
layer,hypernym,hen
layer,hypernym,structure
taxi,hypernym,car
taxi,hypernym,automobile
taxi,hypernym,machine
taxi,synonym,cab
mane,hypernym,hair
mane,part_holonym,lion
mane,part_holonym,man
mane,part_holonym,human
grain,hypernym,speck
grain,hyponym,rice
grain,hyponym,corn
grain,synonym,cereal
grain,hypernym,leather
grain,hypernym,seed
grain,hypernym,cereal
fencing,hypernym,barrier
fencing,hyponym,hedge
fencing,hyponym,wall
fencing,synonym,fence
bull,hypernym,cattle
bull,hypernym,cows
bull,part_meronym,horn
bull,hypernym,man
bull,hypernym,policeman
bull,hypernym,officer
bull,synonym,cop
bull,hypernym,person
bull,hypernym,someone
bull,hypernym,center
bull,part_holonym,mark
coat,hyponym,jacket
coat,hypernym,covering
coat,hyponym,paint
coat,hypernym,hair
coat,hyponym,fur
coat,hyponym,wool
soldier,hypernym,worker
dock,hypernym,enclosure
dock,hypernym,herb
dock,hypernym,platform
dock,synonym,pier
dock,hyponym,marina
dock,part_holonym,harbor
dock,part_holonym,tail
dock,hypernym,tail
rear,hypernym,side
rear,hypernym,face
rear,synonym,backside
rear,hypernym,place
rear,synonym,back
rear,synonym,butt
rear,synonym,buns
rear,synonym,can
rear,synonym,seat
rear,synonym,tail
rear,synonym,bottom
rear,part_holonym,torso
rear,part_holonym,trunk
rear,part_holonym,body
rear,hyponym,tail
crosswalk,hypernym,path
ledge,hypernym,ridge
ledge,synonym,shelf
cross,hypernym,structure
cross,hypernym,marking
cross,synonym,mark
cross,hypernym,emblem
white,hypernym,person
white,hypernym,someone
white,hyponym,chalk
white,part_holonym,egg
white,part_holonym,eggs
white,hypernym,man
white,hypernym,piece
white,hypernym,trouser
white,hypernym,pant
clocks,synonym,clock
lips,synonym,lip
lips,part_holonym,mouth
lips,hypernym,counter
lips,synonym,mouth
lips,hypernym,edge
lips,hyponym,collar
lips,synonym,brim
lips,synonym,rim
lips,part_holonym,vessel
lips,hypernym,border
reflections,synonym,reflection
reflections,hypernym,picture
reflections,hypernym,image
reflections,hypernym,icon
lettuce,synonym,bread
lettuce,synonym,cabbage
lettuce,synonym,dough
lettuce,synonym,sugar
lettuce,hypernym,herb
playground,hypernym,area
playground,hypernym,yard
playground,part_meronym,slide
package,synonym,packet
package,hypernym,container
package,hyponym,packet
package,hyponym,pack
bubbles,hyponym,foam
bubbles,synonym,bubble
bubbles,hypernym,covering
ladies,hypernym,woman
ladies,synonym,lady
smoke,hyponym,cigarette
smoke,hyponym,butt
smoke,synonym,pot
smoke,synonym,grass
smoke,synonym,weed
smoke,synonym,heater
posts,hypernym,place
posts,synonym,post
posts,synonym,station
posts,hypernym,business
posts,hypernym,line
posts,hyponym,chair
posts,synonym,office
posts,synonym,spot
posts,synonym,place
posts,hyponym,lamppost
posts,hyponym,stump
kitten,synonym,kitty
jeans,hypernym,trouser
jeans,hypernym,pant
jeans,synonym,jean
jeans,hypernym,fabric
jeans,hypernym,cloth
jeans,hypernym,material
e,hypernym,metal
e,hypernym,letter
furniture,hyponym,closet
furniture,hyponym,table
furniture,hyponym,counter
furniture,hyponym,chest
furniture,hyponym,dresser
furniture,hyponym,lamp
furniture,hyponym,cabinet
furniture,hyponym,bookcase
furniture,hyponym,seat
appliance,hypernym,device
appliance,hyponym,dryer
parachute,hyponym,parasail
parachute,part_meronym,harness
parachute,part_meronym,canopy
brim,hypernym,edge
brim,hyponym,collar
brim,synonym,rim
brim,synonym,lip
brim,part_holonym,vessel
brim,hyponym,bill
brim,hyponym,peak
brim,hyponym,visor
brim,part_holonym,hat
brim,part_holonym,lid
windowsill,hypernym,sill
harness,hypernym,support
harness,part_holonym,parachute
harness,part_meronym,bridle
nuts,hypernym,seed
nuts,hyponym,mast
nuts,synonym,nut
nuts,hypernym,block
nuts,synonym,ball
nuts,synonym,egg
numbers,hypernym,drawing
numbers,synonym,number
numbers,synonym,figure
numbers,hyponym,square
numbers,hyponym,base
numbers,hypernym,signal
numbers,hypernym,sign
numbers,hypernym,symbol
numbers,synonym,numeral
trees,hyponym,coffee
trees,hyponym,lime
trees,hyponym,palm
trees,synonym,tree
trees,part_meronym,stump
trees,part_meronym,crown
trees,part_meronym,limb
trees,part_meronym,trunk
remotes,hypernym,device
remotes,synonym,remote
branch,synonym,arm
branch,hypernym,stalk
branch,hypernym,stem
branch,hyponym,twig
branch,hyponym,limb
branch,part_meronym,bark
branch,hyponym,fork
branch,synonym,leg
branch,hypernym,stream
branch,hyponym,feeder
branch,synonym,limb
uniform,hypernym,clothing
sinks,hyponym,basin
sinks,synonym,sink
platter,synonym,disk
platter,synonym,disc
grip,synonym,clasp
grip,hyponym,knob
grip,synonym,handle
grip,part_meronym,stem
grip,part_holonym,umbrella
grip,part_holonym,faucet
grip,part_holonym,cart
grip,part_holonym,luggage
grip,part_holonym,racket
grip,part_holonym,racquet
grip,part_holonym,mug
grip,part_holonym,handlebar
grip,part_holonym,spatula
grip,part_holonym,brush
grip,part_holonym,bat
grip,part_holonym,skillet
grip,part_holonym,briefcase
grip,hypernym,luggage
grip,synonym,bag
grip,synonym,suitcase
suv,hypernym,car
suv,hypernym,automobile
suv,hypernym,machine
tuft,hypernym,bunch
tuft,hypernym,clump
tuft,hypernym,crest
cement,hypernym,concrete
cracks,hypernym,opening
cracks,hypernym,gap
cracks,hyponym,vent
cracks,synonym,crack
cracks,synonym,gap
adult,hypernym,person
adult,hypernym,someone
adult,hyponym,character
adult,hyponym,case
adult,hyponym,match
adult,hyponym,man
adult,hyponym,woman
adult,hypernym,animal
rod,hyponym,kickstand
rod,hyponym,pole
rod,synonym,pole
rod,part_meronym,yard
pebble,hypernym,rock
pebble,hypernym,stone
tire,hypernym,ring
fries,hypernym,potato
fries,synonym,chips
fries,hyponym,monkey
fries,hyponym,toddler
fries,synonym,child
fries,synonym,kid
fries,synonym,fry
blue,hypernym,clothing
blue,hypernym,sky
tiles,hypernym,slab
tiles,synonym,tile
tiles,hypernym,man
tiles,hypernym,piece
doll,hypernym,toy
doll,hypernym,girl
doll,synonym,skirt
doll,synonym,bird
circles,synonym,circle
circles,hyponym,pack
circles,synonym,set
circles,synonym,band
circles,synonym,lot
circles,hypernym,shape
circles,synonym,lap
circles,part_holonym,road
circles,synonym,rope
circles,hypernym,seating
circles,hypernym,seats
circles,part_holonym,house
circles,hyponym,disk
circles,hyponym,disc
spots,hypernym,point
spots,hyponym,end
spots,hyponym,stop
spots,hyponym,peak
spots,hyponym,crown
spots,hyponym,crest
spots,hyponym,top
spots,hyponym,tip
spots,hyponym,pool
spots,hyponym,puddle
spots,synonym,place
spots,synonym,spot
spots,hypernym,section
spots,synonym,point
spots,hypernym,marking
spots,hyponym,speck
spots,hyponym,splash
spots,hyponym,plaque
spots,synonym,patch
spots,hypernym,business
spots,hypernym,line
spots,hyponym,chair
spots,synonym,post
spots,synonym,office
spots,hypernym,marker
spots,hypernym,mark
spots,hypernym,lamp
spots,hyponym,four
spots,synonym,stain
walls,hypernym,partition
walls,hypernym,divider
walls,synonym,wall
walls,part_meronym,paneling
walls,part_meronym,pane
walls,part_meronym,pier
walls,part_meronym,row
walls,part_meronym,arch
walls,part_meronym,archway
walls,part_meronym,doorway
walls,part_meronym,door
walls,part_holonym,hallway
walls,part_holonym,building
walls,part_holonym,room
walls,hypernym,object
walls,hypernym,layer
walls,hypernym,bed
walls,hypernym,fence
walls,hypernym,fencing
pens,synonym,pen
pens,hypernym,enclosure
pens,hypernym,swan
planks,synonym,board
planks,synonym,plank
planks,part_meronym,knot
planks,part_holonym,platform
spinach,hypernym,vegetable
spinach,part_meronym,spinach
spinach,hypernym,greens
spinach,hypernym,green
spinach,part_holonym,spinach
saddle,hypernym,seat
saddle,part_meronym,stirrup
saddle,part_holonym,shoe
saddle,part_holonym,bicycle
saddle,part_holonym,bike
saddle,part_holonym,wheel
saddle,part_holonym,cycle
saddle,part_holonym,back
teapot,hypernym,pot
wipers,hypernym,worker
wipers,synonym,wiper
gazebo,hypernym,building
oranges,synonym,orange
oranges,part_holonym,orange
oranges,part_meronym,orange
ladder,hypernym,stairs
ladder,hypernym,steps
ladder,part_meronym,spoke
ladder,hypernym,stage
ladder,hypernym,point
walk,synonym,walking
walk,hypernym,carriage
walk,hyponym,foot
walk,hypernym,path
walk,hyponym,sidewalk
walk,hyponym,pavement
walk,hyponym,boardwalk
walk,synonym,walkway
countertop,hypernym,tabletop
countertop,part_holonym,counter
vines,hyponym,squash
vines,hyponym,ivy
vines,hyponym,potato
vines,hyponym,kiwi
vines,hyponym,grape
vines,synonym,vine
pots,hypernym,vessel
pots,hyponym,teapot
pots,hyponym,urn
pots,hyponym,kettle
pots,synonym,pot
pots,synonym,toilet
pots,synonym,can
pots,synonym,stool
pots,part_holonym,bathroom
pots,part_holonym,toilet
pots,part_holonym,can
pots,hypernym,container
pots,hyponym,planter
pots,synonym,lot
pots,synonym,mountain
pots,synonym,pile
pots,synonym,raft
pots,synonym,stack
pots,synonym,kitty
pots,hypernym,belly
pots,synonym,grass
pots,synonym,weed
pots,synonym,smoke
roof,hyponym,dome
roof,part_holonym,building
roof,hyponym,hood
roof,part_holonym,truck
roof,part_holonym,car
roof,part_holonym,automobile
roof,part_holonym,machine
roof,part_holonym,bus
roof,part_holonym,coach
roof,hypernym,covering
roof,hypernym,cover
roof,hypernym,control
roof,synonym,ceiling
roof,synonym,cap
stem,synonym,base
stem,hyponym,branch
stem,hyponym,bulb
stem,hyponym,cane
stem,hyponym,trunk
stem,synonym,stalk
stem,part_holonym,pin
stem,part_holonym,handle
stem,part_holonym,grip
stem,part_holonym,key
stem,part_holonym,nail
stem,hypernym,tube
stem,part_holonym,pipe
stem,hypernym,front
stem,synonym,bow
stem,part_holonym,vessel
cleat,part_holonym,cleats
cleat,hypernym,strip
blueberries,hypernym,shrub
blueberries,hypernym,bush
blueberries,synonym,blueberry
blueberries,hypernym,berry
peach,part_meronym,peach
peach,hypernym,woman
peach,synonym,dish
peach,part_holonym,peach
peach,hypernym,pink
coach,hypernym,car
coach,synonym,carriage
coach,hypernym,carriage
coach,hyponym,stage
coach,part_meronym,box
coach,synonym,bus
coach,part_meronym,window
coach,part_meronym,roof
down,hypernym,feather
down,hypernym,hair
down,synonym,pile
bikini,hypernym,swimsuit
players,hyponym,seed
players,synonym,player
players,hyponym,ham
players,hyponym,star
players,hyponym,plant
players,hypernym,person
players,hypernym,someone
noodles,hypernym,pasta
noodles,synonym,noodle
noodles,synonym,bean
noodles,synonym,dome
pane,hyponym,window
pane,part_holonym,window
pane,hypernym,panel
pane,synonym,paneling
pane,part_holonym,wall
pane,synonym,dot
tusks,synonym,tusk
tusks,hypernym,tooth
tusks,part_holonym,elephant
valve,hypernym,structure
valve,part_holonym,heart
valve,part_holonym,pump
valve,hypernym,device
valve,hypernym,control
valve,hypernym,controller
valve,hypernym,shell
book,hyponym,text
book,hyponym,folder
book,hyponym,notebook
book,part_meronym,cover
book,part_meronym,back
book,part_meronym,spine
book,hyponym,card
book,part_meronym,text
book,hypernym,section
book,part_holonym,text
foot,part_meronym,heel
foot,part_meronym,toe
foot,part_meronym,sole
foot,part_holonym,leg
foot,part_holonym,man
foot,part_holonym,human
foot,part_holonym,yard
foot,hypernym,bottom
foot,hyponym,paw
foot,hyponym,hoof
foot,hypernym,support
foot,hyponym,bed
foot,synonym,base
foot,part_holonym,structure
foot,hypernym,walk
foot,hypernym,meter
frame,part_meronym,eyeglasses
frame,part_meronym,glasses
frame,hypernym,photograph
frame,hypernym,photo
frame,hypernym,picture
frame,hypernym,body
frame,hyponym,person
frame,synonym,figure
frame,synonym,shape
frame,part_holonym,person
frame,part_holonym,someone
frame,part_holonym,man
frame,part_holonym,human
frame,hypernym,part
frame,hypernym,section
frame,part_meronym,bottom
frame,part_meronym,top
frame,hypernym,drawing
frame,part_holonym,strip
frame,part_holonym,ship
frame,part_holonym,building
frame,part_holonym,aircraft
shell,synonym,shield
shell,hypernym,covering
shell,hypernym,cover
shell,part_holonym,egg
shell,part_holonym,eggs
shell,hyponym,boot
shell,hyponym,jacket
shell,synonym,case
shell,hypernym,shield
shell,hyponym,shoe
shell,synonym,plate
shell,synonym,scale
shell,hyponym,valve
tools,hyponym,tap
tools,hyponym,comb
tools,hyponym,fork
tools,hyponym,ram
tools,synonym,tool
antelope,hyponym,gazelle
brush,hypernym,vegetation
brush,hyponym,toothbrush
brush,part_meronym,bristle
brush,part_meronym,handle
brush,part_meronym,grip
brush,hypernym,tail
mitten,hypernym,glove
cucumber,hypernym,melon
cucumber,part_meronym,cucumber
cucumber,hypernym,vegetable
cucumber,hypernym,veggie
cucumber,part_holonym,cucumber
vegetable,hypernym,produce
vegetable,hyponym,asparagus
vegetable,hyponym,squash
vegetable,hyponym,celery
vegetable,hyponym,pumpkin
vegetable,hyponym,mushroom
vegetable,hyponym,onion
vegetable,hyponym,greens
vegetable,hyponym,green
vegetable,hyponym,cucumber
vegetable,synonym,veggie
vegetable,part_holonym,herb
vegetable,hypernym,herb
vegetable,hyponym,spinach
tarp,hypernym,canvas
tub,hypernym,vessel
tub,synonym,bathtub
tub,part_holonym,bathroom
hats,synonym,hat
hats,synonym,lid
hats,part_meronym,brim
hats,part_meronym,crown
hats,hypernym,office
hats,hypernym,part
graphic,hypernym,picture
graphic,hypernym,image
graphic,hypernym,icon
undershirt,synonym,vest
bears,synonym,bear
wiper,hypernym,worker
tips,hypernym,end
tips,hypernym,terminal
tips,hyponym,beak
tips,synonym,tip
tips,synonym,steer
tips,hyponym,head
tips,synonym,point
tips,synonym,peak
tips,part_holonym,blade
tips,part_holonym,brand
tips,part_holonym,steel
tips,part_holonym,cone
tips,part_holonym,pencil
tips,part_holonym,knife
tips,hypernym,place
tips,hypernym,spot
tips,synonym,crown
tips,synonym,crest
tips,synonym,top
flags,hypernym,emblem
flags,hyponym,colors
flags,hyponym,banner
flags,hyponym,streamer
flags,synonym,flag
flags,synonym,pin
flags,hypernym,tail
flags,part_holonym,deer
flags,part_holonym,dog
gold,hypernym,yellow
cupcakes,hypernym,cake
cupcakes,synonym,cupcake
surface,hyponym,screen
surface,hyponym,ground
surface,hyponym,face
surface,hyponym,board
surface,hyponym,bed
surface,hyponym,skin
surface,hyponym,side
surface,hyponym,inside
surface,hyponym,interior
surface,hyponym,end
surface,hyponym,outside
surface,hypernym,layer
surface,hyponym,floor
surface,part_meronym,water
surface,part_meronym,opening
surface,part_meronym,gap
surface,synonym,open
surface,hypernym,device
surface,hyponym,flap
surface,hyponym,stabilizer
surface,hyponym,wing
potato,hyponym,fries
potato,hyponym,chips
potato,part_meronym,jacket
potato,part_holonym,potato
potato,hypernym,vine
potato,part_meronym,potato
hook,hypernym,curve
hook,synonym,claw
sweater,hyponym,cardigan
sweater,hypernym,person
sweater,hypernym,someone
pipe,hypernym,tube
pipe,part_meronym,bowl
pipe,part_meronym,stem
pipe,hyponym,drain
pipe,hyponym,line
pipe,hyponym,elbow
pipe,part_meronym,spout
pipe,synonym,tube
wires,synonym,wire
wires,hypernym,conductor
wires,hyponym,cable
cap,hypernym,top
cap,hypernym,cover
cap,hyponym,hubcap
cap,hypernym,covering
cap,synonym,hood
cap,part_holonym,plant
cap,hypernym,control
cap,synonym,ceiling
cap,synonym,roof
cap,synonym,crown
cap,synonym,jacket
cap,part_holonym,column
cap,part_holonym,pillar
forest,hypernym,vegetation
forest,synonym,wood
forest,synonym,woods
forest,hypernym,land
forest,hypernym,ground
male,hypernym,animal
male,hyponym,steer
male,hypernym,person
male,hypernym,someone
male,hyponym,man
male,hyponym,boy
pickles,hypernym,relish
pickles,synonym,pickle
pickles,synonym,hole
pickles,synonym,jam
path,hyponym,pathway
path,hyponym,walk
path,hyponym,walkway
path,hyponym,lane
path,hyponym,crosswalk
path,hypernym,line
path,hyponym,track
path,hyponym,pattern
path,hyponym,steps
path,hyponym,belt
path,hyponym,trail
path,synonym,track
cups,hypernym,container
cups,synonym,cup
cups,hypernym,hole
greens,hypernym,vegetable
greens,hypernym,veggie
greens,hyponym,spinach
greens,synonym,green
greens,synonym,park
greens,synonym,jet
sheet,hypernym,paper
sheet,hyponym,leaf
sheet,hypernym,shape
sheet,synonym,plane
sheet,hypernym,newspaper
sheet,synonym,rag
sheet,hyponym,panel
sheet,hyponym,chalkboard
sheet,hyponym,plate
sheet,hyponym,board
sheet,hypernym,line
sheet,part_holonym,ship
sheet,synonym,sail
sheet,synonym,canvas
sock,hypernym,hose
yard,part_meronym,foot
yard,part_holonym,rod
yard,part_holonym,pole
yard,part_holonym,chain
yard,hypernym,field
yard,hyponym,playground
yard,hyponym,garden
yard,hypernym,enclosure
top,hypernym,part
top,hyponym,crown
top,hyponym,cap
top,hyponym,head
top,hypernym,side
top,hypernym,face
top,hyponym,rooftop
top,hyponym,crest
top,hyponym,desktop
top,hypernym,place
top,hypernym,spot
top,synonym,peak
top,synonym,crown
top,synonym,crest
top,synonym,tip
top,part_holonym,frame
top,hypernym,stage
top,hypernym,point
top,hypernym,platform
top,part_holonym,ship
top,hypernym,toy
top,hypernym,covering
top,hyponym,lid
top,synonym,cover
top,hyponym,blouse
top,hypernym,canvas
orange,part_holonym,orange
orange,part_meronym,orange
gear,hypernym,wheel
gear,part_meronym,tooth
gear,synonym,train
gear,part_holonym,engine
gear,hyponym,park
gear,hypernym,equipment
gear,hyponym,outfit
helmets,synonym,helmet
helmets,part_meronym,visor
tunnel,hyponym,subway
tunnel,hypernym,hole
pickle,hypernym,relish
pickle,synonym,hole
pickle,synonym,jam
logs,hypernym,wood
logs,synonym,log
logs,part_holonym,ship
eggs,synonym,egg
eggs,part_meronym,shell
eggs,part_meronym,white
eggs,synonym,ball
eggs,synonym,nut
tea,hypernym,beverage
tea,hypernym,drink
tea,hypernym,meal
tea,hypernym,shrub
tea,hypernym,bush
tea,part_meronym,tea
tea,hypernym,herb
tea,part_holonym,tea
door,hyponym,screen
door,part_meronym,lock
door,part_holonym,doorway
door,part_holonym,door
door,hypernym,entrance
door,hypernym,entryway
door,synonym,doorway
door,part_meronym,case
door,part_meronym,door
door,part_holonym,wall
door,hypernym,structure
door,hypernym,room
car,hyponym,wagon
car,hyponym,jeep
car,hyponym,sedan
car,hyponym,cab
car,hyponym,taxi
car,hyponym,minivan
car,hyponym,bus
car,synonym,automobile
car,synonym,machine
car,part_meronym,bumper
car,part_meronym,window
car,part_meronym,fin
car,part_meronym,hood
car,part_meronym,trunk
car,part_meronym,roof
car,part_meronym,horn
car,part_meronym,fender
car,part_meronym,wing
car,part_meronym,gun
car,hyponym,coach
car,hyponym,carriage
car,hyponym,van
car,hypernym,compartment
car,part_holonym,lift
gloves,synonym,glove
gloves,synonym,mitt
gloves,hyponym,mitten
gloves,part_meronym,thumb
gloves,part_meronym,finger
gravel,hypernym,rock
gravel,hypernym,stone
gravel,hyponym,shingle
hairs,hyponym,beard
hairs,hyponym,coat
hairs,hyponym,mane
hairs,hyponym,eyebrow
hairs,hyponym,lock
hairs,hyponym,bush
hairs,hyponym,down
hairs,hyponym,pile
hairs,synonym,hair
hairs,part_meronym,part
hairs,synonym,whisker
hairs,hypernym,fabric
hairs,hypernym,cloth
hairs,hypernym,material
hairs,hyponym,whisker
hairs,hyponym,bristle
keyboard,hypernym,device
keyboard,hyponym,keypad
keyboard,part_holonym,piano
keyboard,part_holonym,computer
keyboard,part_holonym,terminal
keyboard,hypernym,holder
helicopter,part_meronym,blade
pads,hypernym,paper
pads,synonym,pad
pads,synonym,tablet
pads,hypernym,leaf
pads,hypernym,foliage
pads,hypernym,block
pads,hypernym,padding
pads,hyponym,mattress
pads,hyponym,panel
pads,hyponym,mat
pads,hypernym,platform
pads,hypernym,structure
pads,part_holonym,paw
pads,part_holonym,finger
kitchen,hypernym,room
kitchen,part_holonym,home
bow,hypernym,knot
bow,hypernym,stick
bow,hypernym,front
bow,synonym,stem
bow,part_holonym,vessel
bow,hypernym,arm
bow,part_meronym,limb
bow,hypernym,curve
bow,hyponym,rainbow
bow,hypernym,decoration
bow,hypernym,ornament
bristles,synonym,bristle
bristles,part_holonym,brush
bristles,hypernym,hair
grapes,synonym,grape
grapes,part_holonym,grape
grapes,hypernym,vine
grapes,part_meronym,grape
stains,synonym,stain
stains,hypernym,color
stains,synonym,dirt
stains,synonym,soil
stains,hypernym,symbol
stains,synonym,mark
stains,synonym,brand
stains,synonym,spot
dinner,hypernym,meal
gap,hypernym,space
gap,hyponym,hole
gap,hyponym,crack
gap,hyponym,mouth
gap,hyponym,window
gap,hyponym,pocket
gap,synonym,opening
gap,part_holonym,surface
gap,hypernym,opening
gap,synonym,crack
balcony,hypernym,structure
balcony,part_meronym,box
balcony,part_meronym,handrail
controls,synonym,control
controls,hyponym,valve
controls,hyponym,switch
controls,hyponym,dial
controls,synonym,controller
controls,hyponym,ceiling
controls,hyponym,roof
controls,hyponym,cap
controls,hyponym,floor
controls,hyponym,base
link,hyponym,bridge
link,synonym,tie
link,hypernym,shape
link,part_holonym,chain
link,hypernym,line
olives,hypernym,fruit
olives,synonym,olive
olives,part_holonym,olive
olives,part_meronym,olive
olives,hypernym,wood
olives,hypernym,relish
barrel,hypernym,tube
barrel,part_holonym,gun
barrel,hypernym,vessel
barrel,hyponym,butt
barrel,part_meronym,ring
barrel,part_meronym,tap
barrel,synonym,drum
soil,synonym,dirt
soil,synonym,stain
soil,hypernym,ground
soil,hyponym,sand
soil,hyponym,clay
soil,hyponym,mud
soil,hypernym,object
soil,hyponym,bottom
soil,hyponym,turf
soil,synonym,land
soil,synonym,ground
comforter,hypernym,person
comforter,hypernym,someone
comforter,hypernym,bedding
comforter,synonym,quilt
comforter,hypernym,device
napkin,hyponym,bib
dials,hypernym,face
dials,synonym,dial
dials,hypernym,control
dials,hypernym,controller
dials,hypernym,indicator
slope,hyponym,hillside
slope,hyponym,bank
slope,hyponym,mountainside
slope,synonym,side
curtains,hypernym,blind
curtains,hypernym,screen
curtains,synonym,curtain
curtains,synonym,drape
curtains,synonym,mantle
curtains,hypernym,barrier
policeman,hyponym,bull
policeman,hyponym,cop
policeman,synonym,officer
asphalt,hypernym,pavement
canister,hypernym,container
canister,synonym,tin
torso,synonym,trunk
torso,synonym,body
torso,part_meronym,shoulder
torso,part_meronym,belly
torso,part_meronym,cheek
torso,part_meronym,side
torso,part_meronym,chest
torso,part_meronym,stomach
torso,part_meronym,back
torso,part_meronym,hip
torso,part_meronym,middle
torso,part_meronym,waist
torso,part_meronym,butt
torso,part_meronym,backside
torso,part_meronym,buns
torso,part_meronym,can
torso,part_meronym,rear
torso,part_meronym,seat
torso,part_meronym,tail
torso,part_meronym,bottom
torso,part_holonym,body
tissue,hyponym,band
tissue,hypernym,paper
pajamas,hypernym,trouser
pajamas,hypernym,pant
mast,hypernym,nut
mast,hypernym,pole
park,synonym,green
park,hypernym,stadium
park,hypernym,bowl
park,part_meronym,diamond
park,part_meronym,dugout
park,part_meronym,stand
park,hypernym,lot
park,hypernym,gear
pier,hypernym,platform
pier,synonym,dock
pier,hypernym,support
pier,part_holonym,wall
pier,part_holonym,bridge
headlights,hypernym,light
headlights,synonym,headlight
part,hyponym,item
part,hyponym,point
part,hyponym,base
part,hyponym,butt
part,hyponym,unit
part,synonym,portion
part,hypernym,object
part,hyponym,neck
part,hyponym,section
part,hyponym,bulb
part,hyponym,waist
part,hyponym,spine
part,hyponym,seat
part,hyponym,toe
part,hyponym,heel
part,hyponym,limb
part,hyponym,piece
part,part_holonym,unit
part,hypernym,thing
part,hyponym,corner
part,hyponym,slice
part,hyponym,strip
part,synonym,piece
part,hyponym,outside
part,hyponym,distance
part,hyponym,air
part,hyponym,side
part,hyponym,inside
part,hyponym,interior
part,hyponym,belt
part,hyponym,sign
part,hyponym,house
part,hyponym,layer
part,hyponym,bottom
part,hyponym,top
part,hyponym,place
part,hyponym,hat
part,synonym,office
part,synonym,character
part,part_holonym,net
part,hyponym,frame
part,hyponym,end
part,hyponym,half
part,hyponym,middle
part,hyponym,game
part,synonym,section
part,hypernym,line
part,part_holonym,hair
part,hypernym,air
part,hyponym,support
balloons,synonym,balloon
balloons,part_meronym,envelope
balloons,hypernym,toy
trousers,hyponym,white
trousers,hyponym,slacks
trousers,hyponym,cords
trousers,hyponym,jean
trousers,hyponym,shorts
trousers,hyponym,trunks
trousers,synonym,trouser
trousers,synonym,pant
trousers,part_meronym,zipper
trousers,part_meronym,trouser
trousers,part_meronym,lap
trousers,part_meronym,leg
trousers,part_meronym,seat
trousers,part_holonym,trouser
trousers,part_holonym,pant
doors,hyponym,screen
doors,synonym,door
doors,part_meronym,lock
doors,part_holonym,doorway
doors,part_holonym,door
doors,hypernym,entrance
doors,hypernym,entryway
doors,synonym,doorway
doors,part_meronym,case
doors,part_meronym,door
doors,part_holonym,wall
doors,hypernym,structure
doors,hypernym,room
shrubs,hyponym,pepper
shrubs,hyponym,tea
shrubs,hyponym,broom
shrubs,hyponym,blueberry
shrubs,hyponym,box
shrubs,hyponym,rose
shrubs,synonym,shrub
shrubs,synonym,bush
floor,synonym,flooring
floor,part_holonym,hallway
floor,part_holonym,room
floor,hypernym,structure
floor,part_holonym,building
floor,hypernym,control
floor,synonym,base
floor,hypernym,land
floor,hypernym,ground
floor,hypernym,surface
floor,part_holonym,lake
floor,hypernym,right
floor,hypernym,room
arrows,hypernym,mark
arrows,synonym,arrow
arrows,part_meronym,point
arrows,part_meronym,head
women,hypernym,adult
women,hypernym,female
women,hyponym,girl
women,hyponym,lady
women,hyponym,peach
women,hyponym,dish
women,hyponym,cat
women,synonym,woman
pasture,synonym,grass
sand,hypernym,soil
sand,hypernym,dirt
watermark,hypernym,line
watermark,hypernym,marker
watermark,hypernym,marking
watermark,hypernym,mark
blades,hypernym,leaf
blades,hypernym,foliage
blades,synonym,blade
blades,hypernym,ribbon
blades,hypernym,thread
blades,hypernym,arm
blades,synonym,brand
blades,synonym,steel
blades,part_meronym,point
blades,part_meronym,tip
blades,part_meronym,peak
blades,part_meronym,blade
blades,hypernym,structure
blades,hypernym,runner
blades,hyponym,paddle
blades,part_holonym,propeller
blades,part_holonym,helicopter
blades,part_holonym,oar
blades,part_holonym,blade
blades,part_holonym,brand
blades,part_holonym,steel
blades,part_holonym,spatula
blades,part_holonym,scissors
blades,part_holonym,knife
stone,hyponym,sill
stone,hyponym,pebble
stone,hyponym,boulder
stone,synonym,rock
stone,hypernym,material
stone,hypernym,stuff
stone,hyponym,gravel
red,hyponym,cherry
hair,hyponym,beard
hair,hyponym,coat
hair,hyponym,mane
hair,hyponym,eyebrow
hair,hyponym,lock
hair,hyponym,bush
hair,hyponym,down
hair,hyponym,pile
hair,part_meronym,part
hair,synonym,whisker
hair,hypernym,fabric
hair,hypernym,cloth
hair,hypernym,material
hair,hyponym,whisker
hair,hyponym,bristle
canoe,hyponym,kayak
canoe,hyponym,dugout
kayak,hypernym,canoe
decal,hypernym,design
decal,hypernym,pattern
decal,hypernym,figure
boulder,hypernym,rock
boulder,hypernym,stone
burger,hypernym,sandwich
burger,synonym,hamburger
burger,part_meronym,hamburger
pillar,hypernym,shape
pillar,synonym,column
pillar,synonym,tower
pillar,hypernym,structure
pillar,hyponym,pile
pillar,part_meronym,pedestal
pillar,part_meronym,cap
band,hyponym,pack
band,synonym,set
band,synonym,circle
band,synonym,lot
band,part_meronym,section
band,hypernym,stripe
band,hypernym,streak
band,hypernym,bar
band,hyponym,collar
band,synonym,stripe
band,hypernym,range
band,hypernym,strip
band,hyponym,sweatband
band,hyponym,strap
band,hyponym,headband
band,hyponym,wristband
band,hyponym,ring
band,hyponym,bracelet
band,hyponym,weed
band,hypernym,tissue
band,synonym,ring
band,hypernym,belt
band,hypernym,loop
conductor,hypernym,material
conductor,hypernym,stuff
conductor,hyponym,silver
conductor,hypernym,device
conductor,hyponym,cable
conductor,hyponym,line
conductor,hyponym,cord
conductor,hyponym,wire
conductor,hyponym,bus
eyelashes,hypernym,hair
eyelashes,part_holonym,lid
badge,hypernym,emblem
badge,hyponym,button
badge,hyponym,stripe
badge,hyponym,stripes
athlete,hyponym,skier
athlete,hyponym,skater
athlete,hyponym,runner
colors,hypernym,flag
colors,hypernym,emblem
colors,hyponym,shade
colors,synonym,color
colors,hypernym,material
colors,hypernym,stuff
colors,hyponym,indicator
colors,hyponym,paint
colors,hyponym,stain
boxes,hypernym,container
boxes,hyponym,carton
boxes,hyponym,chest
boxes,hyponym,crate
boxes,hyponym,mailbox
boxes,synonym,box
boxes,part_meronym,lid
boxes,part_meronym,base
boxes,hypernym,compartment
boxes,part_holonym,balcony
boxes,synonym,corner
boxes,hypernym,rectangle
boxes,hypernym,shrub
boxes,hypernym,bush
boxes,hypernym,area
boxes,part_holonym,diamond
boxes,hypernym,seat
boxes,part_holonym,coach
wristband,hypernym,band
wristband,part_holonym,sleeve
wristband,part_holonym,arm
wristband,synonym,bracelet
monitor,hypernym,display
monitor,part_holonym,computer
monitor,part_holonym,television
television,hyponym,cable
television,part_meronym,picture
television,part_meronym,monitor
television,part_meronym,television
television,part_meronym,tv
television,synonym,tv
television,part_holonym,television
guy,hypernym,man
guy,synonym,cat
guy,hypernym,image
guy,hypernym,brace
guy,part_holonym,tent
tail,hyponym,dock
tail,hyponym,flag
tail,hyponym,brush
tail,part_meronym,dock
tail,hypernym,end
tail,synonym,butt
tail,synonym,backside
tail,synonym,buns
tail,synonym,can
tail,synonym,rear
tail,synonym,seat
tail,synonym,bottom
tail,part_holonym,torso
tail,part_holonym,trunk
tail,part_holonym,body
tail,synonym,shadow
tail,hypernym,rear
tail,hypernym,back
tail,part_meronym,stabilizer
tail,part_holonym,fuselage
tail,part_holonym,ship
steel,hypernym,metal
steel,hypernym,arm
steel,synonym,blade
steel,synonym,brand
steel,part_meronym,point
steel,part_meronym,tip
steel,part_meronym,peak
steel,part_meronym,blade
forearm,hypernym,limb
forearm,part_holonym,arm
stroller,hypernym,pedestrian
stroller,synonym,carriage
hump,hyponym,belly
fans,hypernym,device
fans,synonym,fan
runway,hypernym,bar
runway,synonym,track
runway,synonym,rail
runway,synonym,rails
runway,part_holonym,railroad
runway,part_holonym,railway
runway,hypernym,slide
runway,hypernym,platform
runway,part_holonym,strip
runway,part_holonym,field
overpass,hypernym,bridge
brace,hypernym,support
brace,hypernym,two
brace,hypernym,2
brace,synonym,couple
brace,synonym,pair
brace,hypernym,set
brace,hypernym,rope
brace,part_meronym,strap
brace,hyponym,tie
brace,hyponym,guy
guard,hypernym,device
guard,hyponym,fender
guard,hypernym,step
saucer,hyponym,point
saucer,hyponym,dot
saucer,synonym,disk
saucer,synonym,disc
saucer,synonym,dish
saucer,hypernym,disk
saucer,hypernym,disc
line,hyponym,row
line,hypernym,mark
line,hypernym,print
line,hypernym,shape
line,hyponym,edge
line,hyponym,curve
line,hypernym,text
line,hyponym,head
line,hyponym,words
line,part_holonym,letter
line,hyponym,front
line,hypernym,conductor
line,synonym,cable
line,part_holonym,cable
line,hyponym,stream
line,hyponym,path
line,hyponym,crest
line,hyponym,track
line,hyponym,watermark
line,hyponym,part
line,hyponym,side
line,hyponym,horizon
line,hyponym,skyline
line,synonym,wrinkle
line,synonym,crease
line,synonym,seam
line,part_holonym,skin
line,hypernym,pipe
line,hypernym,road
line,part_meronym,railroad
line,part_meronym,railway
line,hyponym,family
line,hyponym,rope
line,hyponym,cord
line,hyponym,sheet
line,hyponym,lanyard
line,hyponym,post
line,hyponym,office
line,hyponym,spot
line,hyponym,place
line,hyponym,game
line,hyponym,land
line,synonym,business
line,hyponym,link
line,hyponym,lens
line,hypernym,carrier
line,hyponym,railway
line,hyponym,railroad
line,synonym,air
line,synonym,note
cabinets,hypernym,furniture
cabinets,hyponym,dresser
cabinets,synonym,cabinet
cabinets,part_meronym,shelf
cabinets,hypernym,compartment
strings,hypernym,section
strings,hypernym,cord
strings,synonym,string
strings,synonym,train
strings,hypernym,tie
strings,hyponym,beads
strings,hypernym,necklace
strings,synonym,chain
van,hypernym,car
van,hypernym,truck
van,hyponym,wagon
knobs,synonym,knob
knobs,hypernym,handle
knobs,hypernym,grip
knobs,hyponym,doorknob
knobs,hyponym,stop
knobs,hypernym,decoration
knobs,hypernym,ornament
silver,hypernym,conductor
silver,hypernym,gray
silver,hypernym,grey
silver,hypernym,silverware
pears,synonym,pear
pears,part_holonym,pear
pears,part_meronym,pear
store,hypernym,outlet
store,hyponym,booth
store,synonym,shop
store,part_meronym,storefront
store,hyponym,base
store,part_holonym,computer
store,hyponym,magazine
guys,hypernym,man
guys,synonym,guy
guys,synonym,cat
guys,hypernym,image
guys,hypernym,brace
guys,part_holonym,tent
entryway,hyponym,opening
entryway,hyponym,arch
entryway,hyponym,archway
entryway,hyponym,doorway
entryway,hyponym,door
entryway,synonym,entrance
distance,hyponym,piece
distance,hypernym,part
distance,hyponym,leg
distance,synonym,space
distance,hypernym,point
greenery,hypernym,leaf
greenery,hypernym,foliage
awning,hypernym,canopy
head,part_meronym,skull
head,part_meronym,face
head,part_meronym,ear
head,part_meronym,muzzle
head,part_holonym,body
head,part_holonym,animal
head,hypernym,top
head,hypernym,word
head,hypernym,point
head,hypernym,tip
head,hypernym,peak
head,hyponym,point
head,hypernym,object
head,hypernym,foam
head,hypernym,front
head,hypernym,mark
head,synonym,point
head,part_holonym,arrow
head,hypernym,line
head,hypernym,structure
head,part_holonym,ram
head,hypernym,toilet
head,hypernym,can
head,hypernym,bathroom
head,part_holonym,pin
head,part_holonym,bolt
head,part_holonym,screw
head,part_holonym,nail
head,part_holonym,drum
walking,synonym,walk
crease,synonym,wrinkle
crease,synonym,seam
crease,synonym,line
crease,part_holonym,skin
crease,hypernym,sticker
frames,synonym,frame
frames,part_meronym,eyeglasses
frames,part_meronym,glasses
frames,hypernym,photograph
frames,hypernym,photo
frames,hypernym,picture
frames,hypernym,body
frames,hyponym,person
frames,synonym,figure
frames,synonym,shape
frames,part_holonym,person
frames,part_holonym,someone
frames,part_holonym,man
frames,part_holonym,human
frames,hypernym,part
frames,hypernym,section
frames,part_meronym,bottom
frames,part_meronym,top
frames,hypernym,drawing
frames,part_holonym,strip
frames,part_holonym,ship
frames,part_holonym,building
frames,part_holonym,aircraft
deer,part_meronym,flag
tissues,hyponym,band
tissues,synonym,tissue
tissues,hypernym,paper
bagel,hypernym,bun
bagel,hypernym,roll
basil,hypernym,herb
road,hyponym,line
road,hyponym,roadway
road,hyponym,highway
road,hyponym,driveway
road,hyponym,track
road,part_meronym,curve
road,part_meronym,shoulder
road,part_meronym,intersection
road,part_meronym,circle
road,part_meronym,crown
road,part_meronym,crest
monument,hypernym,structure
monument,hyponym,plaque
rag,synonym,tag
rag,hypernym,newspaper
rag,hypernym,paper
rag,synonym,sheet
duck,part_meronym,duck
duck,part_holonym,duck
duck,hypernym,fabric
duck,hypernym,cloth
duck,hypernym,material
silverware,hyponym,silver
hotdogs,synonym,hotdog
hotdogs,hypernym,sandwich
hotdogs,part_meronym,hotdog
hotdogs,part_meronym,dog
hotdogs,hypernym,sausage
hotdogs,synonym,dog
hotdogs,part_holonym,hotdog
photo,hyponym,scene
photo,hyponym,frame
photo,hyponym,print
photo,synonym,photograph
photo,synonym,picture
dial,hypernym,face
dial,hypernym,control
dial,hypernym,controller
dial,hypernym,indicator
sails,synonym,sail
sails,synonym,canvas
sails,synonym,sheet
sails,hypernym,structure
earrings,synonym,earring
vegetation,hyponym,brush
vegetation,hyponym,shrubbery
vegetation,hyponym,forest
vegetation,hyponym,wood
vegetation,hyponym,woods
vegetation,hyponym,stand
vegetation,hyponym,garden
vegetation,hyponym,bush
computers,hypernym,machine
computers,hyponym,website
computers,synonym,computer
computers,part_meronym,store
computers,part_meronym,keyboard
computers,part_meronym,monitor
computers,part_meronym,chip
computers,part_meronym,bus
computers,part_holonym,platform
sculpture,hyponym,statue
sculpture,hyponym,carving
sculpture,hyponym,molding
sculpture,hypernym,art
sculpture,synonym,carving
artwork,hyponym,drawing
artwork,synonym,art
braid,hypernym,trim
equipment,hyponym,gear
equipment,hyponym,material
human,hyponym,man
human,synonym,man
human,part_meronym,figure
human,part_meronym,shape
human,part_meronym,frame
human,part_meronym,face
human,part_meronym,foot
human,part_meronym,hand
human,part_meronym,mitt
human,part_meronym,paw
human,part_meronym,arm
human,part_meronym,mane
tights,hypernym,hose
feeder,hyponym,mouth
feeder,hypernym,branch
feeder,hypernym,machine
feeder,hypernym,device
feeder,hypernym,animal
faces,hyponym,mug
faces,synonym,face
faces,part_meronym,jaw
faces,part_meronym,chin
faces,part_meronym,cheek
faces,part_meronym,eye
faces,part_meronym,eyebrow
faces,part_meronym,beard
faces,part_meronym,whiskers
faces,part_meronym,forehead
faces,part_meronym,mouth
faces,part_meronym,nose
faces,part_holonym,head
faces,part_holonym,man
faces,part_holonym,human
faces,hyponym,light
faces,hypernym,surface
faces,part_holonym,racket
faces,part_holonym,racquet
faces,hypernym,person
faces,hypernym,someone
faces,hyponym,top
faces,hyponym,front
faces,hyponym,bottom
faces,hyponym,underside
faces,hyponym,rear
faces,hyponym,backside
faces,synonym,side
faces,hyponym,muzzle
faces,part_holonym,animal
faces,hypernym,front
faces,hyponym,dial
faces,part_holonym,watch
faces,synonym,case
faces,synonym,cheek
cycle,synonym,bicycle
cycle,synonym,bike
cycle,synonym,wheel
cycle,part_meronym,chain
cycle,part_meronym,handlebar
cycle,part_meronym,saddle
cycle,part_meronym,kickstand
cycle,part_meronym,pedal
pen,hypernym,enclosure
pen,hypernym,swan
steer,synonym,tip
steer,hypernym,male
steer,hypernym,cattle
steer,hypernym,cows
picture,hyponym,graphic
picture,hyponym,reflection
picture,hyponym,foil
picture,synonym,image
picture,synonym,icon
picture,hyponym,mural
picture,hyponym,icon
picture,hyponym,landscape
picture,synonym,painting
picture,hypernym,image
picture,synonym,scene
picture,part_meronym,scene
picture,part_holonym,television
picture,hyponym,portrait
picture,hyponym,scene
picture,hyponym,frame
picture,hyponym,print
picture,synonym,photograph
picture,synonym,photo
wreath,hyponym,crown
curtain,hypernym,blind
curtain,hypernym,screen
curtain,synonym,drape
curtain,synonym,mantle
curtain,hypernym,barrier
containers,hyponym,vessel
containers,hyponym,bank
containers,hyponym,bag
containers,hyponym,handbag
containers,hyponym,purse
containers,hyponym,case
containers,hyponym,bin
containers,hyponym,pot
containers,hyponym,cup
containers,hyponym,canister
containers,hyponym,tin
containers,hyponym,spoon
containers,hyponym,dispenser
containers,hyponym,can
containers,hyponym,trough
containers,hyponym,basket
containers,hyponym,box
containers,hyponym,shaker
containers,hyponym,package
containers,hyponym,bowl
containers,hyponym,dish
containers,hyponym,drawer
containers,hyponym,envelope
containers,hyponym,glass
containers,hyponym,pan
containers,synonym,container
lantern,hypernym,lamp
stand,hypernym,support
stand,synonym,base
stand,synonym,pedestal
stand,hypernym,place
stand,hypernym,vegetation
stand,hypernym,table
stand,hyponym,tripod
stand,synonym,rack
stand,hypernym,stop
stand,hyponym,landscape
stand,hypernym,booth
stand,synonym,stall
stand,hyponym,bleachers
stand,part_holonym,park
stand,part_holonym,stadium
stand,part_holonym,bowl
stand,hypernym,platform
siding,hypernym,railroad
siding,hypernym,railway
pear,part_holonym,pear
pear,part_meronym,pear
ducks,synonym,duck
ducks,part_meronym,duck
ducks,part_holonym,duck
ducks,hypernym,fabric
ducks,hypernym,cloth
ducks,hypernym,material
cigarette,hypernym,smoke
cigarette,hyponym,stick
cigarette,synonym,butt
arms,part_meronym,arm
arms,part_meronym,crest
arms,hypernym,limb
arms,synonym,arm
arms,part_meronym,wrist
arms,part_meronym,hand
arms,part_meronym,mitt
arms,part_meronym,paw
arms,part_meronym,forearm
arms,part_meronym,elbow
arms,part_holonym,body
arms,part_holonym,man
arms,part_holonym,human
arms,synonym,branch
arms,synonym,limb
arms,hyponym,bow
arms,hyponym,gun
arms,hyponym,knife
arms,hyponym,blade
arms,hyponym,brand
arms,hyponym,steel
arms,part_holonym,arms
arms,hypernym,armrest
arms,part_holonym,armchair
arms,synonym,sleeve
arms,part_meronym,cuff
arms,part_meronym,wristband
rose,hypernym,shrub
rose,hypernym,bush
rose,part_meronym,hip
rose,hypernym,wine
rose,hypernym,pink
eye,part_meronym,lid
eye,part_meronym,lens
eye,part_holonym,face
eye,hypernym,area
eye,hyponym,seat
eye,synonym,center
eye,synonym,middle
eye,synonym,heart
eye,hypernym,hole
eye,part_holonym,needle
cable,hypernym,wire
cable,hypernym,conductor
cable,synonym,line
cable,part_holonym,cable
cable,hypernym,rope
cable,hypernym,television
cable,part_meronym,cable
cable,part_meronym,line
remote,hypernym,device
toes,synonym,toe
toes,part_holonym,foot
toes,hypernym,covering
toes,part_holonym,hoof
toes,hypernym,part
toes,hypernym,portion
pizza,hypernym,dish
w,hypernym,metal
w,hypernym,letter
herbs,hyponym,dock
herbs,hyponym,vegetable
herbs,hyponym,lettuce
herbs,hyponym,basil
herbs,hyponym,strawberry
herbs,hyponym,tomato
herbs,hyponym,celery
herbs,hyponym,pineapple
herbs,hyponym,banana
herbs,hyponym,asparagus
herbs,hyponym,parsley
herbs,hyponym,dandelion
herbs,hyponym,carrot
herbs,synonym,herb
herbs,part_meronym,vegetable
herbs,part_meronym,veggie
herbs,hypernym,seasoning
herbs,hyponym,tea
view,hyponym,light
view,hyponym,background
view,hyponym,ground
view,hyponym,foreground
view,synonym,scene
view,hypernym,range
view,hyponym,eyes
view,hyponym,pole
view,hyponym,side
view,hypernym,design
view,synonym,horizon
spoke,hypernym,support
spoke,part_holonym,ladder
wave,hyponym,surf
wave,hyponym,wake
wave,hyponym,ripple
wave,hyponym,roll
wave,hyponym,lift
wave,hyponym,flap
wave,hypernym,curve
wave,hypernym,woman
baseball,hyponym,ball
baseball,hypernym,ball
pedestrian,hyponym,stroller
shield,hyponym,plate
shield,hyponym,scale
shield,hyponym,shell
shield,synonym,shell
nozzle,hypernym,spout
nozzle,synonym,nose
nozzle,hypernym,nose
nozzle,synonym,beak
nozzle,synonym,snout
magazines,synonym,magazine
magazines,part_holonym,camera
magazines,hypernym,store
magazines,synonym,clip
magazines,part_holonym,gun
seats,hypernym,room
seats,hyponym,circle
seats,hyponym,stall
seats,synonym,seating
seats,hypernym,space
seats,synonym,seat
seats,synonym,place
seats,synonym,butt
seats,synonym,backside
seats,synonym,buns
seats,synonym,can
seats,synonym,rear
seats,synonym,tail
seats,synonym,bottom
seats,part_holonym,torso
seats,part_holonym,trunk
seats,part_holonym,body
seats,hypernym,furniture
seats,hyponym,box
seats,hyponym,chair
seats,hyponym,sofa
seats,hyponym,couch
seats,hyponym,ottoman
seats,hyponym,bench
seats,hyponym,stool
seats,part_meronym,seat
seats,hypernym,support
seats,hyponym,cockpit
seats,hyponym,saddle
seats,part_holonym,seat
seats,hypernym,center
seats,hypernym,middle
seats,hypernym,heart
seats,hypernym,eye
seats,hypernym,part
seats,hypernym,portion
seats,part_holonym,trouser
seats,part_holonym,pant
seats,part_holonym,skirt
designs,synonym,design
designs,synonym,pattern
designs,hypernym,decoration
designs,hypernym,ornament
designs,hyponym,marking
designs,hyponym,device
designs,hyponym,tattoo
designs,hyponym,decal
designs,hyponym,emblem
designs,synonym,figure
designs,hypernym,goal
designs,hypernym,end
designs,hyponym,view
ridge,hyponym,bank
ridge,hyponym,ledge
ridge,hyponym,shelf
ridge,hyponym,bar
ridge,hypernym,beam
mask,hypernym,covering
slat,hypernym,strip
slat,hyponym,fin
pillowcase,synonym,case
wake,hypernym,wave
wake,hypernym,watch
heater,hypernym,device
heater,hyponym,radiator
heater,hyponym,stove
heater,synonym,smoke
cupboards,synonym,cupboard
cupboards,synonym,closet
garbage,hyponym,trash
poles,hypernym,rod
poles,hyponym,mast
poles,synonym,pole
poles,hypernym,view
poles,synonym,rod
poles,part_meronym,yard
poles,synonym,terminal
poles,hypernym,end
poles,hypernym,terminal
poles,part_holonym,magnet
headboard,hypernym,panel
sign,synonym,mark
sign,hyponym,poster
sign,hyponym,bill
sign,hyponym,card
sign,hyponym,signpost
sign,hyponym,indicator
sign,hyponym,symbol
sign,hyponym,beam
sign,hyponym,number
sign,synonym,signal
sign,hypernym,structure
sign,hyponym,scoreboard
sign,hyponym,billboard
sign,hyponym,shingle
sign,synonym,signboard
sign,hypernym,part
sign,synonym,house
bus,synonym,coach
bus,part_meronym,window
bus,part_meronym,roof
bus,hypernym,conductor
bus,part_holonym,computer
bus,hypernym,car
bus,hypernym,automobile
bus,hypernym,machine
highway,hypernym,road
buildings,hypernym,structure
buildings,hyponym,skyscraper
buildings,hyponym,hotel
buildings,hyponym,gazebo
buildings,hyponym,house
buildings,hyponym,restaurant
buildings,hyponym,center
buildings,synonym,building
buildings,part_meronym,floor
buildings,part_meronym,frame
buildings,part_meronym,stairway
buildings,part_meronym,staircase
buildings,part_meronym,wall
buildings,part_meronym,window
buildings,part_meronym,court
buildings,part_meronym,courtyard
buildings,part_meronym,room
buildings,part_meronym,corner
buildings,part_meronym,lift
buildings,part_meronym,wing
buildings,part_meronym,roof
buildings,hypernym,business
buildings,part_meronym,painting
buildings,part_meronym,plumbing
scale,hypernym,leaf
scale,hypernym,foliage
scale,hypernym,chip
scale,hypernym,indicator
scale,hypernym,shield
scale,hyponym,shoe
scale,synonym,plate
scale,synonym,shell
scale,hypernym,covering
scale,hypernym,cover
bill,part_meronym,rider
bill,synonym,note
bill,hypernym,ad
bill,hypernym,advertisement
bill,hypernym,advertising
bill,synonym,flyer
bill,hypernym,sign
bill,synonym,poster
bill,synonym,card
bill,hyponym,menu
bill,hyponym,card
bill,hypernym,brim
bill,synonym,peak
bill,synonym,visor
bill,hypernym,mouth
bill,synonym,beak
bill,part_holonym,bird
minivan,hypernym,car
minivan,hypernym,automobile
minivan,hypernym,machine
moped,hypernym,motorbike
hole,hypernym,opening
hole,hypernym,gap
hole,hyponym,vent
hole,hyponym,eye
hole,hyponym,cup
hole,hyponym,manhole
hole,hypernym,space
hole,hyponym,kettle
hole,hyponym,tunnel
hole,synonym,jam
hole,synonym,pickle
hole,hypernym,mouth
bottom,hypernym,side
bottom,hypernym,face
bottom,hyponym,heel
bottom,hyponym,sole
bottom,hyponym,underbelly
bottom,hyponym,base
bottom,synonym,underside
bottom,hypernym,part
bottom,hyponym,foot
bottom,synonym,butt
bottom,synonym,backside
bottom,synonym,buns
bottom,synonym,can
bottom,synonym,rear
bottom,synonym,seat
bottom,synonym,tail
bottom,part_holonym,torso
bottom,part_holonym,trunk
bottom,part_holonym,body
bottom,part_holonym,frame
bottom,synonym,bed
bottom,hypernym,land
bottom,hypernym,ground
bottom,hypernym,soil
zucchini,part_meronym,zucchini
zucchini,part_holonym,zucchini
windows,hyponym,skylight
windows,synonym,window
windows,part_meronym,case
windows,part_meronym,pane
windows,part_meronym,window
windows,part_holonym,building
windows,hypernym,opening
windows,part_holonym,car
windows,part_holonym,automobile
windows,part_holonym,machine
windows,part_holonym,bus
windows,part_holonym,coach
windows,hypernym,panel
windows,hypernym,gap
windows,hypernym,pane
windows,part_holonym,window
windows,hypernym,display
windows,hyponym,foreground
windows,hyponym,panel
fire,hyponym,cover
fire,synonym,flame
fire,hypernym,fireplace
rain,hyponym,shower
dash,synonym,bolt
moustache,hyponym,toothbrush
moustache,synonym,mustache
moustache,part_holonym,beard
moustache,part_holonym,whiskers
pencil,part_meronym,point
pencil,part_meronym,tip
pencil,part_meronym,peak
pencil,hypernym,figure
donut,synonym,doughnut
towers,hypernym,structure
towers,hyponym,pylon
towers,hyponym,steeple
towers,hyponym,spire
towers,hyponym,lighthouse
towers,synonym,tower
towers,hypernym,shape
towers,synonym,column
towers,synonym,pillar
towers,hypernym,boat
lights,hyponym,sunlight
lights,hyponym,sunshine
lights,hyponym,sun
lights,hyponym,beam
lights,hyponym,streamer
lights,synonym,light
lights,hyponym,headlight
lights,hypernym,view
lights,hypernym,scene
lights,synonym,lighting
lights,hypernym,face
lights,hyponym,stoplight
lights,hypernym,device
lights,hyponym,match
streetlight,hypernym,lamp
streetlight,part_meronym,lamppost
words,hypernym,text
words,synonym,row
words,hypernym,line
words,hyponym,head
words,synonym,word
words,hypernym,information
words,part_meronym,text
cans,hypernym,container
cans,synonym,can
cans,synonym,tin
cans,hypernym,buoy
cans,synonym,butt
cans,synonym,backside
cans,synonym,buns
cans,synonym,rear
cans,synonym,seat
cans,synonym,tail
cans,synonym,bottom
cans,part_holonym,torso
cans,part_holonym,trunk
cans,part_holonym,body
cans,synonym,toilet
cans,synonym,pot
cans,synonym,stool
cans,part_holonym,bathroom
cans,part_holonym,toilet
cans,part_holonym,can
cans,hypernym,room
cans,hyponym,restroom
cans,hyponym,closet
cans,hyponym,head
cans,synonym,bathroom
cans,part_meronym,toilet
cans,part_meronym,can
cans,part_meronym,pot
cans,part_meronym,stool
statue,hypernym,sculpture
day,hyponym,date
day,part_meronym,day
day,part_meronym,daytime
day,part_meronym,night
day,part_meronym,dark
day,hypernym,time
day,synonym,daytime
day,part_holonym,day
mailbox,hypernym,box
suitcases,hypernym,luggage
suitcases,synonym,bag
suitcases,synonym,grip
suitcases,synonym,suitcase
driver,hypernym,worker
driver,hypernym,wood
suspenders,synonym,brace
suspenders,part_meronym,strap
tabletop,hyponym,countertop
tabletop,part_holonym,table
hill,hyponym,mound
hill,part_meronym,hillside
hill,hypernym,structure
hill,synonym,mound
hill,part_holonym,diamond
lamb,hypernym,meat
racks,hyponym,carrier
racks,synonym,rack
racks,synonym,wheel
racks,hypernym,support
racks,hyponym,tripod
racks,synonym,stand
mattress,hypernym,pad
mattress,part_holonym,bed
pond,hypernym,lake
pond,synonym,pool
rolls,synonym,roll
rolls,hyponym,card
rolls,hypernym,wave
rolls,hypernym,bread
rolls,hyponym,bagel
rolls,synonym,bun
rolls,hyponym,bolt
rolls,synonym,bowl
sheets,synonym,sheet
sheets,hypernym,paper
sheets,hyponym,leaf
sheets,hypernym,shape
sheets,synonym,plane
sheets,hypernym,newspaper
sheets,synonym,rag
sheets,hyponym,panel
sheets,hyponym,chalkboard
sheets,hyponym,plate
sheets,hyponym,board
sheets,hypernym,line
sheets,part_holonym,ship
sheets,synonym,sail
sheets,synonym,canvas
branches,synonym,branch
branches,synonym,arm
branches,hypernym,stalk
branches,hypernym,stem
branches,hyponym,twig
branches,hyponym,limb
branches,part_meronym,bark
branches,hyponym,fork
branches,synonym,leg
branches,hypernym,stream
branches,hyponym,feeder
branches,synonym,limb
staircase,hyponym,ramp
staircase,hyponym,stairs
staircase,hyponym,steps
staircase,synonym,stairway
staircase,part_meronym,step
staircase,part_meronym,stair
staircase,part_holonym,building
terminal,hypernym,station
terminal,synonym,pole
terminal,hyponym,tip
terminal,hyponym,pole
terminal,hyponym,point
terminal,hyponym,heel
terminal,hyponym,goal
terminal,synonym,end
terminal,part_meronym,keyboard
airplane,hyponym,jet
airplane,synonym,plane
airplane,part_meronym,fuselage
airplane,part_meronym,windshield
airplane,part_meronym,gun
airplane,part_meronym,wing
airplane,part_meronym,hood
screws,synonym,screw
screws,hypernym,propeller
screws,part_holonym,ship
screws,hyponym,bolt
screws,part_meronym,thread
screws,part_meronym,head
numerals,hypernym,symbol
numerals,synonym,numeral
numerals,synonym,number
pack,hyponym,deck
pack,hypernym,package
pack,synonym,ring
pack,hypernym,set
pack,hypernym,circle
pack,hypernym,band
pack,hypernym,lot
pack,hyponym,loop
sunglasses,hypernym,eyeglasses
sunglasses,hypernym,glasses
sunglasses,synonym,shades
sprinkles,hypernym,shower
sprinkles,synonym,sprinkle
center,hypernym,area
center,hyponym,seat
center,synonym,middle
center,synonym,heart
center,synonym,eye
center,part_holonym,outfield
center,hypernym,building
center,hypernym,point
center,hyponym,bull
center,hyponym,stuff
center,synonym,meat
center,hypernym,object
center,hypernym,place
center,hypernym,outlet
laptops,synonym,laptop
umbrella,hypernym,canopy
umbrella,part_meronym,panel
umbrella,part_meronym,handle
umbrella,part_meronym,grip
jacket,hypernym,coat
jacket,hyponym,sack
jacket,hyponym,blazer
jacket,hypernym,wrap
jacket,hypernym,wrapper
jacket,synonym,crown
jacket,synonym,cap
jacket,hypernym,peel
jacket,hypernym,skin
jacket,part_holonym,potato
jacket,hypernym,shell
jacket,hypernym,case
night,synonym,dark
night,part_holonym,day
night,hypernym,dark
wrap,synonym,wrapper
wrap,hypernym,sandwich
wrap,hypernym,covering
wrap,hyponym,jacket
wrap,hyponym,envelope
palm,hypernym,area
palm,part_holonym,hand
palm,part_holonym,mitt
palm,part_holonym,paw
palm,hypernym,tree
palm,synonym,decoration
palm,synonym,ribbon
patches,hypernym,marking
patches,hyponym,speck
patches,hyponym,splash
patches,hyponym,plaque
patches,synonym,spot
patches,synonym,patch
patches,hyponym,garden
patches,hyponym,bed
patches,hypernym,time
patches,synonym,piece
patches,hypernym,dressing
jet,hypernym,airplane
jet,hypernym,plane
jet,hyponym,spray
jet,synonym,green
jet,synonym,fountain
pitcher,hypernym,vessel
pitcher,hypernym,leaf
pitcher,hypernym,foliage
pitcher,synonym,mound
parrot,hypernym,bird
cart,hypernym,wagon
cart,hyponym,truck
cart,part_meronym,handle
cart,part_meronym,grip
restroom,hypernym,toilet
restroom,hypernym,can
restroom,hypernym,bathroom
dust,hypernym,trash
dust,synonym,debris
dust,hypernym,material
dust,hypernym,stuff
dot,hypernym,disk
dot,hypernym,disc
dot,hypernym,saucer
dot,synonym,point
dot,synonym,pane
bridge,hypernym,structure
bridge,hyponym,overpass
bridge,part_meronym,arch
bridge,part_meronym,pier
bridge,part_holonym,nose
bridge,hypernym,support
bridge,hypernym,plate
bridge,hypernym,link
bridge,hypernym,tie
bridge,part_holonym,eyeglasses
bridge,part_holonym,glasses
noodle,hypernym,pasta
noodle,synonym,bean
noodle,synonym,dome
case,hyponym,piece
case,hyponym,time
case,hyponym,clip
case,synonym,suit
case,hypernym,container
case,hyponym,sleeve
case,hyponym,shoe
case,hyponym,wallet
case,hyponym,luggage
case,hyponym,briefcase
case,hypernym,person
case,hypernym,someone
case,hypernym,adult
case,synonym,character
case,synonym,face
case,hypernym,covering
case,hypernym,cover
case,hyponym,boot
case,hyponym,jacket
case,synonym,shell
case,part_holonym,doorway
case,part_holonym,door
case,part_holonym,window
case,synonym,pillowcase
pony,hypernym,horse
pony,hypernym,glass
purse,hypernym,container
purse,synonym,bag
purse,synonym,handbag
purse,part_meronym,clasp
purse,hypernym,bag
opening,hypernym,space
opening,hyponym,hole
opening,hyponym,crack
opening,hyponym,mouth
opening,hyponym,window
opening,hyponym,pocket
opening,synonym,gap
opening,part_holonym,surface
opening,hyponym,vent
opening,hyponym,gap
opening,hyponym,neck
opening,hyponym,spout
opening,hyponym,outlet
opening,hyponym,bell
opening,hyponym,muzzle
opening,hypernym,entrance
opening,hypernym,entryway
prints,synonym,print
prints,hyponym,footprint
prints,hyponym,step
prints,hyponym,line
prints,synonym,mark
prints,hypernym,fabric
prints,hypernym,cloth
prints,hypernym,material
prints,hypernym,photograph
prints,hypernym,photo
prints,hypernym,picture
surfers,synonym,surfer
handlebars,hypernym,bar
handlebars,synonym,handlebar
handlebars,part_meronym,handle
handlebars,part_meronym,grip
handlebars,part_holonym,bicycle
handlebars,part_holonym,bike
handlebars,part_holonym,wheel
handlebars,part_holonym,cycle
ivy,hypernym,vine
liquid,hyponym,beverage
liquid,hyponym,drink
liquid,hyponym,water
design,synonym,pattern
design,hypernym,decoration
design,hypernym,ornament
design,hyponym,marking
design,hyponym,device
design,hyponym,tattoo
design,hyponym,decal
design,hyponym,emblem
design,synonym,figure
design,hypernym,goal
design,hypernym,end
design,hyponym,view
muzzle,hypernym,opening
muzzle,hyponym,point
muzzle,part_holonym,gun
muzzle,hypernym,face
muzzle,part_meronym,snout
muzzle,part_holonym,head
bands,hyponym,pack
bands,synonym,set
bands,synonym,circle
bands,synonym,band
bands,synonym,lot
bands,part_meronym,section
bands,hypernym,stripe
bands,hypernym,streak
bands,hypernym,bar
bands,hyponym,collar
bands,synonym,stripe
bands,hypernym,range
bands,hypernym,strip
bands,hyponym,sweatband
bands,hyponym,strap
bands,hyponym,headband
bands,hyponym,wristband
bands,hyponym,ring
bands,hyponym,bracelet
bands,hyponym,weed
bands,hypernym,tissue
bands,synonym,ring
bands,hypernym,belt
bands,hypernym,loop
keys,hypernym,device
keys,synonym,key
keys,part_meronym,stem
keys,hypernym,space
keys,synonym,paint
keys,part_holonym,arch
keys,hypernym,lever
crust,hypernym,layer
crust,hyponym,plate
crust,hypernym,covering
crust,hypernym,cover
gazelle,hypernym,antelope
needles,synonym,needle
needles,part_meronym,point
needles,part_meronym,eye
bags,hypernym,container
bags,hyponym,sack
bags,hyponym,skin
bags,hyponym,backpack
bags,hyponym,envelope
bags,hyponym,purse
bags,synonym,bag
bags,hyponym,home
bags,hyponym,plate
bags,synonym,base
bags,part_holonym,diamond
bags,synonym,handbag
bags,synonym,purse
bags,part_meronym,clasp
bags,hypernym,luggage
bags,synonym,grip
bags,synonym,suitcase
bags,part_holonym,cow
bags,synonym,dish
sandals,hypernym,shoe
sandals,synonym,sandal
petals,synonym,petal
pole,hypernym,rod
pole,hyponym,mast
pole,hypernym,view
pole,synonym,rod
pole,part_meronym,yard
pole,synonym,terminal
pole,hypernym,end
pole,hypernym,terminal
pole,part_holonym,magnet
foreground,hypernym,view
foreground,hypernym,scene
foreground,hypernym,window
foreground,part_holonym,screen
harbor,part_meronym,dock
fish,part_meronym,fin
fish,hypernym,food
fish,hypernym,person
fish,hypernym,someone
suit,synonym,case
covering,hyponym,shell
covering,hyponym,case
covering,hyponym,crust
covering,hyponym,envelope
covering,hyponym,blanket
covering,hyponym,mantle
covering,hyponym,hood
covering,hyponym,cap
covering,hyponym,bark
covering,hyponym,scale
covering,hyponym,roof
covering,synonym,cover
covering,hyponym,screen
covering,hyponym,cover
covering,hyponym,coat
covering,hyponym,toe
covering,hyponym,finger
covering,hyponym,top
covering,hyponym,drape
covering,hyponym,bubble
covering,hyponym,wrap
covering,hyponym,wrapper
covering,hyponym,clothing
covering,hyponym,mask
covering,hyponym,flap
covering,hyponym,folder
covering,hyponym,thumb
covering,hyponym,canopy
covering,hyponym,dressing
covering,hyponym,painting
covering,hyponym,lining
scene,hypernym,area
scene,hyponym,light
scene,hyponym,dark
scene,hyponym,shadow
scene,hyponym,stage
scene,hyponym,background
scene,hyponym,ground
scene,hyponym,foreground
scene,synonym,view
scene,hypernym,photograph
scene,hypernym,photo
scene,hypernym,picture
scene,part_holonym,picture
scene,synonym,picture
scene,hypernym,set
mustard,hypernym,condiment
outside,hypernym,part
outside,hyponym,outdoors
outside,hyponym,open
outside,hypernym,surface
butt,hypernym,part
butt,hypernym,portion
butt,synonym,goat
butt,synonym,backside
butt,synonym,buns
butt,synonym,can
butt,synonym,rear
butt,synonym,seat
butt,synonym,tail
butt,synonym,bottom
butt,part_holonym,torso
butt,part_holonym,trunk
butt,part_holonym,body
butt,hypernym,smoke
butt,hyponym,stick
butt,synonym,cigarette
butt,hypernym,barrel
tables,hyponym,calendar
tables,synonym,table
tables,hypernym,furniture
tables,hyponym,booth
tables,hyponym,dresser
tables,hyponym,vanity
tables,hyponym,counter
tables,hyponym,desk
tables,hyponym,stand
tables,part_meronym,leg
tables,part_meronym,tabletop
tables,hyponym,board
tables,synonym,board
reflector,hypernym,device
reflector,hyponym,mirror
mirror,hypernym,reflector
mirror,hyponym,glass
moon,hypernym,object
moon,hypernym,light
sticker,synonym,spine
sticker,hypernym,label
sticker,hypernym,knife
sticker,hyponym,crease
drink,hypernym,portion
drink,hyponym,toast
drink,hypernym,food
drink,hypernym,liquid
drink,hyponym,mixer
drink,hyponym,cooler
drink,hyponym,coffee
drink,hyponym,chocolate
drink,hyponym,tea
drink,hyponym,milk
drink,synonym,beverage
drink,hypernym,water
beds,hyponym,couch
beds,hyponym,sack
beds,synonym,bed
beds,part_meronym,mattress
beds,part_holonym,bedroom
beds,hypernym,patch
beds,synonym,bottom
beds,synonym,seam
beds,hyponym,lift
beds,hyponym,blanket
beds,hyponym,wall
beds,hyponym,row
beds,hyponym,cushion
beds,synonym,layer
beds,hypernym,surface
beds,hypernym,base
beds,hypernym,foot
shoelaces,hypernym,lace
shoelaces,synonym,shoelace
shoelaces,part_holonym,shoe
mousepad,hypernym,mat
elephant,part_meronym,trunk
elephant,part_meronym,tusk
elephant,hypernym,emblem
beads,hypernym,string
beads,synonym,bead
beads,hypernym,molding
plumbing,part_holonym,building
bracelet,hypernym,band
bracelet,synonym,wristband
bracelet,part_meronym,clasp
rainbow,hypernym,bow
rainbow,part_holonym,sky
tires,hypernym,ring
tires,synonym,tire
spokes,hypernym,support
spokes,synonym,spoke
spokes,part_holonym,ladder
headband,hypernym,band
beams,hypernym,signal
beams,hypernym,sign
beams,synonym,beam
beams,hypernym,piece
beams,hyponym,ridge
beams,hyponym,tie
beams,hyponym,shore
beams,hypernym,light
beams,hypernym,side
label,hypernym,brand
label,hypernym,marker
label,hypernym,marking
label,hypernym,mark
label,hyponym,tag
label,hyponym,sticker
freezer,hypernym,fridge
jersey,hypernym,shirt
slacks,hypernym,trouser
slacks,hypernym,pant
slacks,hypernym,debris
slacks,hypernym,dust
slacks,hypernym,cord
stickers,synonym,spine
stickers,synonym,sticker
stickers,hypernym,label
stickers,hypernym,knife
stickers,hyponym,crease
machine,hypernym,device
machine,hyponym,stapler
machine,hyponym,motor
machine,hyponym,feeder
machine,hyponym,computer
machine,hyponym,printer
machine,hypernym,person
machine,hypernym,someone
machine,hyponym,wheel
machine,hyponym,block
machine,hyponym,lever
machine,hyponym,wagon
machine,hyponym,jeep
machine,hyponym,sedan
machine,hyponym,cab
machine,hyponym,taxi
machine,hyponym,minivan
machine,hyponym,bus
machine,synonym,car
machine,synonym,automobile
machine,part_meronym,bumper
machine,part_meronym,window
machine,part_meronym,fin
machine,part_meronym,hood
machine,part_meronym,trunk
machine,part_meronym,roof
machine,part_meronym,horn
machine,part_meronym,fender
machine,part_meronym,wing
machine,part_meronym,gun
knees,synonym,knee
knees,part_holonym,leg
image,hyponym,picture
image,hyponym,graphic
image,hyponym,reflection
image,hyponym,foil
image,synonym,picture
image,synonym,icon
image,synonym,figure
image,hypernym,person
image,hypernym,someone
image,hypernym,set
image,synonym,range
molding,hypernym,decoration
molding,hypernym,ornament
molding,hyponym,thumb
molding,hyponym,bead
molding,hyponym,baseboard
molding,hypernym,edge
molding,synonym,border
molding,hypernym,sculpture
molding,hypernym,carving
crowd,hyponym,jam
crowd,synonym,bunch
column,hypernym,tube
column,hypernym,shape
column,synonym,tower
column,synonym,pillar
column,part_holonym,newspaper
column,part_holonym,paper
column,hypernym,structure
column,hyponym,pile
column,part_meronym,pedestal
column,part_meronym,cap
column,hypernym,text
pepper,part_meronym,pepper
pepper,hypernym,shrub
pepper,hypernym,bush
pepper,hypernym,seasoning
pepper,part_holonym,pepper
beef,hypernym,cattle
beef,hypernym,cows
beef,hypernym,meat
beef,hyponym,hamburger
beef,part_holonym,cattle
beef,part_holonym,cows
wine,hyponym,rose
hut,hypernym,shelter
advertisement,hyponym,bill
advertisement,hyponym,flyer
advertisement,hyponym,trailer
advertisement,synonym,ad
advertisement,synonym,advertising
group,hyponym,man
group,hyponym,people
group,hyponym,cloud
group,hypernym,unit
group,hypernym,set
wagon,hyponym,cart
wagon,hypernym,van
wagon,hypernym,car
wagon,hypernym,automobile
wagon,hypernym,machine
rice,hypernym,grain
rice,hypernym,cereal
space,hyponym,space
space,hyponym,opening
space,hyponym,gap
space,hyponym,hole
space,hyponym,pocket
space,hyponym,enclosure
space,hyponym,compartment
space,hypernym,area
space,hyponym,key
space,hyponym,paint
space,hyponym,seat
space,hyponym,place
space,hypernym,space
space,hypernym,character
space,synonym,distance
space,synonym,place
cone,part_meronym,point
cone,part_meronym,tip
cone,part_meronym,peak
marker,hypernym,symbol
marker,hyponym,spot
marker,hyponym,pin
marker,hyponym,brand
marker,hyponym,watermark
marker,hyponym,label
marker,synonym,marking
marker,synonym,mark
land,hypernym,object
land,hyponym,bottom
land,hyponym,turf
land,synonym,ground
land,synonym,soil
land,part_holonym,land
land,hyponym,plain
land,hyponym,field
land,hyponym,island
land,hyponym,forest
land,hyponym,floor
land,hyponym,cape
land,hyponym,neck
land,part_holonym,globe
land,part_meronym,land
land,hypernym,area
land,hypernym,field
land,hypernym,people
land,hypernym,business
land,hypernym,line
emblem,hypernym,design
emblem,hypernym,pattern
emblem,hypernym,figure
emblem,hyponym,colors
emblem,hyponym,crest
emblem,hyponym,flag
emblem,hyponym,device
emblem,hypernym,symbol
emblem,hyponym,elephant
emblem,hyponym,donkey
emblem,hyponym,badge
emblem,hyponym,eagle
bricks,synonym,brick
business,hyponym,house
business,hyponym,carrier
business,hyponym,chain
business,hyponym,field
business,hyponym,building
business,hyponym,advertising
business,part_holonym,market
business,hyponym,post
business,hyponym,office
business,hyponym,spot
business,hyponym,place
business,hyponym,game
business,hyponym,land
business,synonym,line
business,hypernym,object
business,hypernym,people
baby,hypernym,child
baby,hypernym,kid
baby,hypernym,person
baby,hypernym,someone
baby,synonym,child
baby,hypernym,girl
carton,hypernym,box
skateboarder,hypernym,skater
spectator,hypernym,pump
tangerine,part_meronym,tangerine
tangerine,part_holonym,tangerine
surfboard,hypernym,board
crack,hypernym,opening
crack,hypernym,gap
crack,hyponym,vent
crack,synonym,gap
lighting,synonym,light
luggage,hypernym,case
luggage,hyponym,bag
luggage,hyponym,grip
luggage,hyponym,suitcase
luggage,hyponym,trunk
luggage,part_meronym,handle
luggage,part_meronym,grip
luggage,part_meronym,strap
blanket,hypernym,bedding
blanket,synonym,cover
blanket,hypernym,covering
blanket,hypernym,cover
blanket,synonym,mantle
blanket,hypernym,layer
blanket,hypernym,bed
air,hypernym,part
air,hyponym,note
air,part_holonym,globe
air,hyponym,part
air,synonym,line
speakers,synonym,speaker
one,hypernym,figure
one,synonym,1
one,hypernym,unit
disk,hyponym,point
disk,hyponym,dot
disk,synonym,disc
disk,synonym,saucer
disk,hypernym,plate
disk,hypernym,circle
disk,hyponym,saucer
disk,synonym,platter
taillight,hypernym,lamp
range,hyponym,horizon
range,hyponym,view
range,synonym,chain
range,hyponym,band
range,hypernym,set
range,synonym,image
range,synonym,stove
range,part_meronym,grate
lemon,part_holonym,lemon
lemon,hypernym,yellow
lemon,part_meronym,lemon
lemon,hypernym,relish
cloth,hyponym,wool
cloth,hyponym,cord
cloth,hyponym,jean
cloth,hyponym,duck
cloth,hyponym,print
cloth,hyponym,canvas
cloth,hyponym,hair
cloth,hyponym,canopy
cloth,hyponym,net
cloth,hyponym,mesh
cloth,hyponym,lace
cloth,synonym,fabric
cloth,synonym,material
officer,hypernym,man
officer,hypernym,holder
officer,hyponym,bull
officer,hyponym,cop
officer,synonym,policeman
container,hyponym,vessel
container,hyponym,bank
container,hyponym,bag
container,hyponym,handbag
container,hyponym,purse
container,hyponym,case
container,hyponym,bin
container,hyponym,pot
container,hyponym,cup
container,hyponym,canister
container,hyponym,tin
container,hyponym,spoon
container,hyponym,dispenser
container,hyponym,can
container,hyponym,trough
container,hyponym,basket
container,hyponym,box
container,hyponym,shaker
container,hyponym,package
container,hyponym,bowl
container,hyponym,dish
container,hyponym,drawer
container,hyponym,envelope
container,hyponym,glass
container,hyponym,pan
half,hypernym,part
half,hypernym,section
railings,hypernym,barrier
railings,hyponym,guardrail
railings,hyponym,bar
railings,synonym,railing
railings,synonym,rail
railings,part_holonym,handrail
railings,hypernym,material
seeds,hypernym,fruit
seeds,hyponym,bean
seeds,hyponym,grain
seeds,hyponym,nut
seeds,hyponym,coffee
seeds,synonym,seed
seeds,part_meronym,meat
seeds,hypernym,player
olive,hypernym,fruit
olive,part_holonym,olive
olive,part_meronym,olive
olive,hypernym,wood
olive,hypernym,relish
spice,hypernym,seasoning
1,hypernym,figure
1,synonym,one
sneakers,hypernym,shoe
sneakers,synonym,sneaker
snowboard,hypernym,board
pendant,part_holonym,necklace
pendant,synonym,chandelier
front,hypernym,side
front,hypernym,face
front,hyponym,head
front,hypernym,line
front,part_holonym,field
front,hyponym,nose
front,hyponym,storefront
front,hyponym,facade
front,hyponym,face
front,hyponym,bow
front,hyponym,stem
front,hypernym,area
front,hypernym,field
front,hypernym,place
shoulders,synonym,shoulder
shoulders,part_holonym,torso
shoulders,part_holonym,trunk
shoulders,part_holonym,body
shoulders,hypernym,edge
shoulders,part_holonym,road
beak,hypernym,mouth
beak,synonym,bill
beak,part_holonym,bird
beak,hypernym,tip
beak,hypernym,nose
beak,synonym,nozzle
beak,synonym,snout
slice,hypernym,portion
slice,hypernym,part
slice,synonym,piece
slice,hypernym,piece
slice,hyponym,section
slice,hypernym,spatula
pictures,hyponym,graphic
pictures,hyponym,reflection
pictures,hyponym,foil
pictures,synonym,picture
pictures,synonym,image
pictures,synonym,icon
pictures,hyponym,mural
pictures,hyponym,icon
pictures,hyponym,landscape
pictures,synonym,painting
pictures,hypernym,image
pictures,synonym,scene
pictures,part_meronym,scene
pictures,part_holonym,television
pictures,hyponym,portrait
pictures,hyponym,scene
pictures,hyponym,frame
pictures,hyponym,print
pictures,synonym,photograph
pictures,synonym,photo
netting,hypernym,net
netting,hypernym,mesh
copyright,hypernym,papers
pot,hypernym,vessel
pot,hyponym,teapot
pot,hyponym,urn
pot,hyponym,kettle
pot,synonym,toilet
pot,synonym,can
pot,synonym,stool
pot,part_holonym,bathroom
pot,part_holonym,toilet
pot,part_holonym,can
pot,hypernym,container
pot,hyponym,planter
pot,synonym,lot
pot,synonym,mountain
pot,synonym,pile
pot,synonym,raft
pot,synonym,stack
pot,synonym,kitty
pot,hypernym,belly
pot,synonym,grass
pot,synonym,weed
pot,synonym,smoke
arch,hypernym,curve
arch,hypernym,entrance
arch,hypernym,entryway
arch,synonym,archway
arch,part_holonym,wall
arch,hypernym,structure
arch,part_meronym,key
arch,part_holonym,bridge
pattern,hypernym,structure
pattern,synonym,shape
pattern,hypernym,decoration
pattern,hypernym,ornament
pattern,hyponym,marking
pattern,hyponym,device
pattern,hyponym,tattoo
pattern,hyponym,decal
pattern,hyponym,emblem
pattern,synonym,design
pattern,synonym,figure
pattern,hypernym,path
benches,hypernym,seat
benches,hyponym,pew
benches,synonym,bench
benches,part_holonym,court
benches,part_holonym,team
tractor,hypernym,truck
windshield,hypernym,screen
windshield,part_holonym,airplane
windshield,part_holonym,plane
tool,hyponym,tap
tool,hyponym,comb
tool,hyponym,fork
tool,hyponym,ram
socks,hypernym,hose
socks,synonym,sock
patio,hypernym,area
patio,part_holonym,garden
woods,hypernym,vegetation
woods,synonym,forest
woods,synonym,wood
woods,hyponym,olive
woods,hyponym,knot
woods,hyponym,pine
woods,hyponym,log
woods,hyponym,cherry
woods,hyponym,spoon
woods,hyponym,driver
information,hyponym,material
information,hyponym,word
information,hyponym,stuff
information,hyponym,background
food,hyponym,beverage
food,hyponym,drink
food,hyponym,water
food,part_meronym,food
food,hyponym,chocolate
food,hyponym,cheese
food,hyponym,pasta
food,hyponym,meat
food,hyponym,fish
food,hyponym,produce
food,hyponym,butter
food,part_holonym,food
walkway,hypernym,path
walkway,hyponym,sidewalk
walkway,hyponym,pavement
walkway,hyponym,boardwalk
walkway,synonym,walk
feet,synonym,foot
feet,part_meronym,heel
feet,part_meronym,toe
feet,part_meronym,sole
feet,part_holonym,leg
feet,part_holonym,man
feet,part_holonym,human
feet,part_holonym,yard
feet,hypernym,bottom
feet,hyponym,paw
feet,hyponym,hoof
feet,hypernym,support
feet,hyponym,bed
feet,synonym,base
feet,part_holonym,structure
feet,hypernym,walk
feet,hypernym,meter
cabinet,hypernym,furniture
cabinet,hyponym,dresser
cabinet,part_meronym,shelf
cabinet,hypernym,compartment
three,hypernym,figure
three,synonym,3
three,synonym,leash
ocean,hypernym,water
ocean,synonym,sea
panel,hypernym,sheet
panel,hyponym,paneling
panel,hyponym,pane
panel,hyponym,headboard
panel,hyponym,footboard
panel,hyponym,window
panel,hypernym,body
panel,hypernym,pad
panel,part_holonym,umbrella
panel,hypernym,window
panel,hyponym,dashboard
panel,synonym,board
fruits,hyponym,seed
fruits,hyponym,berry
fruits,hyponym,ear
fruits,hyponym,olive
fruits,hyponym,hip
fruits,synonym,fruit
courtyard,hypernym,area
courtyard,synonym,court
courtyard,part_holonym,building
cracker,hypernym,bread
fox,hypernym,fur
toe,part_holonym,foot
toe,hypernym,covering
toe,part_holonym,hoof
toe,hypernym,part
toe,hypernym,portion
cushion,hypernym,muffler
cushion,hypernym,layer
cushion,hypernym,bed
cushion,hypernym,padding
cushion,hyponym,pillow
towels,synonym,towel
sack,hypernym,bag
sack,synonym,pocket
sack,hypernym,jacket
sack,hypernym,bed
sack,hypernym,dress
tails,hyponym,dock
tails,hyponym,flag
tails,hyponym,brush
tails,synonym,tail
tails,part_meronym,dock
tails,hypernym,end
tails,synonym,butt
tails,synonym,backside
tails,synonym,buns
tails,synonym,can
tails,synonym,rear
tails,synonym,seat
tails,synonym,bottom
tails,part_holonym,torso
tails,part_holonym,trunk
tails,part_holonym,body
tails,synonym,shadow
tails,hypernym,rear
tails,hypernym,back
tails,part_meronym,stabilizer
tails,part_holonym,fuselage
tails,part_holonym,ship
cage,hypernym,enclosure
cage,hypernym,net
sneaker,hypernym,shoe
latch,hypernym,lock
goal,hyponym,design
goal,hyponym,object
goal,synonym,end
goal,hypernym,end
goal,hypernym,terminal
goal,hyponym,net
goal,hyponym,basket
goal,part_meronym,bar
markings,hypernym,symbol
markings,hyponym,spot
markings,hyponym,pin
markings,hyponym,brand
markings,hyponym,watermark
markings,hyponym,label
markings,synonym,marker
markings,synonym,marking
markings,synonym,mark
markings,hypernym,design
markings,hypernym,pattern
markings,hypernym,figure
markings,hyponym,stripe
markings,hyponym,streak
markings,hyponym,bar
markings,hyponym,cross
markings,hyponym,mark
markings,hyponym,patch
markings,hypernym,decoration
n,hypernym,letter
boat,hypernym,vessel
boat,hyponym,tower
boat,hyponym,packet
boat,hypernym,dish
skyline,hypernym,outline
skyline,hypernym,line
skyline,synonym,horizon
dugout,hypernym,shelter
dugout,part_holonym,park
dugout,hypernym,canoe
ad,hyponym,bill
ad,hyponym,flyer
ad,hyponym,trailer
ad,synonym,advertisement
ad,synonym,advertising
fringe,hypernym,edge
river,hypernym,stream
arches,hypernym,curve
arches,synonym,arch
arches,hypernym,entrance
arches,hypernym,entryway
arches,synonym,archway
arches,part_holonym,wall
arches,hypernym,structure
arches,part_meronym,key
arches,part_holonym,bridge
skies,hyponym,blue
skies,synonym,sky
skies,part_meronym,cloud
skies,part_meronym,rainbow
skies,part_holonym,globe
dough,hyponym,pastry
dough,synonym,bread
dough,synonym,cabbage
dough,synonym,lettuce
dough,synonym,sugar
fireplace,hyponym,fire
fireplace,part_meronym,mantle
fireplace,part_holonym,chimney
leaves,hyponym,pad
leaves,hyponym,greenery
leaves,hyponym,pitcher
leaves,hyponym,scale
leaves,hyponym,blade
leaves,synonym,leaf
leaves,synonym,foliage
leaves,hypernym,sheet
leaves,hyponym,page
leaves,hypernym,section
leaves,synonym,leave
strip,hypernym,part
strip,hypernym,piece
strip,hyponym,row
strip,hyponym,ribbon
strip,hyponym,band
strip,hyponym,ring
strip,hyponym,tape
strip,hypernym,field
strip,part_meronym,runway
strip,part_meronym,frame
strip,part_holonym,newspaper
strip,part_holonym,paper
strip,hyponym,cleat
strip,hyponym,toothpick
strip,hyponym,slat
horse,hyponym,pony
horse,hyponym,plug
horse,hyponym,poster
toast,hypernym,bread
toast,hypernym,drink
sky,hyponym,blue
sky,part_meronym,cloud
sky,part_meronym,rainbow
sky,part_holonym,globe
mud,hypernym,soil
mud,hypernym,dirt
mud,synonym,clay
knee,part_holonym,leg
notebook,hypernym,book
blueberry,hypernym,shrub
blueberry,hypernym,bush
blueberry,hypernym,berry
paper,hypernym,material
paper,hypernym,stuff
paper,hyponym,card
paper,hyponym,sheet
paper,hyponym,cardboard
paper,hyponym,tissue
paper,hyponym,wallpaper
paper,hyponym,pad
paper,hyponym,tablet
paper,hyponym,newspaper
paper,hyponym,rag
paper,synonym,newspaper
paper,part_meronym,column
paper,part_meronym,strip
ketchup,hypernym,condiment
scissors,part_meronym,blade
shaker,hypernym,person
shaker,hypernym,someone
shaker,hypernym,container
stars,hyponym,sun
stars,synonym,star
stars,hypernym,player
stars,hypernym,character
dashboard,part_holonym,vehicle
dashboard,hypernym,board
dashboard,hypernym,panel
whiskers,hyponym,goatee
whiskers,synonym,beard
whiskers,part_meronym,mustache
whiskers,part_meronym,moustache
whiskers,part_holonym,face
whiskers,synonym,hair
whiskers,synonym,whisker
whiskers,hypernym,hair
field,hyponym,yard
field,hyponym,lawn
field,part_meronym,front
field,hypernym,business
field,hyponym,front
field,hyponym,land
field,hyponym,lap
field,synonym,area
field,hyponym,diamond
field,hyponym,court
field,part_holonym,stadium
field,part_holonym,bowl
field,hypernym,land
field,hypernym,ground
field,synonym,plain
field,hypernym,set
field,hyponym,airport
field,hyponym,strip
field,part_meronym,runway
field,part_meronym,apron
parsley,hypernym,herb
display,hyponym,board
display,hyponym,screen
display,hyponym,window
display,hyponym,monitor
claws,synonym,claw
claws,synonym,hook
limb,hyponym,leg
limb,hyponym,arm
limb,hyponym,forearm
limb,hyponym,thigh
limb,part_meronym,stump
limb,hypernym,branch
limb,hyponym,stick
limb,part_holonym,tree
limb,hypernym,edge
limb,hypernym,border
limb,hypernym,part
limb,hypernym,portion
limb,part_holonym,bow
limb,synonym,arm
limb,synonym,branch
backpack,hypernym,bag
stomach,hyponym,underbelly
stomach,synonym,belly
stomach,part_holonym,torso
stomach,part_holonym,trunk
stomach,part_holonym,body
fence,hypernym,barrier
fence,hyponym,hedge
fence,hyponym,wall
fence,synonym,fencing
bushes,hyponym,pepper
bushes,hyponym,tea
bushes,hyponym,broom
bushes,hyponym,blueberry
bushes,hyponym,box
bushes,hyponym,rose
bushes,synonym,shrub
bushes,synonym,bush
bushes,hypernym,wild
bushes,hypernym,vegetation
bushes,hypernym,hair
wings,synonym,wing
wings,part_holonym,bird
wings,part_holonym,bat
wings,hypernym,surface
wings,part_meronym,flap
wings,part_holonym,airplane
wings,part_holonym,plane
wings,hypernym,stage
wings,hypernym,place
wings,hypernym,portion
wings,hypernym,barrier
wings,synonym,fender
wings,part_holonym,car
wings,part_holonym,automobile
wings,part_holonym,machine
wings,part_holonym,building
trash,hyponym,debris
trash,hyponym,dust
trash,hyponym,litter
trash,hypernym,garbage
trash,synonym,chalk
trash,synonym,glass
trash,synonym,ice
bangs,synonym,belt
bangs,synonym,fringe
bangs,synonym,boot
straw,synonym,stalk
straw,hypernym,yellow
straw,hypernym,tube
rim,hypernym,edge
rim,hypernym,ring
rim,part_holonym,wheel
rim,hyponym,collar
rim,synonym,brim
rim,synonym,lip
rim,part_holonym,vessel
tracks,hypernym,line
tracks,hyponym,steps
tracks,hyponym,belt
tracks,hyponym,trail
tracks,synonym,path
tracks,synonym,track
tracks,synonym,trail
tracks,hyponym,railroad
tracks,hyponym,railway
tracks,hypernym,belt
tracks,hypernym,path
tracks,hypernym,bar
tracks,synonym,rail
tracks,synonym,rails
tracks,synonym,runway
tracks,part_holonym,railroad
tracks,part_holonym,railway
tracks,hypernym,road
snowflake,part_holonym,snow
frisbee,hypernym,disk
frisbee,hypernym,disc
frisbee,hypernym,toy
stairs,hypernym,stairway
stairs,hypernym,staircase
stairs,hyponym,ladder
stairs,synonym,steps
stairs,hypernym,support
stairs,synonym,step
stairs,synonym,stair
stairs,part_holonym,stairway
stairs,part_holonym,staircase
end,hyponym,tip
end,hyponym,pole
end,hyponym,point
end,hyponym,heel
end,hyponym,goal
end,synonym,terminal
end,hypernym,point
end,hyponym,tail
end,hyponym,design
end,hyponym,object
end,synonym,goal
end,hypernym,part
end,hypernym,section
end,hypernym,surface
end,hypernym,place
end,hypernym,spot
end,part_holonym,yarn
parasol,hypernym,shade
apron,part_meronym,bib
apron,hypernym,stage
apron,part_holonym,field
animal,hyponym,adult
animal,hyponym,male
animal,hyponym,game
animal,hyponym,feeder
animal,hyponym,female
animal,part_meronym,face
animal,part_meronym,head
bleachers,hypernym,stand
bleachers,hypernym,worker
subway,hypernym,railway
subway,hypernym,railroad
subway,synonym,tube
subway,hypernym,tunnel
carpet,hyponym,runner
carpet,synonym,rug
carpet,synonym,carpeting
circle,hyponym,pack
circle,synonym,set
circle,synonym,band
circle,synonym,lot
circle,hypernym,shape
circle,synonym,lap
circle,part_holonym,road
circle,synonym,rope
circle,hypernym,seating
circle,hypernym,seats
circle,part_holonym,house
circle,hyponym,disk
circle,hyponym,disc
blazer,hypernym,jacket
monitors,synonym,monitor
monitors,hypernym,display
monitors,part_holonym,computer
monitors,part_holonym,television
mountain,part_meronym,mountainside
mountain,synonym,lot
mountain,synonym,pile
mountain,synonym,pot
mountain,synonym,raft
mountain,synonym,stack
spectators,synonym,spectator
spectators,hypernym,pump
ox,hypernym,cattle
ox,hypernym,cows
lid,part_holonym,eye
lid,hypernym,top
lid,hypernym,cover
lid,part_meronym,lock
lid,part_holonym,chest
lid,part_holonym,box
lid,part_holonym,jar
lid,synonym,hat
lid,part_meronym,brim
lid,part_meronym,crown
reflection,hypernym,picture
reflection,hypernym,image
reflection,hypernym,icon
padding,hyponym,cushion
padding,hyponym,pad
elbow,part_holonym,arm
elbow,hypernym,curve
elbow,hypernym,pipe
elbow,part_holonym,sleeve
bike,hyponym,motorbike
bike,synonym,motorcycle
bike,part_meronym,kickstand
bike,synonym,bicycle
bike,synonym,wheel
bike,synonym,cycle
bike,part_meronym,chain
bike,part_meronym,handlebar
bike,part_meronym,saddle
bike,part_meronym,pedal
plane,hyponym,jet
plane,synonym,airplane
plane,part_meronym,fuselage
plane,part_meronym,windshield
plane,part_meronym,gun
plane,part_meronym,wing
plane,part_meronym,hood
plane,hypernym,shape
plane,synonym,sheet
plane,hypernym,stage
plane,hypernym,point
pedestrians,hyponym,stroller
pedestrians,synonym,pedestrian
passenger,synonym,rider
lapel,hypernym,lap
rock,hyponym,sill
rock,hyponym,pebble
rock,hyponym,boulder
rock,synonym,stone
rock,hypernym,material
rock,hypernym,stuff
rock,hyponym,gravel
rock,hypernym,candy
strap,part_holonym,luggage
strap,hypernym,hanger
strap,hypernym,band
strap,part_holonym,teddy
strap,part_holonym,brace
shape,hyponym,curve
shape,hyponym,circle
shape,hyponym,square
shape,hyponym,plane
shape,hyponym,sheet
shape,hyponym,triangle
shape,hyponym,link
shape,hyponym,column
shape,hyponym,tower
shape,hyponym,pillar
shape,hyponym,line
shape,hyponym,figure
shape,hypernym,body
shape,hyponym,person
shape,synonym,figure
shape,synonym,frame
shape,part_holonym,person
shape,part_holonym,someone
shape,part_holonym,man
shape,part_holonym,human
shape,hypernym,structure
shape,synonym,pattern
office,hyponym,place
office,hyponym,hat
office,synonym,part
office,hypernym,business
office,hypernym,line
office,hyponym,chair
office,synonym,post
office,synonym,spot
office,synonym,place
stick,hyponym,bow
stick,hypernym,limb
stick,hypernym,lever
stick,hypernym,butter
stick,hypernym,leg
stick,synonym,pin
stick,hypernym,cigarette
stick,hypernym,butt
gun,hypernym,arm
gun,hyponym,piece
gun,part_meronym,clip
gun,part_meronym,magazine
gun,part_meronym,barrel
gun,part_meronym,muzzle
gun,hypernym,pump
gun,hypernym,pedal
gun,part_holonym,airplane
gun,part_holonym,plane
gun,part_holonym,car
gun,part_holonym,automobile
gun,part_holonym,machine
dogs,hyponym,toy
dogs,hyponym,puppy
dogs,synonym,dog
dogs,part_meronym,flag
dogs,synonym,heel
dogs,hypernym,sausage
dogs,synonym,hotdog
dogs,part_holonym,hotdog
dogs,hypernym,stop
dogs,hypernym,support
hydrant,hypernym,faucet
hydrant,synonym,tap
hydrant,hyponym,plug
divider,hypernym,person
divider,hypernym,someone
divider,hypernym,structure
divider,hyponym,wall
divider,hyponym,screen
divider,synonym,partition
jug,hypernym,bottle
trains,synonym,train
trains,synonym,string
trains,part_holonym,gown
trains,synonym,gear
trains,part_holonym,engine
zipper,part_holonym,trouser
zipper,part_holonym,pant
zipper,part_holonym,cardigan
zipper,part_holonym,dress
zipper,part_holonym,skirt
hills,hyponym,mound
hills,synonym,hill
hills,part_meronym,hillside
hills,hypernym,structure
hills,synonym,mound
hills,part_holonym,diamond
corn,hypernym,cereal
corn,part_meronym,ear
corn,part_meronym,corn
corn,hypernym,grain
corn,part_holonym,corn
wrapper,hypernym,covering
wrapper,hyponym,jacket
wrapper,hyponym,envelope
wrapper,synonym,wrap
heads,synonym,head
heads,part_meronym,skull
heads,part_meronym,face
heads,part_meronym,ear
heads,part_meronym,muzzle
heads,part_holonym,body
heads,part_holonym,animal
heads,hypernym,top
heads,hypernym,word
heads,hypernym,point
heads,hypernym,tip
heads,hypernym,peak
heads,hyponym,point
heads,hypernym,object
heads,hypernym,foam
heads,hypernym,front
heads,hypernym,mark
heads,synonym,point
heads,part_holonym,arrow
heads,hypernym,line
heads,hypernym,structure
heads,part_holonym,ram
heads,hypernym,toilet
heads,hypernym,can
heads,hypernym,bathroom
heads,part_holonym,pin
heads,part_holonym,bolt
heads,part_holonym,screw
heads,part_holonym,nail
heads,part_holonym,drum
sail,synonym,canvas
sail,synonym,sheet
sail,hypernym,structure
facade,hypernym,front
pad,hypernym,paper
pad,synonym,tablet
pad,hypernym,leaf
pad,hypernym,foliage
pad,hypernym,block
pad,hypernym,padding
pad,hyponym,mattress
pad,hyponym,panel
pad,hyponym,mat
pad,hypernym,platform
pad,hypernym,structure
pad,part_holonym,paw
pad,part_holonym,finger
jeep,hypernym,car
jeep,hypernym,automobile
jeep,hypernym,machine
r,hypernym,letter
spoons,hypernym,container
spoons,synonym,spoon
spoons,hypernym,wood
shakers,hypernym,person
shakers,hypernym,someone
shakers,synonym,shaker
shakers,hypernym,container
tarmac,hypernym,pavement
scoreboard,hypernym,signboard
scoreboard,hypernym,sign
scoreboard,hypernym,board
x,hypernym,letter
boy,hypernym,male
boy,hypernym,man
hedge,hypernym,fence
hedge,hypernym,fencing
shrimp,part_holonym,shrimp
shrimp,part_meronym,shrimp
manhole,hypernym,hole
trail,hypernym,path
trail,hypernym,track
trail,hyponym,slot
trail,synonym,track
eyebrow,hypernym,hair
eyebrow,part_holonym,face
hotdog,hypernym,sandwich
hotdog,part_meronym,hotdog
hotdog,part_meronym,dog
hotdog,hypernym,sausage
hotdog,synonym,dog
hotdog,part_holonym,hotdog
donuts,synonym,doughnut
donuts,synonym,donut
scooter,hypernym,vessel
fruit,hyponym,seed
fruit,hyponym,berry
fruit,hyponym,ear
fruit,hyponym,olive
fruit,hyponym,hip
card,hypernym,paper
card,hypernym,cardboard
card,hypernym,sign
card,synonym,poster
card,synonym,bill
card,hypernym,book
card,hypernym,bill
card,synonym,menu
card,hypernym,roll
card,synonym,board
inside,hypernym,part
inside,synonym,interior
inside,hypernym,surface
inside,hyponym,belly
tooth,hyponym,tusk
tooth,part_meronym,stump
tooth,part_meronym,crown
tooth,part_holonym,comb
tooth,hypernym,structure
tooth,part_holonym,gear
burners,synonym,burner
piano,part_meronym,keyboard
relish,hypernym,condiment
relish,hyponym,olive
relish,hyponym,pickle
relish,hyponym,lemon
stop,hyponym,stand
stop,hypernym,place
stop,hypernym,spot
stop,synonym,point
stop,hypernym,knob
stop,part_holonym,camera
stop,hyponym,dog
stop,hyponym,plug
stop,synonym,block
island,hypernym,land
island,hypernym,ground
railroad,hypernym,line
railroad,hyponym,rail
railroad,hyponym,tube
railroad,hyponym,subway
railroad,synonym,railway
railroad,hypernym,track
railroad,hyponym,switch
railroad,hyponym,siding
railroad,part_meronym,tie
railroad,part_meronym,track
railroad,part_meronym,rail
railroad,part_meronym,rails
railroad,part_meronym,runway
railroad,part_holonym,line
locomotive,synonym,engine
locomotive,part_meronym,fender
locomotive,part_meronym,pilot
bat,part_meronym,wing
bat,hypernym,racket
bat,hypernym,racquet
bat,part_meronym,handle
bat,part_meronym,grip
bat,hyponym,paddle
fingers,hyponym,thumb
fingers,synonym,finger
fingers,part_meronym,pad
fingers,part_meronym,fingernail
fingers,part_holonym,hand
fingers,part_holonym,mitt
fingers,part_holonym,paw
fingers,hypernym,covering
fingers,part_holonym,glove
toppings,hypernym,garnish
toppings,hyponym,frosting
toppings,hyponym,icing
toppings,hyponym,ice
toppings,hyponym,glaze
toppings,synonym,topping
toppings,part_holonym,dish
rectangle,hyponym,square
rectangle,hyponym,box
horses,hyponym,pony
horses,hyponym,plug
horses,hyponym,poster
horses,synonym,horse
bin,hypernym,container
bin,hypernym,number
peel,hyponym,jacket
peel,synonym,skin
graffiti,hypernym,decoration
graffiti,hypernym,ornament
meter,synonym,m
meter,hyponym,foot
meter,synonym,time
dryer,hypernym,appliance
bead,hypernym,molding
nose,hyponym,snout
nose,hyponym,beak
nose,hyponym,nozzle
nose,part_meronym,bridge
nose,part_meronym,nostril
nose,part_holonym,face
nose,hypernym,front
nose,part_holonym,aircraft
nose,hypernym,symbol
nose,hypernym,spout
nose,synonym,nozzle
sedan,hypernym,car
sedan,hypernym,automobile
sedan,hypernym,machine
sedan,hypernym,litter
wallet,hypernym,case
seed,hypernym,fruit
seed,hyponym,bean
seed,hyponym,grain
seed,hyponym,nut
seed,hyponym,coffee
seed,part_meronym,meat
seed,hypernym,player
sugar,synonym,bread
sugar,synonym,cabbage
sugar,synonym,dough
sugar,synonym,lettuce
poster,hypernym,sign
poster,synonym,bill
poster,synonym,card
poster,hypernym,worker
poster,hypernym,horse
background,hypernym,view
background,hypernym,scene
background,synonym,ground
background,hypernym,information
background,hyponym,canvas
background,hypernym,screen
background,synonym,desktop
shelf,hypernym,support
shelf,hyponym,bookshelf
shelf,hyponym,mantle
shelf,part_holonym,closet
shelf,part_holonym,market
shelf,part_holonym,bookcase
shelf,part_holonym,cabinet
shelf,part_holonym,counter
shelf,part_holonym,chest
shelf,part_holonym,dresser
shelf,hypernym,ridge
shelf,synonym,ledge
vanity,hypernym,table
vanity,synonym,dresser
pumpkin,hypernym,squash
pumpkin,part_meronym,pumpkin
pumpkin,hypernym,vegetable
pumpkin,hypernym,veggie
pumpkin,part_holonym,pumpkin
shrubbery,hypernym,area
shrubbery,hypernym,vegetation
cabin,hypernym,compartment
cabin,part_holonym,liner
cabin,hypernym,house
cabin,part_holonym,aircraft
rocks,hyponym,sill
rocks,hyponym,pebble
rocks,hyponym,boulder
rocks,synonym,rock
rocks,synonym,stone
rocks,hypernym,material
rocks,hypernym,stuff
rocks,hyponym,gravel
rocks,hypernym,candy
bib,part_holonym,apron
bib,hypernym,napkin
supports,synonym,support
supports,hyponym,base
supports,hyponym,foot
supports,hyponym,pedestal
supports,hypernym,part
supports,hypernym,device
supports,hyponym,shelf
supports,hyponym,hanger
supports,hyponym,bar
supports,hyponym,stirrup
supports,hyponym,harness
supports,hyponym,pier
supports,hyponym,step
supports,hyponym,stair
supports,hyponym,seat
supports,hyponym,stand
supports,hyponym,dog
supports,hyponym,bridge
supports,hyponym,back
supports,hyponym,leg
supports,hyponym,brace
supports,hyponym,rack
supports,hyponym,bracket
supports,hyponym,spoke
pile,hyponym,stack
pile,synonym,mound
pile,synonym,lot
pile,synonym,mountain
pile,synonym,pot
pile,synonym,raft
pile,synonym,stack
pile,hypernym,hair
pile,synonym,down
pile,hypernym,column
pile,hypernym,pillar
pile,hypernym,thread
pile,hypernym,yarn
swan,hyponym,pen
objects,hyponym,head
objects,hyponym,unit
objects,hyponym,ice
objects,hyponym,stuff
objects,hyponym,part
objects,hyponym,portion
objects,hyponym,moon
objects,hyponym,wall
objects,hyponym,ribbon
objects,hyponym,thread
objects,hyponym,land
objects,hyponym,ground
objects,hyponym,vehicle
objects,hyponym,lot
objects,hyponym,soil
objects,synonym,object
objects,hypernym,goal
objects,hypernym,end
objects,hyponym,thing
objects,hyponym,business
objects,hyponym,point
objects,hyponym,center
blankets,hypernym,bedding
blankets,synonym,blanket
blankets,synonym,cover
blankets,hypernym,covering
blankets,hypernym,cover
blankets,synonym,mantle
blankets,hypernym,layer
blankets,hypernym,bed
drawer,hypernym,container
drawer,part_meronym,lock
drawer,part_holonym,counter
drawer,part_holonym,desk
drawer,part_holonym,chest
drawer,part_holonym,dresser
pylon,hypernym,tower
eyeglasses,hyponym,goggles
eyeglasses,hyponym,sunglasses
eyeglasses,hyponym,shades
eyeglasses,synonym,glasses
eyeglasses,part_meronym,bridge
eyeglasses,part_holonym,frame
eyeglasses,hypernym,lens
rack,hyponym,carrier
rack,synonym,wheel
rack,hypernym,support
rack,hyponym,tripod
rack,synonym,stand
blade,hypernym,leaf
blade,hypernym,foliage
blade,hypernym,ribbon
blade,hypernym,thread
blade,hypernym,arm
blade,synonym,brand
blade,synonym,steel
blade,part_meronym,point
blade,part_meronym,tip
blade,part_meronym,peak
blade,part_meronym,blade
blade,hypernym,structure
blade,hypernym,runner
blade,hyponym,paddle
blade,part_holonym,propeller
blade,part_holonym,helicopter
blade,part_holonym,oar
blade,part_holonym,blade
blade,part_holonym,brand
blade,part_holonym,steel
blade,part_holonym,spatula
blade,part_holonym,scissors
blade,part_holonym,knife
seating,hypernym,room
seating,hyponym,circle
seating,hyponym,stall
seating,synonym,seats
dishes,hypernym,container
dishes,hyponym,bowl
dishes,hyponym,boat
dishes,synonym,dish
dishes,hyponym,soup
dishes,hyponym,pasta
dishes,hyponym,salad
dishes,hyponym,cake
dishes,hyponym,pizza
dishes,part_meronym,topping
dishes,part_meronym,sauce
dishes,part_holonym,meal
dishes,hypernym,woman
dishes,synonym,peach
dishes,synonym,saucer
dishes,synonym,bag
mitt,hyponym,right
mitt,hyponym,left
mitt,synonym,hand
mitt,synonym,paw
mitt,part_meronym,finger
mitt,part_meronym,palm
mitt,part_meronym,ball
mitt,part_holonym,arm
mitt,part_holonym,man
mitt,part_holonym,human
mitt,synonym,glove
butter,hypernym,food
butter,hyponym,stick
needle,part_meronym,point
needle,part_meronym,eye
flag,hypernym,emblem
flag,hyponym,colors
flag,hyponym,banner
flag,hyponym,streamer
flag,synonym,pin
flag,hypernym,tail
flag,part_holonym,deer
flag,part_holonym,dog
peppers,synonym,pepper
peppers,part_meronym,pepper
peppers,hypernym,shrub
peppers,hypernym,bush
peppers,hypernym,seasoning
peppers,part_holonym,pepper
drawers,synonym,shorts
drawers,synonym,pants
drawers,hypernym,container
drawers,synonym,drawer
drawers,part_meronym,lock
drawers,part_holonym,counter
drawers,part_holonym,desk
drawers,part_holonym,chest
drawers,part_holonym,dresser
hoof,hypernym,foot
hoof,part_meronym,toe
hoof,part_meronym,hoof
hoof,part_holonym,hoof
train,synonym,string
train,part_holonym,gown
train,synonym,gear
train,part_holonym,engine
bank,hypernym,slope
bank,hypernym,side
bank,hypernym,ridge
bank,hypernym,container
cape,hypernym,land
cape,hypernym,ground
cape,hyponym,tongue
cape,synonym,mantle
bench,hypernym,seat
bench,hyponym,pew
bench,part_holonym,court
bench,part_holonym,team
lamps,hyponym,taillight
lamps,hyponym,candle
lamps,hyponym,lantern
lamps,hyponym,spot
lamps,hyponym,streetlight
lamps,synonym,lamp
lamps,hypernym,furniture
lamps,part_meronym,base
lamps,part_meronym,lampshade
snout,hypernym,nose
snout,hyponym,trunk
snout,part_holonym,muzzle
snout,synonym,beak
snout,synonym,nozzle
short,part_holonym,diamond
bolts,synonym,bolt
bolts,hypernym,bar
bolts,part_holonym,lock
bolts,synonym,dash
bolts,hypernym,roll
bolts,hypernym,screw
bolts,part_meronym,head
dots,hypernym,disk
dots,hypernym,disc
dots,hypernym,saucer
dots,synonym,point
dots,synonym,dot
dots,synonym,pane
gravy,hypernym,sauce
gravy,hypernym,juice
wrinkles,synonym,wrinkle
wrinkles,synonym,crease
wrinkles,synonym,seam
wrinkles,synonym,line
wrinkles,part_holonym,skin
sweatband,hypernym,band
holder,hyponym,keyboard
holder,hyponym,pin
holder,hyponym,officer
stool,hypernym,seat
stool,hyponym,ottoman
stool,hyponym,dirt
stool,hypernym,stump
stool,synonym,toilet
stool,synonym,can
stool,synonym,pot
stool,part_holonym,bathroom
stool,part_holonym,toilet
stool,part_holonym,can
ornament,hyponym,molding
ornament,hyponym,fin
ornament,hyponym,garnish
ornament,hyponym,graffiti
ornament,hyponym,bow
ornament,hyponym,rivet
ornament,hyponym,design
ornament,hyponym,pattern
ornament,hyponym,figure
ornament,hyponym,knob
ornament,synonym,decoration
slippers,hypernym,person
slippers,hypernym,someone
slippers,hyponym,snowboarder
cord,hypernym,line
cord,hyponym,string
cord,hyponym,lace
cord,hyponym,thread
cord,hyponym,yarn
cord,hyponym,tie
cord,hyponym,lanyard
cord,hypernym,conductor
cord,hypernym,fabric
cord,hypernym,cloth
cord,hypernym,material
string,hypernym,cord
string,synonym,train
string,hypernym,tie
string,hyponym,beads
string,hypernym,necklace
string,synonym,chain
chin,part_meronym,goatee
chin,part_holonym,face
meal,hyponym,lunch
meal,hyponym,tea
meal,hyponym,snack
meal,hyponym,breakfast
meal,hyponym,dinner
meal,part_meronym,portion
meal,part_meronym,sandwich
meal,part_meronym,dish
pocket,synonym,sack
pocket,hypernym,space
pocket,hypernym,people
pocket,hypernym,opening
pocket,hypernym,gap
outlet,hyponym,shop
outlet,hyponym,store
outlet,hyponym,center
outlet,hyponym,market
outlet,hyponym,point
outlet,hypernym,opening
outlet,synonym,vent
dress,hyponym,gown
dress,hyponym,sack
dress,part_meronym,zipper
dress,hypernym,clothing
dress,hyponym,costume
dress,hyponym,outfit
dress,synonym,clothes
toothbrush,hypernym,brush
toothbrush,hypernym,mustache
toothbrush,hypernym,moustache
tines,part_holonym,fork
bean,part_holonym,bean
bean,hypernym,seed
bean,part_meronym,bean
bean,synonym,noodle
bean,synonym,dome
floret,hypernym,flower
pant,hyponym,white
pant,hyponym,slacks
pant,hyponym,cords
pant,hyponym,jean
pant,hyponym,shorts
pant,hyponym,trunks
pant,synonym,trouser
pant,part_meronym,zipper
pant,part_meronym,trouser
pant,part_meronym,lap
pant,part_meronym,leg
pant,part_meronym,seat
posters,hypernym,sign
posters,synonym,poster
posters,synonym,bill
posters,synonym,card
posters,hypernym,worker
posters,hypernym,horse
jackets,hypernym,coat
jackets,hyponym,sack
jackets,hyponym,blazer
jackets,synonym,jacket
jackets,hypernym,wrap
jackets,hypernym,wrapper
jackets,synonym,crown
jackets,synonym,cap
jackets,hypernym,peel
jackets,hypernym,skin
jackets,part_holonym,potato
jackets,hypernym,shell
jackets,hypernym,case
enclosure,hypernym,area
enclosure,hyponym,lock
enclosure,hyponym,pen
enclosure,hyponym,cage
enclosure,hyponym,yard
enclosure,hyponym,dock
enclosure,hypernym,space
enclosure,hypernym,papers
cereal,hypernym,grass
cereal,hyponym,corn
cereal,hyponym,grain
cereal,hyponym,rice
cereal,synonym,grain
building,hypernym,structure
building,hyponym,skyscraper
building,hyponym,hotel
building,hyponym,gazebo
building,hyponym,house
building,hyponym,restaurant
building,hyponym,center
building,part_meronym,floor
building,part_meronym,frame
building,part_meronym,stairway
building,part_meronym,staircase
building,part_meronym,wall
building,part_meronym,window
building,part_meronym,court
building,part_meronym,courtyard
building,part_meronym,room
building,part_meronym,corner
building,part_meronym,lift
building,part_meronym,wing
building,part_meronym,roof
building,hypernym,business
building,part_meronym,painting
building,part_meronym,plumbing
coffee,hypernym,beverage
coffee,hypernym,drink
coffee,hypernym,tree
coffee,part_meronym,coffee
coffee,hypernym,seed
coffee,part_holonym,coffee
coffee,hypernym,brown
coffee,synonym,chocolate
boats,hypernym,vessel
boats,hyponym,tower
boats,hyponym,packet
boats,synonym,boat
boats,hypernym,dish
breakfast,hypernym,meal
buns,synonym,butt
buns,synonym,backside
buns,synonym,can
buns,synonym,rear
buns,synonym,seat
buns,synonym,tail
buns,synonym,bottom
buns,part_holonym,torso
buns,part_holonym,trunk
buns,part_holonym,body
buns,hypernym,bread
buns,hyponym,bagel
buns,synonym,bun
buns,synonym,roll
date,hypernym,day
date,hypernym,point
boot,part_meronym,tongue
boot,part_meronym,counter
boot,part_meronym,heel
boot,part_meronym,collar
boot,hypernym,trunk
boot,hypernym,shell
boot,hypernym,case
motorcycles,hyponym,motorbike
motorcycles,synonym,motorcycle
motorcycles,synonym,bike
motorcycles,part_meronym,kickstand
dude,hypernym,man
ear,part_holonym,head
ear,hypernym,fruit
ear,part_holonym,corn
tusk,hypernym,tooth
tusk,part_holonym,elephant
pillars,synonym,pillar
pillars,hypernym,shape
pillars,synonym,column
pillars,synonym,tower
pillars,hypernym,structure
pillars,hyponym,pile
pillars,part_meronym,pedestal
pillars,part_meronym,cap
tops,hypernym,part
tops,hyponym,crown
tops,hyponym,cap
tops,hyponym,head
tops,synonym,top
tops,hypernym,side
tops,hypernym,face
tops,hyponym,rooftop
tops,hyponym,crest
tops,hyponym,desktop
tops,hypernym,place
tops,hypernym,spot
tops,synonym,peak
tops,synonym,crown
tops,synonym,crest
tops,synonym,tip
tops,part_holonym,frame
tops,hypernym,stage
tops,hypernym,point
tops,hypernym,platform
tops,part_holonym,ship
tops,hypernym,toy
tops,hypernym,covering
tops,hyponym,lid
tops,synonym,cover
tops,hyponym,blouse
tops,hypernym,canvas
caps,synonym,cap
caps,hypernym,top
caps,hypernym,cover
caps,hyponym,hubcap
caps,hypernym,covering
caps,synonym,hood
caps,part_holonym,plant
caps,hypernym,control
caps,synonym,ceiling
caps,synonym,roof
caps,synonym,crown
caps,synonym,jacket
caps,part_holonym,column
caps,part_holonym,pillar
screen,hypernym,surface
screen,hyponym,shutter
screen,hyponym,curtain
screen,hyponym,drape
screen,hyponym,mantle
screen,synonym,blind
screen,hypernym,display
screen,hyponym,background
screen,hyponym,desktop
screen,part_meronym,foreground
screen,hypernym,covering
screen,hyponym,blind
screen,synonym,cover
screen,hyponym,windshield
screen,part_holonym,screen
screen,hypernym,door
screen,part_meronym,screen
screen,hypernym,partition
screen,hypernym,divider
tree,hyponym,coffee
tree,hyponym,lime
tree,hyponym,palm
tree,part_meronym,stump
tree,part_meronym,crown
tree,part_meronym,limb
tree,part_meronym,trunk
shelves,hypernym,support
shelves,hyponym,bookshelf
shelves,hyponym,mantle
shelves,synonym,shelf
shelves,part_holonym,closet
shelves,part_holonym,market
shelves,part_holonym,bookcase
shelves,part_holonym,cabinet
shelves,part_holonym,counter
shelves,part_holonym,chest
shelves,part_holonym,dresser
shelves,hypernym,ridge
shelves,synonym,ledge
dandelion,hypernym,herb
mushrooms,synonym,mushroom
mushrooms,hypernym,cloud
mushrooms,hypernym,vegetable
mushrooms,hypernym,veggie
headlight,hypernym,light
printer,hypernym,printer
printer,hypernym,machine
printer,hyponym,printer
produce,hypernym,food
produce,hyponym,vegetable
produce,hyponym,veggie
slab,hypernym,block
slab,hyponym,tablet
slab,hyponym,tile
toilets,hypernym,room
toilets,hyponym,restroom
toilets,hyponym,closet
toilets,hyponym,head
toilets,synonym,toilet
toilets,synonym,can
toilets,synonym,bathroom
toilets,part_meronym,toilet
toilets,part_meronym,can
toilets,part_meronym,pot
toilets,part_meronym,stool
toilets,synonym,pot
toilets,synonym,stool
toilets,part_holonym,bathroom
toilets,part_holonym,toilet
toilets,part_holonym,can
toilets,synonym,gutter
toilets,hypernym,dressing
straps,synonym,strap
straps,part_holonym,luggage
straps,hypernym,hanger
straps,hypernym,band
straps,part_holonym,teddy
straps,part_holonym,brace
balls,hyponym,baseball
balls,hyponym,bowl
balls,synonym,ball
balls,synonym,globe
balls,synonym,nut
balls,synonym,egg
balls,hypernym,toy
balls,synonym,clump
balls,hypernym,structure
balls,part_holonym,sole
balls,part_holonym,hand
balls,part_holonym,mitt
balls,part_holonym,paw
balls,hypernym,baseball
daytime,synonym,day
daytime,part_holonym,day
banana,hypernym,herb
waist,hypernym,area
waist,part_holonym,torso
waist,part_holonym,trunk
waist,part_holonym,body
waist,hypernym,part
waist,hypernym,portion
waist,part_holonym,sole
signs,synonym,sign
signs,synonym,mark
signs,hyponym,poster
signs,hyponym,bill
signs,hyponym,card
signs,hyponym,signpost
signs,hyponym,indicator
signs,hyponym,symbol
signs,hyponym,beam
signs,hyponym,number
signs,synonym,signal
signs,hypernym,structure
signs,hyponym,scoreboard
signs,hyponym,billboard
signs,hyponym,shingle
signs,synonym,signboard
signs,hypernym,part
signs,synonym,house
mat,hyponym,canvas
mat,hypernym,pad
mat,hyponym,mousepad
chalk,hypernym,white
chalk,synonym,glass
chalk,synonym,ice
chalk,synonym,trash
limbs,hyponym,leg
limbs,hyponym,arm
limbs,hyponym,forearm
limbs,hyponym,thigh
limbs,synonym,limb
limbs,part_meronym,stump
limbs,hypernym,branch
limbs,hyponym,stick
limbs,part_holonym,tree
limbs,hypernym,edge
limbs,hypernym,border
limbs,hypernym,part
limbs,hypernym,portion
limbs,part_holonym,bow
limbs,synonym,arm
limbs,synonym,branch
edges,hyponym,limb
edges,synonym,edge
edges,synonym,border
edges,hypernym,line
edges,hyponym,fringe
edges,hyponym,border
edges,hyponym,rim
edges,hypernym,side
edges,hyponym,brim
edges,hyponym,lip
edges,hyponym,curb
edges,hyponym,molding
edges,hyponym,shoulder
edges,hyponym,roadside
aircraft,part_meronym,nose
aircraft,part_meronym,frame
aircraft,part_meronym,cockpit
aircraft,part_meronym,skin
aircraft,part_meronym,cabin
lap,hypernym,thigh
lap,hypernym,area
lap,hypernym,field
lap,part_holonym,trouser
lap,part_holonym,pant
lap,part_holonym,skirt
lap,hypernym,flap
lap,hyponym,cuff
lap,hyponym,lapel
lap,synonym,circle
vessel,hypernym,tube
vessel,hyponym,ship
vessel,hyponym,yacht
vessel,hyponym,boat
vessel,hyponym,scooter
vessel,part_meronym,bow
vessel,part_meronym,stem
vessel,hypernym,container
vessel,hyponym,pot
vessel,hyponym,barrel
vessel,hyponym,bathtub
vessel,hyponym,tub
vessel,hyponym,jar
vessel,hyponym,bottle
vessel,hyponym,tin
vessel,hyponym,bowl
vessel,hyponym,drum
vessel,hyponym,pitcher
vessel,hyponym,tank
vessel,hyponym,basin
vessel,hyponym,bucket
vessel,hyponym,pail
vessel,part_meronym,base
vessel,part_meronym,brim
vessel,part_meronym,rim
vessel,part_meronym,lip
pipes,hypernym,tube
pipes,synonym,pipe
pipes,part_meronym,bowl
pipes,part_meronym,stem
pipes,hyponym,drain
pipes,hyponym,line
pipes,hyponym,elbow
pipes,part_meronym,spout
pipes,synonym,tube
skillet,hypernym,pan
skillet,part_meronym,handle
skillet,part_meronym,grip
paddle,hypernym,bat
paddle,hypernym,blade
paddle,hypernym,oar
finger,hyponym,thumb
finger,part_meronym,pad
finger,part_meronym,fingernail
finger,part_holonym,hand
finger,part_holonym,mitt
finger,part_holonym,paw
finger,hypernym,covering
finger,part_holonym,glove
carpeting,hyponym,runner
carpeting,synonym,rug
carpeting,synonym,carpet
leash,hypernym,figure
leash,synonym,three
leash,synonym,3
leash,synonym,collar
fry,hyponym,monkey
fry,hyponym,toddler
fry,synonym,child
fry,synonym,kid
decoration,hyponym,molding
decoration,hyponym,fin
decoration,hyponym,garnish
decoration,hyponym,graffiti
decoration,hyponym,bow
decoration,hyponym,rivet
decoration,hyponym,design
decoration,hyponym,pattern
decoration,hyponym,figure
decoration,hyponym,knob
decoration,synonym,ornament
decoration,synonym,palm
decoration,synonym,ribbon
decoration,hyponym,tattoo
decoration,hyponym,marking
cherry,hypernym,wood
cherry,part_meronym,cherry
cherry,part_holonym,cherry
cherry,hypernym,red
canal,part_meronym,lock
archway,hypernym,entrance
archway,hypernym,entryway
archway,synonym,arch
archway,part_holonym,wall
toys,hyponym,doll
toys,hyponym,top
toys,hyponym,ball
toys,hyponym,teddy
toys,hyponym,slide
toys,hyponym,balloon
toys,hyponym,kite
toys,synonym,toy
toys,hypernym,device
toys,hypernym,dog
eagle,hypernym,emblem
color,hyponym,shade
color,hypernym,material
color,hypernym,stuff
color,hyponym,indicator
color,hyponym,paint
color,hyponym,stain
tin,hypernym,metal
tin,hypernym,vessel
tin,hypernym,container
tin,synonym,canister
tin,synonym,can
barricade,hypernym,barrier
planes,hyponym,jet
planes,synonym,airplane
planes,synonym,plane
planes,part_meronym,fuselage
planes,part_meronym,windshield
planes,part_meronym,gun
planes,part_meronym,wing
planes,part_meronym,hood
planes,hypernym,shape
planes,synonym,sheet
planes,hypernym,stage
planes,hypernym,point
diamond,hyponym,ice
diamond,part_meronym,base
diamond,part_meronym,bag
diamond,part_meronym,mound
diamond,part_meronym,hill
diamond,part_meronym,short
diamond,part_holonym,diamond
diamond,hypernym,field
diamond,part_meronym,box
diamond,part_meronym,diamond
diamond,part_meronym,outfield
diamond,part_holonym,park
waters,hypernym,liquid
waters,synonym,water
waters,hypernym,thing
waters,hyponym,stream
waters,hyponym,pool
waters,hyponym,puddle
waters,hyponym,drink
waters,hyponym,sea
waters,hyponym,lake
waters,hyponym,ocean
waters,part_holonym,surface
waters,part_holonym,base
waters,hypernym,food
stream,hypernym,water
stream,hyponym,branch
stream,hyponym,river
stream,hypernym,line
fur,hyponym,fox
fur,hypernym,coat
ram,hypernym,person
ram,hypernym,someone
ram,hypernym,tool
ram,part_meronym,head
ram,hypernym,sheep
ram,part_meronym,horn
exhaust,part_meronym,muffler
rope,hypernym,line
rope,hyponym,brace
rope,hyponym,cable
rope,synonym,circle
gown,hypernym,dress
gown,part_meronym,train
gown,synonym,robe
jar,hypernym,vessel
jar,hyponym,vase
jar,part_meronym,lid
jar,part_meronym,mouth
lane,hypernym,path
spray,hypernym,dispenser
spray,hypernym,jet
hotel,hypernym,building
hotel,hyponym,court
bicycle,synonym,bike
bicycle,synonym,wheel
bicycle,synonym,cycle
bicycle,part_meronym,chain
bicycle,part_meronym,handlebar
bicycle,part_meronym,saddle
bicycle,part_meronym,kickstand
bicycle,part_meronym,pedal
donkey,hypernym,emblem
piece,hypernym,part
piece,hypernym,portion
piece,hyponym,beam
piece,hypernym,item
piece,hypernym,thing
piece,hyponym,base
piece,hyponym,corner
piece,hyponym,slice
piece,hyponym,strip
piece,synonym,part
piece,part_holonym,unit
piece,hypernym,case
piece,hypernym,gun
piece,part_meronym,lock
piece,synonym,slice
piece,hypernym,distance
piece,hypernym,time
piece,synonym,patch
piece,hyponym,black
piece,hyponym,tile
piece,hyponym,white
piece,synonym,man
skier,hypernym,athlete
goats,hyponym,kid
goats,synonym,goat
goats,part_meronym,beard
goats,part_meronym,horn
goats,synonym,butt
goats,hypernym,person
goats,hypernym,someone
hand,hyponym,right
hand,hyponym,left
hand,synonym,mitt
hand,synonym,paw
hand,part_meronym,finger
hand,part_meronym,palm
hand,part_meronym,ball
hand,part_holonym,arm
hand,part_holonym,man
hand,part_holonym,human
hand,hyponym,groom
hand,hypernym,writing
hand,hypernym,side
columns,synonym,column
columns,hypernym,tube
columns,hypernym,shape
columns,synonym,tower
columns,synonym,pillar
columns,part_holonym,newspaper
columns,part_holonym,paper
columns,hypernym,structure
columns,hyponym,pile
columns,part_meronym,pedestal
columns,part_meronym,cap
columns,hypernym,text
breast,synonym,chest
breast,part_holonym,chest
breast,hypernym,portion
breast,part_holonym,chicken
breast,part_holonym,turkey
milk,hypernym,beverage
milk,hypernym,drink
suitcase,hypernym,luggage
suitcase,synonym,bag
suitcase,synonym,grip
desk,hypernym,table
desk,part_meronym,drawer
letter,hypernym,text
letter,part_meronym,line
letter,hypernym,character
letter,hyponym,he
letter,hyponym,e
letter,hyponym,n
letter,hyponym,r
letter,hyponym,a
letter,hyponym,m
letter,hyponym,p
letter,hyponym,x
letter,hyponym,t
letter,hyponym,s
letter,hyponym,w
letter,hyponym,o
pin,hypernym,marker
pin,hypernym,marking
pin,hypernym,mark
pin,hypernym,number
pin,hypernym,leg
pin,synonym,stick
pin,synonym,flag
pin,hyponym,rivet
pin,part_meronym,point
pin,part_meronym,head
pin,part_meronym,stem
pin,hypernym,holder
outdoors,hypernym,outside
outdoors,synonym,open
kickstand,hypernym,rod
kickstand,part_holonym,motorcycle
kickstand,part_holonym,bike
kickstand,part_holonym,bicycle
kickstand,part_holonym,wheel
kickstand,part_holonym,cycle
clasp,part_holonym,bracelet
clasp,part_holonym,bag
clasp,part_holonym,handbag
clasp,part_holonym,purse
clasp,synonym,grip
iron,hypernym,metal
support,hyponym,base
support,hyponym,foot
support,hyponym,pedestal
support,hypernym,part
support,hypernym,device
support,hyponym,shelf
support,hyponym,hanger
support,hyponym,bar
support,hyponym,stirrup
support,hyponym,harness
support,hyponym,pier
support,hyponym,step
support,hyponym,stair
support,hyponym,seat
support,hyponym,stand
support,hyponym,dog
support,hyponym,bridge
support,hyponym,back
support,hyponym,leg
support,hyponym,brace
support,hyponym,rack
support,hyponym,bracket
support,hyponym,spoke
heart,synonym,pump
heart,part_meronym,valve
heart,hypernym,area
heart,hyponym,seat
heart,synonym,center
heart,synonym,middle
heart,synonym,eye
heart,hyponym,stuff
heart,synonym,meat
strawberry,hypernym,berry
strawberry,hypernym,herb
bottles,hypernym,vessel
bottles,hyponym,jug
bottles,synonym,bottle
bottles,part_meronym,mouth
foliage,hyponym,pad
foliage,hyponym,greenery
foliage,hyponym,pitcher
foliage,hyponym,scale
foliage,hyponym,blade
foliage,synonym,leaf
crumbs,synonym,crumb
right,hyponym,floor
right,hypernym,place
right,part_holonym,outfield
right,hypernym,hand
right,hypernym,mitt
right,hypernym,paw
racket,hyponym,bat
racket,synonym,racquet
racket,part_meronym,handle
racket,part_meronym,grip
racket,part_meronym,face
pillow,hypernym,cushion
lamp,hyponym,taillight
lamp,hyponym,candle
lamp,hyponym,lantern
lamp,hyponym,spot
lamp,hyponym,streetlight
lamp,hypernym,furniture
lamp,part_meronym,base
lamp,part_meronym,lampshade
skiers,hypernym,athlete
skiers,synonym,skier
newspaper,hyponym,rag
newspaper,hyponym,sheet
newspaper,synonym,paper
newspaper,part_meronym,column
newspaper,part_meronym,strip
newspaper,hypernym,paper
ottoman,hypernym,seat
ottoman,hypernym,stool
forehead,part_holonym,face
glaze,hypernym,topping
automobile,hyponym,wagon
automobile,hyponym,jeep
automobile,hyponym,sedan
automobile,hyponym,cab
automobile,hyponym,taxi
automobile,hyponym,minivan
automobile,hyponym,bus
automobile,synonym,car
automobile,synonym,machine
automobile,part_meronym,bumper
automobile,part_meronym,window
automobile,part_meronym,fin
automobile,part_meronym,hood
automobile,part_meronym,trunk
automobile,part_meronym,roof
automobile,part_meronym,horn
automobile,part_meronym,fender
automobile,part_meronym,wing
automobile,part_meronym,gun
bud,hypernym,flower
nut,hypernym,seed
nut,hyponym,mast
nut,hypernym,block
nut,synonym,ball
nut,synonym,egg
horizon,hypernym,line
horizon,synonym,skyline
horizon,hypernym,range
horizon,synonym,view
pavement,hyponym,asphalt
pavement,hyponym,concrete
pavement,hyponym,tarmac
pavement,hypernym,walk
pavement,hypernym,walkway
pavement,synonym,sidewalk
border,hypernym,edge
border,hyponym,lip
border,hyponym,limb
border,synonym,edge
border,synonym,molding
onions,hypernym,bulb
onions,synonym,onion
onions,part_holonym,onion
onions,part_meronym,onion
onions,hypernym,vegetable
onions,hypernym,veggie
cooler,hypernym,refrigerator
cooler,hypernym,beverage
cooler,hypernym,drink
cooler,synonym,tank
barrier,hyponym,handrail
barrier,hyponym,barricade
barrier,hyponym,fender
barrier,hyponym,wing
barrier,hyponym,fence
barrier,hyponym,fencing
barrier,hyponym,railing
barrier,hyponym,rail
barrier,hyponym,grate
barrier,hyponym,bar
barrier,hyponym,curtain
camera,part_meronym,magazine
camera,part_meronym,hood
camera,part_meronym,stop
camera,part_meronym,shutter
clay,hypernym,soil
clay,hypernym,dirt
clay,synonym,mud
clay,hypernym,body
clear,hypernym,area
clear,synonym,open
hands,synonym,men
hands,hyponym,right
hands,hyponym,left
hands,synonym,hand
hands,synonym,mitt
hands,synonym,paw
hands,part_meronym,finger
hands,part_meronym,palm
hands,part_meronym,ball
hands,part_holonym,arm
hands,part_holonym,man
hands,part_holonym,human
hands,hyponym,groom
hands,hypernym,writing
hands,hypernym,side
balconies,hypernym,structure
balconies,synonym,balcony
balconies,part_meronym,box
balconies,part_meronym,handrail
mustache,hyponym,toothbrush
mustache,synonym,moustache
mustache,part_holonym,beard
mustache,part_holonym,whiskers
jets,hypernym,airplane
jets,hypernym,plane
jets,synonym,jet
jets,hyponym,spray
jets,synonym,green
jets,synonym,fountain
wild,hyponym,bush
photos,hyponym,scene
photos,hyponym,frame
photos,hyponym,print
photos,synonym,photograph
photos,synonym,photo
photos,synonym,picture
vases,hypernym,jar
vases,hyponym,urn
vases,synonym,vase
vases,hypernym,tube
vases,synonym,vessel
edge,hyponym,limb
edge,synonym,border
edge,hypernym,line
edge,hyponym,fringe
edge,hyponym,border
edge,hyponym,rim
edge,hypernym,side
edge,hyponym,brim
edge,hyponym,lip
edge,hyponym,curb
edge,hyponym,molding
edge,hyponym,shoulder
edge,hyponym,roadside
court,hyponym,court
court,hypernym,room
court,part_meronym,bench
court,part_meronym,bar
court,hypernym,field
court,hypernym,hotel
court,hypernym,court
court,hypernym,area
court,synonym,courtyard
court,part_holonym,building
thigh,hypernym,limb
thigh,hyponym,lap
thigh,part_meronym,hip
thigh,part_holonym,leg
thigh,hypernym,portion
thigh,part_holonym,bird
bedroom,hypernym,room
bedroom,part_meronym,bed
bedroom,part_holonym,home
thumb,hypernym,finger
thumb,hypernym,covering
thumb,part_holonym,glove
thumb,hypernym,molding
3,hypernym,figure
3,synonym,three
3,synonym,leash
knot,hypernym,bunch
knot,hypernym,clump
knot,hyponym,bow
knot,hypernym,wood
knot,part_holonym,board
knot,part_holonym,plank
flyer,hypernym,ad
flyer,hypernym,advertisement
flyer,hypernym,advertising
flyer,synonym,bill
flyer,hyponym,pilot
pink,hyponym,rose
pink,hyponym,peach
pink,hypernym,flower
material,hyponym,conductor
material,hyponym,foam
material,hyponym,dust
material,hyponym,rock
material,hyponym,stone
material,hyponym,speck
material,hyponym,bedding
material,hyponym,litter
material,hyponym,color
material,hyponym,ground
material,hyponym,paper
material,synonym,stuff
material,hypernym,information
material,hyponym,wool
material,hyponym,cord
material,hyponym,jean
material,hyponym,duck
material,hyponym,print
material,hyponym,canvas
material,hyponym,hair
material,hyponym,canopy
material,hyponym,net
material,hyponym,mesh
material,hyponym,lace
material,synonym,fabric
material,synonym,cloth
material,hypernym,equipment
material,hyponym,railing
bag,hypernym,container
bag,hyponym,sack
bag,hyponym,skin
bag,hyponym,backpack
bag,hyponym,envelope
bag,hyponym,purse
bag,hyponym,home
bag,hyponym,plate
bag,synonym,base
bag,part_holonym,diamond
bag,synonym,handbag
bag,synonym,purse
bag,part_meronym,clasp
bag,hypernym,luggage
bag,synonym,grip
bag,synonym,suitcase
bag,part_holonym,cow
bag,synonym,dish
counter,hypernym,table
counter,hyponym,bar
counter,part_meronym,countertop
counter,hyponym,chip
counter,hypernym,furniture
counter,part_meronym,shelf
counter,part_meronym,drawer
counter,hypernym,person
counter,hypernym,someone
counter,hyponym,lip
counter,hyponym,mouth
counter,part_holonym,boot
counter,part_holonym,shoe
nails,hyponym,fingernail
nails,synonym,nail
nails,part_meronym,stem
nails,part_meronym,head
horn,part_holonym,ram
horn,part_holonym,goat
horn,part_holonym,bull
horn,hypernym,device
horn,part_holonym,car
horn,part_holonym,automobile
horn,part_holonym,machine
frosting,hypernym,topping
frosting,synonym,icing
frosting,synonym,ice
cabbage,part_holonym,cabbage
cabbage,synonym,bread
cabbage,synonym,dough
cabbage,synonym,lettuce
cabbage,synonym,sugar
cabbage,part_meronym,cabbage
belt,hypernym,loop
belt,hyponym,band
belt,hyponym,track
belt,hypernym,part
belt,hypernym,path
belt,hypernym,track
salt,hyponym,soda
salt,hypernym,seasoning
pump,hyponym,gun
pump,synonym,heart
pump,part_meronym,valve
pump,hypernym,shoe
pump,hyponym,spectator
chairs,hypernym,seat
chairs,hyponym,wheelchair
chairs,hyponym,armchair
chairs,synonym,chair
chairs,part_meronym,leg
chairs,part_meronym,back
chairs,hypernym,post
chairs,hypernym,office
chairs,hypernym,spot
chairs,hypernym,place
barriers,hyponym,handrail
barriers,hyponym,barricade
barriers,hyponym,fender
barriers,hyponym,wing
barriers,hyponym,fence
barriers,hyponym,fencing
barriers,hyponym,railing
barriers,hyponym,rail
barriers,hyponym,grate
barriers,synonym,barrier
barriers,hyponym,bar
barriers,hyponym,curtain
pizzas,hypernym,dish
pizzas,synonym,pizza
apples,synonym,apple
apples,part_holonym,apple
apples,part_meronym,apple
handlebar,hypernym,bar
handlebar,part_meronym,handle
handlebar,part_meronym,grip
handlebar,part_holonym,bicycle
handlebar,part_holonym,bike
handlebar,part_holonym,wheel
handlebar,part_holonym,cycle
stain,hypernym,color
stain,synonym,dirt
stain,synonym,soil
stain,hypernym,symbol
stain,synonym,mark
stain,synonym,brand
stain,synonym,spot
turkey,part_meronym,breast
riders,synonym,rider
riders,part_holonym,bill
riders,synonym,passenger
kid,hyponym,monkey
kid,hyponym,toddler
kid,synonym,child
kid,synonym,fry
kid,hypernym,leather
kid,hyponym,baby
kid,hypernym,goat
blender,hypernym,mixer
puppy,hypernym,dog
fixtures,synonym,fixture
sprinkle,hypernym,shower
cake,hypernym,block
cake,hyponym,tablet
cake,synonym,bar
cake,hypernym,dish
cake,hyponym,cookie
cake,hyponym,cupcake
cake,hyponym,pancake
a,hypernym,base
a,hypernym,letter
rider,part_holonym,bill
rider,synonym,passenger
fountain,hypernym,structure
fountain,synonym,jet
storefront,hypernym,front
storefront,part_holonym,shop
storefront,part_holonym,store
quilt,hypernym,bedding
quilt,synonym,comforter
hedges,hypernym,fence
hedges,hypernym,fencing
hedges,synonym,hedge
steeple,hypernym,tower
steeple,synonym,spire
letters,hypernym,text
letters,synonym,letter
letters,part_meronym,line
letters,hypernym,character
letters,hyponym,he
letters,hyponym,e
letters,hyponym,n
letters,hyponym,r
letters,hyponym,a
letters,hyponym,m
letters,hyponym,p
letters,hyponym,x
letters,hyponym,t
letters,hyponym,s
letters,hyponym,w
letters,hyponym,o
globe,part_meronym,air
globe,part_meronym,sky
globe,part_meronym,land
globe,part_meronym,ground
globe,synonym,ball
stump,hyponym,stool
stump,part_holonym,tree
stump,part_holonym,tooth
stump,part_holonym,limb
stump,hypernym,post
stump,hypernym,platform
stump,synonym,podium
chair,hypernym,seat
chair,hyponym,wheelchair
chair,hyponym,armchair
chair,part_meronym,leg
chair,part_meronym,back
chair,hypernym,post
chair,hypernym,office
chair,hypernym,spot
chair,hypernym,place
control,hyponym,valve
control,hyponym,switch
control,hyponym,dial
control,synonym,controller
control,hyponym,ceiling
control,hyponym,roof
control,hyponym,cap
control,hyponym,floor
control,hyponym,base
disc,synonym,disk
disc,synonym,platter
disc,hyponym,point
disc,hyponym,dot
disc,synonym,saucer
disc,hypernym,plate
disc,hypernym,circle
disc,hyponym,saucer
arm,hypernym,limb
arm,part_meronym,wrist
arm,part_meronym,hand
arm,part_meronym,mitt
arm,part_meronym,paw
arm,part_meronym,forearm
arm,part_meronym,elbow
arm,part_holonym,body
arm,part_holonym,man
arm,part_holonym,human
arm,synonym,branch
arm,synonym,limb
arm,hyponym,bow
arm,hyponym,gun
arm,hyponym,knife
arm,hyponym,blade
arm,hyponym,brand
arm,hyponym,steel
arm,part_holonym,arms
arm,hypernym,armrest
arm,part_holonym,armchair
arm,synonym,sleeve
arm,part_meronym,cuff
arm,part_meronym,wristband
bracelets,hypernym,band
bracelets,synonym,wristband
bracelets,synonym,bracelet
bracelets,part_meronym,clasp
wire,hypernym,conductor
wire,hyponym,cable
plank,synonym,board
plank,part_meronym,knot
plank,part_holonym,platform
footprint,hypernym,mark
footprint,hypernym,print
footprint,synonym,step
footprint,hypernym,shadow
footprint,hypernym,area
wallpaper,hypernym,paper
splash,hypernym,spot
splash,hypernym,patch
splash,hypernym,painting
stones,hyponym,sill
stones,hyponym,pebble
stones,hyponym,boulder
stones,synonym,rock
stones,synonym,stone
stones,hypernym,material
stones,hypernym,stuff
stones,hyponym,gravel
lock,hyponym,latch
lock,part_meronym,bolt
lock,part_holonym,lid
lock,part_holonym,door
lock,part_holonym,drawer
lock,part_holonym,gate
lock,hypernym,hair
lock,part_holonym,piece
lock,hypernym,enclosure
lock,part_holonym,canal
cucumbers,hypernym,melon
cucumbers,synonym,cucumber
cucumbers,part_meronym,cucumber
cucumbers,hypernym,vegetable
cucumbers,hypernym,veggie
cucumbers,part_holonym,cucumber
ridges,hyponym,bank
ridges,hyponym,ledge
ridges,hyponym,shelf
ridges,hyponym,bar
ridges,synonym,ridge
ridges,hypernym,beam
cardigan,hypernym,sweater
cardigan,part_meronym,zipper
pool,hypernym,lake
pool,synonym,pond
pool,hypernym,water
pool,synonym,puddle
pool,synonym,kitty
pool,hypernym,place
pool,hypernym,spot
characters,synonym,character
characters,synonym,part
characters,hypernym,adult
characters,synonym,case
characters,hyponym,space
characters,hyponym,star
characters,hyponym,letter
stuff,hyponym,conductor
stuff,hyponym,foam
stuff,hyponym,dust
stuff,hyponym,rock
stuff,hyponym,stone
stuff,hyponym,speck
stuff,hyponym,bedding
stuff,hyponym,litter
stuff,hyponym,color
stuff,hyponym,ground
stuff,hyponym,paper
stuff,synonym,material
stuff,hypernym,object
stuff,hypernym,information
stuff,hypernym,center
stuff,hypernym,heart
stuff,hypernym,meat
visor,part_holonym,helmet
visor,hypernym,brim
visor,synonym,bill
visor,synonym,peak
sticks,hyponym,bow
sticks,synonym,stick
sticks,hypernym,limb
sticks,hypernym,lever
sticks,hypernym,butter
sticks,hypernym,leg
sticks,synonym,pin
sticks,hypernym,cigarette
sticks,hypernym,butt
vehicles,synonym,vehicle
vehicles,part_meronym,dashboard
vehicles,hypernym,object
ham,hypernym,player
cockpit,hypernym,compartment
cockpit,part_meronym,canopy
cockpit,part_holonym,aircraft
cockpit,hypernym,seat
character,synonym,part
character,hypernym,adult
character,synonym,case
character,hyponym,space
character,hyponym,star
character,hyponym,letter
carriage,hypernym,car
carriage,synonym,coach
carriage,hyponym,coach
carriage,hyponym,buggy
carriage,hyponym,cab
carriage,hyponym,walk
carriage,synonym,stroller
laces,hypernym,cord
laces,hyponym,shoelace
laces,synonym,lace
laces,part_holonym,shoe
laces,hypernym,fabric
laces,hypernym,cloth
laces,hypernym,material
plates,hypernym,base
plates,hypernym,bag
plates,synonym,home
plates,synonym,plate
plates,hypernym,sheet
plates,hyponym,disk
plates,hyponym,disc
plates,hyponym,tap
plates,hypernym,crust
plates,hypernym,structure
plates,hyponym,comb
plates,part_holonym,tube
plates,part_holonym,structure
plates,hypernym,shield
plates,hyponym,shoe
plates,synonym,scale
plates,synonym,shell
plates,hyponym,bridge
doorknob,hypernym,knob
m,synonym,meter
m,synonym,yard
m,hypernym,letter
driveway,hypernym,road
stirrup,hypernym,support
stirrup,part_holonym,saddle
light,hyponym,sunlight
light,hyponym,sunshine
light,hyponym,sun
light,hyponym,beam
light,hyponym,streamer
light,hyponym,headlight
light,hypernym,view
light,hypernym,scene
light,synonym,lighting
light,hypernym,face
light,hyponym,stoplight
light,hypernym,device
light,hyponym,match
shirts,hyponym,jersey
shirts,synonym,shirt
cds,hypernym,metal
cds,synonym,candle
cds,synonym,cd
bun,hypernym,bread
bun,hyponym,bagel
bun,synonym,roll
crate,hypernym,box
cattle,hyponym,cow
cattle,hyponym,ox
cattle,hyponym,bull
cattle,hyponym,beef
cattle,hyponym,steer
cattle,synonym,cows
cattle,part_meronym,beef
place,hypernym,point
place,hyponym,end
place,hyponym,stop
place,hyponym,peak
place,hyponym,crown
place,hyponym,crest
place,hyponym,top
place,hyponym,tip
place,hyponym,pool
place,hyponym,puddle
place,synonym,spot
place,hyponym,center
place,hyponym,layer
place,hypernym,office
place,hypernym,part
place,synonym,shoes
place,synonym,home
place,hypernym,business
place,hypernym,line
place,hyponym,chair
place,synonym,post
place,synonym,office
place,hyponym,front
place,hyponym,right
place,hyponym,wing
place,hyponym,left
place,hyponym,station
place,hyponym,post
place,hyponym,back
place,hyponym,rear
place,hyponym,stand
place,synonym,station
place,hypernym,space
place,synonym,seat
place,hypernym,square
place,hypernym,item
place,hypernym,area
place,synonym,space
bristle,part_holonym,brush
bristle,hypernym,hair
cat,hypernym,man
cat,synonym,guy
cat,hypernym,woman
cat,hyponym,lion
egg,synonym,eggs
egg,part_meronym,shell
egg,part_meronym,white
egg,synonym,ball
egg,synonym,nut
gutter,hyponym,slide
gutter,synonym,trough
gutter,synonym,toilet
gutter,hypernym,worker
balloon,part_meronym,envelope
balloon,hypernym,toy
grill,hypernym,restaurant
covers,hypernym,covering
covers,hyponym,blind
covers,synonym,screen
covers,synonym,cover
covers,hypernym,bedding
covers,synonym,blanket
covers,synonym,covering
covers,synonym,back
covers,part_holonym,book
covers,hyponym,shell
covers,hyponym,case
covers,hyponym,crust
covers,hyponym,envelope
covers,hyponym,blanket
covers,hyponym,mantle
covers,hyponym,hood
covers,hyponym,cap
covers,hyponym,bark
covers,hyponym,scale
covers,hyponym,roof
covers,hyponym,lid
covers,synonym,top
covers,hypernym,fire
sheep,hyponym,ram
skyscraper,hypernym,building
signboard,hypernym,structure
signboard,hyponym,scoreboard
signboard,hyponym,billboard
signboard,hyponym,shingle
signboard,synonym,sign
garden,hypernym,patch
garden,hypernym,vegetation
garden,hypernym,yard
garden,part_meronym,patio
carrot,part_holonym,carrot
carrot,hypernym,herb
carrot,part_meronym,carrot
station,hyponym,terminal
station,synonym,place
station,hypernym,place
station,synonym,post
curb,hypernym,edge
curb,synonym,bridle
track,hypernym,line
track,hyponym,steps
track,hyponym,belt
track,hyponym,trail
track,synonym,path
track,synonym,trail
track,hyponym,railroad
track,hyponym,railway
track,hypernym,belt
track,hypernym,path
track,hypernym,bar
track,synonym,rail
track,synonym,rails
track,synonym,runway
track,part_holonym,railroad
track,part_holonym,railway
track,hypernym,road
stabilizer,hypernym,surface
stabilizer,part_holonym,tail
stabilizer,hypernym,device
stabilizer,hyponym,fin
triangle,hypernym,shape
step,hyponym,guard
step,hypernym,support
step,synonym,stair
step,part_holonym,stairway
step,part_holonym,staircase
step,hypernym,mark
step,hypernym,print
step,synonym,footprint
step,hypernym,block
structure,hyponym,arch
structure,hyponym,floor
structure,hyponym,balcony
structure,hyponym,platform
structure,hyponym,cross
structure,hyponym,building
structure,hyponym,porch
structure,hyponym,shelter
structure,hyponym,column
structure,hyponym,pillar
structure,hyponym,mound
structure,hyponym,hill
structure,hyponym,corner
structure,hyponym,bridge
structure,hyponym,monument
structure,hyponym,stadium
structure,hyponym,bowl
structure,hyponym,tower
structure,hyponym,area
structure,hyponym,door
structure,hyponym,partition
structure,hyponym,divider
structure,hyponym,sail
structure,hyponym,fountain
structure,hyponym,body
structure,hyponym,signboard
structure,hyponym,sign
structure,part_meronym,plate
structure,part_meronym,base
structure,part_meronym,foot
structure,hyponym,fabric
structure,hyponym,shape
structure,hyponym,pattern
structure,hyponym,blade
structure,hyponym,plate
structure,hyponym,tube
structure,hyponym,valve
structure,hyponym,head
structure,hyponym,layer
structure,hyponym,bulb
structure,hyponym,ball
structure,hyponym,pad
structure,hyponym,tooth
four,hypernym,figure
four,synonym,4
four,hypernym,spot
onion,hypernym,bulb
onion,part_holonym,onion
onion,part_meronym,onion
onion,hypernym,vegetable
onion,hypernym,veggie
flowers,hyponym,sunflower
flowers,hyponym,pink
flowers,synonym,flower
flowers,hyponym,floret
flowers,hyponym,bud
flowers,synonym,peak
clouds,hyponym,mushroom
clouds,synonym,cloud
clouds,part_holonym,sky
clouds,hypernym,group
dome,synonym,bean
dome,synonym,noodle
dome,hypernym,stadium
dome,hypernym,bowl
dome,hypernym,roof
fabric,hyponym,wool
fabric,hyponym,cord
fabric,hyponym,jean
fabric,hyponym,duck
fabric,hyponym,print
fabric,hyponym,canvas
fabric,hyponym,hair
fabric,hyponym,canopy
fabric,hyponym,net
fabric,hyponym,mesh
fabric,hyponym,lace
fabric,synonym,cloth
fabric,synonym,material
fabric,hypernym,structure
lawn,hypernym,field
lion,hypernym,cat
lion,part_meronym,mane
lion,hypernym,person
lion,hypernym,someone
collar,hypernym,band
collar,part_holonym,neck
collar,hypernym,ring
collar,hypernym,brim
collar,hypernym,rim
collar,hypernym,lip
collar,part_holonym,boot
collar,part_holonym,shoe
collar,hypernym,necklace
collar,synonym,leash
bowls,part_meronym,bowl
bowls,hypernym,vessel
bowls,synonym,bowl
bowls,synonym,trough
bowls,hypernym,dish
bowls,hypernym,structure
bowls,hyponym,dome
bowls,hyponym,park
bowls,synonym,stadium
bowls,part_meronym,field
bowls,part_meronym,stand
bowls,hypernym,ball
bowls,part_holonym,bowls
bowls,hypernym,container
bowls,part_holonym,pipe
bowls,synonym,roll
lot,synonym,mountain
lot,synonym,pile
lot,synonym,pot
lot,synonym,raft
lot,synonym,stack
lot,hyponym,park
lot,hyponym,pack
lot,synonym,set
lot,synonym,circle
lot,synonym,band
lot,synonym,portion
lot,hypernym,object
lot,synonym,bunch
pan,hyponym,skillet
pan,hypernym,container
mixer,hypernym,beverage
mixer,hypernym,drink
mixer,hyponym,blender
stoplight,hypernym,light
trunk,hypernym,stalk
trunk,hypernym,stem
trunk,part_meronym,bark
trunk,part_holonym,tree
trunk,hypernym,luggage
trunk,synonym,torso
trunk,synonym,body
trunk,part_meronym,shoulder
trunk,part_meronym,belly
trunk,part_meronym,cheek
trunk,part_meronym,side
trunk,part_meronym,chest
trunk,part_meronym,stomach
trunk,part_meronym,back
trunk,part_meronym,hip
trunk,part_meronym,middle
trunk,part_meronym,waist
trunk,part_meronym,butt
trunk,part_meronym,backside
trunk,part_meronym,buns
trunk,part_meronym,can
trunk,part_meronym,rear
trunk,part_meronym,seat
trunk,part_meronym,tail
trunk,part_meronym,bottom
trunk,part_holonym,body
trunk,hypernym,compartment
trunk,hyponym,boot
trunk,part_holonym,car
trunk,part_holonym,automobile
trunk,part_holonym,machine
trunk,hypernym,snout
trunk,part_holonym,elephant
crown,hypernym,symbol
crown,hypernym,top
crown,part_holonym,tooth
crown,hypernym,wreath
crown,hypernym,peak
crown,part_holonym,hat
crown,part_holonym,lid
crown,part_holonym,tree
crown,hypernym,place
crown,hypernym,spot
crown,synonym,peak
crown,synonym,crest
crown,synonym,top
crown,synonym,tip
crown,synonym,jacket
crown,synonym,cap
crown,part_holonym,road
tomatoes,synonym,tomato
tomatoes,part_holonym,tomato
tomatoes,hypernym,herb
tomatoes,part_meronym,tomato
shirt,hyponym,jersey
envelope,hypernym,container
envelope,hypernym,wrap
envelope,hypernym,wrapper
envelope,hypernym,curve
envelope,hypernym,covering
envelope,hypernym,cover
envelope,hypernym,bag
envelope,part_holonym,balloon
skylight,hypernym,window
stack,hypernym,pile
stack,hypernym,mound
stack,synonym,lot
stack,synonym,mountain
stack,synonym,pile
stack,synonym,pot
stack,synonym,raft
stack,hypernym,chimney
cones,synonym,cone
cones,part_meronym,point
cones,part_meronym,tip
cones,part_meronym,peak
peak,synonym,flower
peak,hypernym,stage
peak,hypernym,point
peak,synonym,top
peak,hypernym,place
peak,hypernym,spot
peak,synonym,crown
peak,synonym,crest
peak,synonym,tip
peak,hyponym,head
peak,synonym,point
peak,part_holonym,blade
peak,part_holonym,brand
peak,part_holonym,steel
peak,part_holonym,cone
peak,part_holonym,pencil
peak,part_holonym,knife
peak,hyponym,crown
peak,hypernym,brim
peak,synonym,bill
peak,synonym,visor
claw,synonym,hook
buoy,hyponym,can
garlic,part_meronym,garlic
garlic,hypernym,seasoning
garlic,part_holonym,garlic
buggy,hypernym,carriage
lady,hypernym,woman
ankle,part_holonym,leg
4,hypernym,figure
4,synonym,four
turf,hypernym,land
turf,hypernym,ground
turf,hypernym,soil
chips,hypernym,potato
chips,synonym,fries
chips,hyponym,scale
chips,synonym,chip
chips,hypernym,counter
chips,part_holonym,computer
mantle,hypernym,symbol
mantle,hypernym,layer
mantle,hypernym,covering
mantle,hypernym,cover
mantle,synonym,blanket
mantle,hypernym,shelf
mantle,part_holonym,fireplace
mantle,hypernym,blind
mantle,hypernym,screen
mantle,synonym,curtain
mantle,synonym,drape
mantle,synonym,cape
vest,synonym,undershirt
boulders,hypernym,rock
boulders,hypernym,stone
boulders,synonym,boulder
girl,hypernym,woman
girl,hyponym,baby
girl,hyponym,doll
girl,hyponym,skirt
girl,hyponym,bird
girl,hypernym,female
sleeve,synonym,arm
sleeve,part_meronym,elbow
sleeve,part_meronym,cuff
sleeve,part_meronym,wristband
sleeve,hypernym,case
side,hypernym,part
side,hyponym,hand
side,hypernym,unit
side,hypernym,area
side,part_holonym,torso
side,part_holonym,trunk
side,part_holonym,body
side,hypernym,surface
side,hyponym,top
side,hyponym,front
side,hyponym,bottom
side,hyponym,underside
side,hyponym,rear
side,hyponym,backside
side,synonym,face
side,hyponym,back
side,hyponym,beam
side,hyponym,edge
side,hypernym,line
side,hypernym,view
side,hyponym,hillside
side,hyponym,bank
side,hyponym,mountainside
side,synonym,slope
mug,synonym,mark
mug,hypernym,face
mug,part_meronym,handle
mug,part_meronym,grip
bird,hyponym,hen
bird,hyponym,parrot
bird,part_meronym,feather
bird,part_meronym,bird
bird,part_meronym,beak
bird,part_meronym,bill
bird,part_meronym,wing
bird,hypernym,meat
bird,part_meronym,thigh
bird,part_holonym,bird
bird,hypernym,girl
bird,synonym,doll
bird,synonym,skirt
bird,synonym,raspberry
ceiling,part_holonym,hallway
ceiling,part_holonym,room
ceiling,hypernym,control
ceiling,synonym,roof
ceiling,synonym,cap
pastry,hypernym,dough
pastry,hyponym,pie
canopy,hypernym,covering
canopy,part_holonym,cockpit
canopy,hypernym,fabric
canopy,hypernym,cloth
canopy,hypernym,material
canopy,part_holonym,parachute
canopy,hypernym,shelter
canopy,hyponym,umbrella
canopy,hyponym,awning
lamppost,hypernym,post
lamppost,part_holonym,streetlight
female,hypernym,animal
female,hyponym,hen
female,hypernym,person
female,hypernym,someone
female,hyponym,woman
female,hyponym,girl
tags,hypernym,label
tags,synonym,tag
tags,synonym,rag
fork,hypernym,branch
fork,hypernym,leg
fork,hypernym,tool
fork,part_holonym,body
concrete,hypernym,pavement
concrete,hyponym,cement
refrigerator,hyponym,fridge
refrigerator,hyponym,cooler
leg,hypernym,limb
leg,hyponym,pin
leg,hyponym,stick
leg,part_meronym,foot
leg,part_meronym,thigh
leg,part_meronym,knee
leg,part_meronym,ankle
leg,part_holonym,body
leg,hypernym,support
leg,part_holonym,tripod
leg,part_holonym,chair
leg,part_holonym,table
leg,hyponym,fork
leg,synonym,branch
leg,part_meronym,cuff
leg,part_holonym,trouser
leg,part_holonym,pant
leg,hypernym,distance
leg,synonym,stage
engines,hypernym,motor
engines,synonym,engine
engines,part_meronym,gear
engines,part_meronym,train
engines,synonym,locomotive
engines,part_meronym,fender
engines,part_meronym,pilot
animals,hyponym,adult
animals,hyponym,male
animals,hyponym,game
animals,hyponym,feeder
animals,hyponym,female
animals,synonym,animal
animals,part_meronym,face
animals,part_meronym,head
comb,hypernym,device
comb,part_meronym,tooth
comb,hypernym,crest
comb,hypernym,tool
comb,hypernym,plate
pebbles,hypernym,rock
pebbles,hypernym,stone
pebbles,synonym,pebble
bathtub,hypernym,vessel
bathtub,synonym,tub
bathtub,part_holonym,bathroom
calf,hypernym,leather
lines,hyponym,row
lines,synonym,line
lines,hypernym,mark
lines,hypernym,print
lines,hypernym,shape
lines,hyponym,edge
lines,hyponym,curve
lines,hypernym,text
lines,hyponym,head
lines,hyponym,words
lines,part_holonym,letter
lines,hyponym,front
lines,hypernym,conductor
lines,synonym,cable
lines,part_holonym,cable
lines,hyponym,stream
lines,hyponym,path
lines,hyponym,crest
lines,hyponym,track
lines,hyponym,watermark
lines,hyponym,part
lines,hyponym,side
lines,hyponym,horizon
lines,hyponym,skyline
lines,synonym,wrinkle
lines,synonym,crease
lines,synonym,seam
lines,part_holonym,skin
lines,hypernym,pipe
lines,hypernym,road
lines,part_meronym,railroad
lines,part_meronym,railway
lines,hyponym,family
lines,hyponym,rope
lines,hyponym,cord
lines,hyponym,sheet
lines,hyponym,lanyard
lines,hyponym,post
lines,hyponym,office
lines,hyponym,spot
lines,hyponym,place
lines,hyponym,game
lines,hyponym,land
lines,synonym,business
lines,hyponym,link
lines,hyponym,lens
lines,hypernym,carrier
lines,hyponym,railway
lines,hyponym,railroad
lines,synonym,air
lines,synonym,note
airplanes,hyponym,jet
airplanes,synonym,airplane
airplanes,synonym,plane
airplanes,part_meronym,fuselage
airplanes,part_meronym,windshield
airplanes,part_meronym,gun
airplanes,part_meronym,wing
airplanes,part_meronym,hood
plug,hypernym,block
plug,hypernym,stop
plug,hyponym,tap
plug,hypernym,hydrant
plug,hypernym,horse
lemons,synonym,lemon
lemons,part_holonym,lemon
lemons,hypernym,yellow
lemons,part_meronym,lemon
lemons,hypernym,relish
tower,hypernym,structure
tower,hyponym,pylon
tower,hyponym,steeple
tower,hyponym,spire
tower,hyponym,lighthouse
tower,hypernym,shape
tower,synonym,column
tower,synonym,pillar
tower,hypernym,boat
o,hypernym,letter
sole,hypernym,bottom
sole,hypernym,underside
sole,part_meronym,waist
sole,part_holonym,sole
sole,hypernym,area
sole,part_meronym,ball
sole,part_holonym,foot
sole,part_meronym,sole
2,hypernym,figure
2,hyponym,couple
2,hyponym,pair
2,hyponym,brace
2,synonym,two
shadows,hypernym,shade
shadows,synonym,shadow
shadows,hypernym,scene
shadows,synonym,dark
shadows,hyponym,shade
shadows,hyponym,footprint
shadows,synonym,tail
ribbon,hypernym,object
ribbon,hyponym,blade
ribbon,synonym,thread
ribbon,synonym,decoration
ribbon,synonym,palm
ribbon,hypernym,strip
folder,hypernym,book
folder,hypernym,covering
someone,hyponym,child
someone,hyponym,baby
someone,hyponym,divider
someone,hyponym,case
someone,hyponym,controller
someone,hyponym,ostrich
someone,hyponym,machine
someone,hyponym,counter
someone,hyponym,worker
someone,hyponym,mouse
someone,hyponym,comforter
someone,hyponym,image
someone,hyponym,female
someone,hyponym,adult
someone,hyponym,dresser
someone,hyponym,shaker
someone,hyponym,beard
someone,hyponym,man
someone,hyponym,face
someone,hyponym,player
someone,hyponym,sweater
someone,hyponym,male
someone,hyponym,match
someone,synonym,person
someone,part_meronym,figure
someone,part_meronym,shape
someone,part_meronym,frame
planter,hypernym,worker
planter,hypernym,pot
baskets,hypernym,container
baskets,synonym,basket
baskets,hypernym,goal
boardwalk,hypernym,walk
boardwalk,hypernym,walkway
kitty,synonym,pool
kitty,synonym,pot
kitty,synonym,kitten
unit,hyponym,point
unit,hypernym,part
unit,hypernym,portion
unit,hyponym,side
unit,hyponym,family
unit,hyponym,house
unit,hyponym,home
unit,hyponym,team
unit,hyponym,outfit
unit,hyponym,one
unit,hypernym,thing
unit,hyponym,chain
unit,hyponym,couple
unit,hyponym,group
unit,part_meronym,part
unit,part_meronym,piece
unit,hypernym,object
unit,hyponym,item
unit,part_meronym,portion
unit,part_meronym,section
tripod,hypernym,rack
tripod,hypernym,stand
tripod,part_meronym,leg
porch,hypernym,structure
porch,hyponym,deck
porch,part_holonym,house
shutters,synonym,shutter
shutters,part_holonym,camera
shutters,hypernym,blind
shutters,hypernym,screen
stripe,synonym,band
stripe,hypernym,badge
stripe,synonym,stripes
stripe,hypernym,marking
stripe,hyponym,band
stripe,synonym,streak
stripe,synonym,bar
roadside,hypernym,edge
child,hyponym,monkey
child,hyponym,toddler
child,synonym,kid
child,synonym,fry
child,hyponym,baby
child,hypernym,person
child,hypernym,someone
child,synonym,baby
5,hypernym,figure
5,synonym,fin
necklace,hyponym,collar
necklace,hyponym,chain
necklace,hyponym,string
necklace,part_meronym,pendant
jars,hypernym,vessel
jars,hyponym,vase
jars,synonym,jar
jars,part_meronym,lid
jars,part_meronym,mouth
sleeves,synonym,sleeve
sleeves,synonym,arm
sleeves,part_meronym,elbow
sleeves,part_meronym,cuff
sleeves,part_meronym,wristband
sleeves,hypernym,case
